CÓDIGO SINIESTRO,FECHA SINIESTRO,HORA SINIESTRO,CLASE SINIESTRO,CANTIDAD DE FALLECIDOS,CANTIDAD DE LESIONADOS,CANTIDAD DE VEHICULOS DAÑADOS,DEPARTAMENTO,PROVINCIA,DISTRITO,ZONA,TIPO DE VÍA,RED VIAL,COD CARRETERA,EXISTE CICLOVÍA,COORDENADAS LATITUD,COORDENADAS  LONGITUD,CONDICIÓN CLIMÁTICA,ZONIFICACIÓN,CARACTERÍSTICAS DE VÍA,PERFIL LONGITUDINAL VÍA,SUPERFICIE DE CALZADA,¿EXISTE SEÑAL VERTICAL?,CLASIFICACIÓN DE LA SEÑAL VERTICAL Nº 1,CLASIFICACIÓN DE LA SEÑAL VERTICAL Nº 2,¿EXISTE SEÑAL HORIZONTAL?,CAUSA FACTOR PRINCIPAL,CAUSA ESPECÍFICA
A-2023-07-123,01/07/2023,05:30,ATROPELLO FUGA,1,0,,LIMA,LIMA,VILLA MARIA DEL TRIUNFO,RURAL,AVENIDA,URBANO,NO CORRESPONDE,NO,-12.17406405,-76.91577526,DESPEJADO,RURAL,TRAMO RECTO,INCLINADA,ASFALTADA,,,,,EN PROCESO DE INVESTIGACIÓN,NO CUENTA CON CAUSA ESPECIFICA
A-2023-07-124,01/07/2023,10:40,ATROPELLO,1,0,,LIMA,LIMA,SAN MIGUEL,URBANA,AVENIDA,URBANO,NO CORRESPONDE,NO,-12.08921167,-77.08538817,DESPEJADO,RESIDENCIAL,INTERSECCIÓN,PLANA ,ASFALTADA,NO,,,SI,EN PROCESO DE INVESTIGACIÓN,NO CUENTA CON CAUSA ESPECIFICA
A-2023-07-170,01/07/2023,11:00,ATROPELLO,1,0,1,AYACUCHO,HUANTA,HUANTA,URBANA,CARRETERA,VECINAL,AY-619,NO,-12.9428217,-74.2459397,DESPEJADO,RESIDENCIAL,TRAMO RECTO,PLANA ,ASFALTADA,,,,,IMPRUDENCIA DEL CONDUCTOR,EXCESO DE VELOCIDAD
A-2023-07-37,01/07/2023,19:00,CHOQUE,1,0,2,CUSCO,ESPINAR,CONDOROMA,RURAL,CARRETERA,NACIONAL,PE-34J,NO,-15.34732,-71.10871,DESPEJADO,RURAL,CURVA,PLANA ,ASFALTADA,SI,PREVENTIVA (P),,SI,IMPRUDENCIA DEL CONDUCTOR,OTRO (IMPRUDENCIA DEL CONDUCTOR)
A-2023-07-136,01/07/2023,22:30,ATROPELLO,1,0,,LIMA,LIMA,SANTIAGO DE SURCO,URBANA,CARRETERA,NACIONAL,PE-1S,NO,-12.11145463,-76.97827634,DESPEJADO,COMERCIAL,TRAMO RECTO,INCLINADA,ASFALTADA,SI,PREVENTIVA (P),,NO,EN PROCESO DE INVESTIGACIÓN,NO CUENTA CON CAUSA ESPECIFICA
A-2021-08-1,01/08/2021,05:30,ATROPELLO,2,1,2,ICA,ICA,SANTIAGO,RURAL,CARRETERA,NACIONAL,PE-1S,NO,-14.206483,-75.714058,DESPEJADO,RURAL,TRAMO RECTO,PLANA ,ASFALTADA,NO,,,NO,NO IDENTIFICA LA CAUSA,
A-2021-08-6,01/08/2021,07:20,VOLCADURA,1,0,1,CAJAMARCA,CONTUMAZA,YONAN,RURAL,CARRETERA,NACIONAL,PE-08,NO,-7.253871,-79.079097,DESPEJADO,RURAL,CURVA,PLANA ,ASFALTADA,NO,,,SI,IMPRUDENCIA DEL CONDUCTOR,EXCESO DE VELOCIDAD
A-2021-08-162,01/08/2021,10:00,ATROPELLO,1,1,2,CUSCO,CANCHIS,SICUANI,URBANA,CARRETERA,NACIONAL,PE-3S,NO,-14.22136,-71.28799,DESPEJADO,RESIDENCIAL,TRAMO RECTO,PLANA ,ASFALTADA,NO,,,SI,IMPRUDENCIA DEL CONDUCTOR,EXCESO DE VELOCIDAD
A-2021-08-183,01/08/2021,10:30,CHOQUE,1,0,2,PUNO,SAN ROMAN,CARACOTO,RURAL,CARRETERA,DEPARTAMENTAL,PU-120,NO,-15.5190984,-70.0857448,DESPEJADO,RURAL,TRAMO RECTO,PLANA ,ASFALTADA,,,,,IMPRUDENCIA DEL CONDUCTOR,EXCESO DE VELOCIDAD
A-2021-08-121,01/08/2021,12:20,ATROPELLO,1,0,1,LAMBAYEQUE,LAMBAYEQUE,MORROPE,URBANA,CARRETERA,NACIONAL,PE-1N,NO,-6.595664,-79.976538,DESPEJADO,RESIDENCIAL,TRAMO RECTO,PLANA ,ASFALTADA,,,,,NO IDENTIFICA LA CAUSA,
A-2021-08-185,01/08/2021,15:30,CHOQUE,1,0,2,PUNO,CARABAYA,MACUSANI,RURAL,CARRETERA,NACIONAL,PE-34B,NO,-14.1704231,-70.3346811,DESPEJADO,RURAL,TRAMO RECTO,PLANA ,ASFALTADA,,,,,IMPRUDENCIA DEL CONDUCTOR,CONDUCIR EN SENTIDO CONTRARIO
A-2021-08-17,01/08/2021,16:55,ATROPELLO FUGA,1,0,0,PIURA,HUANCABAMBA,HUANCABAMBA,RURAL,CARRETERA,NACIONAL,PE-02A,NO,-5.25665757,-79.46255343,DESPEJADO,RURAL,TRAMO RECTO,PLANA ,ASFALTADA,,,,,NO IDENTIFICA LA CAUSA,
A-2021-08-3,01/08/2021,17:30,CHOQUE,1,0,2,ANCASH,RECUAY,RECUAY,RURAL,CARRETERA,NACIONAL,PE-3N,NO,-9.723791969787198,-77.45699374041939,DESPEJADO,RURAL,SINUOSA,INCLINADA,ASFALTADA,SI,PREVENTIVA (P),PREVENTIVA (P),SI,IMPRUDENCIA DEL CONDUCTOR,INVASIÓN DE CARRIL
A-2021-08-215,01/08/2021,19:00,CHOQUE CON OBJETO FIJO,1,0,1,LIMA,LIMA,SAN MARTIN DE PORRES,URBANA,CARRETERA,NACIONAL,PE-1N,NO,-12.020936452251252,-77.05918365829173,DESPEJADO,ESCOLAR,PUENTE,PLANA ,ASFALTADA,,,,,NO IDENTIFICA LA CAUSA,
A-2021-08-9,01/08/2021,19:00,ATROPELLO FUGA,1,0,0,AREQUIPA,AREQUIPA,LA JOYA,RURAL,CARRETERA,DEPARTAMENTAL,AR-114,NO,-16.456416,-71.843513,DESPEJADO,RURAL,CURVA,PLANA ,ASFALTADA,NO,,,SI,NO IDENTIFICA LA CAUSA,
A-2021-08-2,01/08/2021,21:00,CHOQUE FUGA,1,0,1,PUNO,CHUCUITO,ZEPITA,RURAL,CARRETERA,SIN CLASIFICAR,SIN CLASIFICAR,NO,-16.537059264974175,-69.09898637882296,DESPEJADO,RURAL,OTRO,INCLINADA,TROCHA,,,,,IMPRUDENCIA DEL CONDUCTOR,EXCESO DE VELOCIDAD
A-2022-08-261,01/08/2022,04:15,CHOQUE,2,7,,MADRE DE DIOS,TAMBOPATA,TAMBOPATA,RURAL,CARRETERA,NACIONAL,PE-30C,,-12.659232,-69.319099,,,,,,,,,,,
A-2022-08-252,01/08/2022,05:30,DESPISTE,1,3,,JUNIN,TARMA,PALCA,RURAL,CARRETERA,VECINAL,JU-604,NO,-11.305549996282144,-75.5701446138607,LLUVIOSO,RURAL,OTRO,INCLINADA,TROCHA,,,,,IMPRUDENCIA DEL CONDUCTOR,OTRO (IMPRUDENCIA DEL CONDUCTOR)
A-2022-08-6,01/08/2022,06:00,CHOQUE,1,0,1,LA LIBERTAD,VIRU,VIRU,RURAL,CARRETERA,NACIONAL,PE-1N,NO,-8.471488042913176,-78.71155052733202,DESPEJADO,RURAL,TRAMO RECTO,PLANA ,ASFALTADA,,,,,IMPRUDENCIA DEL CONDUCTOR,ADELANTAR INDEBIDAMENTE
A-2022-08-44,01/08/2022,16:30,CHOQUE,1,0,2,CUSCO,URUBAMBA,MARAS,RURAL,CARRETERA,NACIONAL,PE-28F,NO,-13.375879,-72.11607,DESPEJADO,RURAL,SINUOSA,INCLINADA,ASFALTADA,SI,PREVENTIVA (P),PREVENTIVA (P),SI,IMPRUDENCIA DEL CONDUCTOR,INVASIÓN DE CARRIL
A-2023-08-68,01/08/2023,05:30,ATROPELLO FUGA,1,0,,PUNO,AZANGARO,POTONI,RURAL,CARRETERA,DEPARTAMENTAL,PU-139,NO,-14.453074246843151,-70.09179431992087,DESPEJADO,RURAL,TRAMO RECTO,PLANA ,ASFALTADA,,,,,IMPRUDENCIA DEL CONDUCTOR,OTRO (IMPRUDENCIA DEL CONDUCTOR)
A-2023-08-85,01/08/2023,11:10,CHOQUE,1,0,,LIMA,LIMA,COMAS,URBANA,AVENIDA,URBANO,NO CORRESPONDE,NO,-11.9111118,-77.0456108,DESPEJADO,COMERCIAL,TRAMO RECTO,PLANA ,ASFALTADA,SI,PREVENTIVA (P),,SI,EN PROCESO DE INVESTIGACIÓN,NO CUENTA CON CAUSA ESPECIFICA
A-2021-09-4,01/09/2021,04:00,DESPISTE,1,0,1,LA LIBERTAD,TRUJILLO,TRUJILLO,URBANA,AVENIDA,URBANO,NO CORRESPONDE,NO,-8.117029,-79.032235,DESPEJADO,COMERCIAL,TRAMO RECTO,PLANA ,ASFALTADA,,,,,NO IDENTIFICA LA CAUSA,
A-2021-09-240,01/09/2021,05:40,CHOQUE,2,0,2,LIMA,BARRANCA,PARAMONGA,RURAL,CARRETERA,NACIONAL,PE-1N,NO,-10.599986435299567,-77.87112052775612,LLUVIOSO,RURAL,TRAMO RECTO,PLANA ,ASFALTADA,,,,,NO IDENTIFICA LA CAUSA,
A-2021-09-176,01/09/2021,07:42,ATROPELLO,1,0,1,CUSCO,CUSCO,SANTIAGO,URBANA,AVENIDA,URBANO,NO CORRESPONDE,NO,-13.5228258,-71.983837,DESPEJADO,RESIDENCIAL,CURVA,INCLINADA,ASFALTADA,SI,REGULADORA (R),,SI,IMPRUDENCIA DEL CONDUCTOR,OTRO (IMPRUDENCIA DEL CONDUCTOR)
A-2021-09-51,01/09/2021,17:30,ATROPELLO,1,0,,LIMA,LIMA,ANCON,URBANA,AVENIDA,URBANO,NO CORRESPONDE,NO,-11.81507,-77.1277,NUBLADO,RESIDENCIAL,TRAMO RECTO,PLANA ,ASFALTADA,,,,,IMPRUDENCIA DEL PEATÓN,OTRO (IMPRUDENCIA DEL PEATÓN)
A-2021-09-8,01/09/2021,17:30,CHOQUE,1,1,2,CAJAMARCA,SAN PABLO,TUMBADEN,RURAL,CARRETERA,VECINAL,CA-1262,NO,-6.943632,-78.685338,DESPEJADO,RURAL,CURVA,INCLINADA,AFIRMADO,,,,,IMPRUDENCIA DEL CONDUCTOR,EXCESO DE VELOCIDAD
A-2021-09-52,01/09/2021,17:45,ATROPELLO,1,0,0,LIMA,LIMA,SAN JUAN DE MIRAFLORES,URBANA,AVENIDA,URBANO,NO CORRESPONDE,SI,-12.159394810974108,-76.95887978807589,DESPEJADO,COMERCIAL,INTERSECCIÓN,PLANA ,ASFALTADA,SI,PREVENTIVA (P),PREVENTIVA (P),NO,IMPRUDENCIA DEL CONDUCTOR,DESACATO DE SEÑAL DE TRÁNSITO
A-2021-09-6,01/09/2021,18:00,DESPISTE,1,0,1,PUNO,EL COLLAO,ILAVE,RURAL,CARRETERA,NACIONAL,PE-38A,NO,-16.22351356304293,-69.67727820219523,DESPEJADO,RURAL,TRAMO RECTO,PLANA ,ASFALTADA,,,,,INFRAESTRUCTURA Y ENTORNO VIAL,OTRO (INFRAESTRUCTURA Y ENTORNO VIAL)
A-2021-09-113,01/09/2021,18:30,ATROPELLO,1,0,1,CUSCO,CALCA,LAMAY,RURAL,CARRETERA,NACIONAL,PE-28B,NO,-13.375819,-71.916846,DESPEJADO,RURAL,TRAMO RECTO,PLANA ,ASFALTADA,,,,,IMPRUDENCIA DEL CONDUCTOR,EXCESO DE VELOCIDAD
A-2021-09-58,01/09/2021,19:00,CAÍDA DE PASAJERO,1,0,1,CUSCO,CANCHIS,COMBAPATA,RURAL,CARRETERA,VECINAL,CU-1452,NO,-14.082319,-71.366155,SOLEADO,RURAL,OTRO,PLANA ,TROCHA,,,,,IMPRUDENCIA DEL CONDUCTOR,CONDUCIR EN ESTADO DE EBRIEDAD Y/O DROGADICCIÓN
A-2021-09-7,01/09/2021,19:30,CHOQUE,1,1,2,PUNO,CHUCUITO,ZEPITA,RURAL,CARRETERA,NACIONAL,PE-3S,NO,-16.453691272636267,-69.14991796620194,DESPEJADO,RURAL,CURVA,PLANA ,ASFALTADA,SI,PREVENTIVA (P),REGULADORA (R),SI,IMPRUDENCIA DEL CONDUCTOR,ADELANTAR INDEBIDAMENTE
A-2022-09-222,01/09/2022,03:30,DESPISTE,2,0,1,HUANUCO,LAURICOCHA,SAN FRANCISCO DE ASIS,RURAL,CARRETERA,DEPARTAMENTAL,HU-110,NO,-9.9785672,-76.6737712,DESPEJADO,RURAL,CURVA,INCLINADA,TROCHA,,,,,IMPRUDENCIA DEL CONDUCTOR,CONDUCIR EN ESTADO DE EBRIEDAD Y/O DROGADICCIÓN
A-2022-09-237,01/09/2022,10:48,CHOQUE,1,2,2,MADRE DE DIOS,TAMBOPATA,TAMBOPATA,URBANA,CARRETERA,VECINAL,MD-566,NO,-12.599686,-69.197185,DESPEJADO,COMERCIAL,INTERSECCIÓN,PLANA ,CONCRETO,NO,,,NO,IMPRUDENCIA DEL CONDUCTOR,OTRO (IMPRUDENCIA DEL CONDUCTOR)
A-2023-09-66,01/09/2023,04:00,ATROPELLO FUGA,1,0,,PUNO,HUANCANE,PUSI,RURAL,CARRETERA,NACIONAL,PE-34H,NO,-15.357848270133491,-70.05109186182491,DESPEJADO,RURAL,TRAMO RECTO,PLANA ,ASFALTADA,,,,,NO IDENTIFICA LA CAUSA,
A-2023-09-14,01/09/2023,05:30,ATROPELLO FUGA,1,0,,AREQUIPA,AREQUIPA,CERRO COLORADO,URBANA,CARRETERA,DEPARTAMENTAL,AR-123,NO,-16.362204,-71.624628,DESPEJADO,RESIDENCIAL,TRAMO RECTO,INCLINADA,ASFALTADA,,,,,NO IDENTIFICA LA CAUSA,
A-2021-10-237,01/10/2021,18:55,CHOQUE,1,0,,CAJAMARCA,JAEN,JAEN,RURAL,CARRETERA,NACIONAL,PE-5N,NO,-5.832726,-78.748357,DESPEJADO,RURAL,CURVA,INCLINADA,ASFALTADA,,,,,NO IDENTIFICA LA CAUSA,
A-2021-10-254,01/10/2021,19:30,CHOQUE,1,0,2,LIMA,BARRANCA,SUPE,RURAL,CARRETERA,NACIONAL,PE-1N,NO,-10.856982110062484,-77.69072533603766,DESPEJADO,RURAL,TRAMO RECTO,PLANA ,ASFALTADA,,,,,NO IDENTIFICA LA CAUSA,
A-2021-10-40,01/10/2021,19:30,ATROPELLO FUGA,1,0,0,LIMA,LIMA,SAN JUAN DE LURIGANCHO,URBANA,AVENIDA,URBANO,NO CORRESPONDE,NO,-11.986788269568219,-77.01574397392685,DESPEJADO,COMERCIAL,TRAMO RECTO,PLANA ,ASFALTADA,,,,,NO IDENTIFICA LA CAUSA,
A-2021-10-279,01/10/2021,21:00,CHOQUE,1,0,2,ANCASH,SANTA,SANTA,URBANA,CARRETERA,NACIONAL,PE-1N,NO,-8.998258205771755,-78.61797806714192,DESPEJADO,RESIDENCIAL,TRAMO RECTO,PLANA ,ASFALTADA,,,,,NO IDENTIFICA LA CAUSA,
A-2021-10-70,01/10/2021,21:40,DESPISTE,3,1,1,LA LIBERTAD,PATAZ,PIAS,URBANA,CARRETERA,VECINAL,LI-865,NO,-7.89231008535038,-77.56053383383959,DESPEJADO,RURAL,TRAMO RECTO,PLANA ,TROCHA,,,,,IMPRUDENCIA DEL CONDUCTOR,ADELANTAR INDEBIDAMENTE
A-2022-10-146,01/10/2022,04:30,CHOQUE,1,1,,LIMA,LIMA,CIENEGUILLA,RURAL,AVENIDA,URBANO,NO CORRESPONDE,NO,-12.127822656610041,-76.82059050697266,SOLEADO,RURAL,TRAMO RECTO,PLANA ,ASFALTADA,,,,,NO IDENTIFICA LA CAUSA,
A-2022-10-175,01/10/2022,04:30,ATROPELLO FUGA,1,0,1,PIURA,SECHURA,VICE,RURAL,CARRETERA,NACIONAL,PE-1NK,NO,-5.487949563690543,-80.82341722911619,DESPEJADO,RURAL,TRAMO RECTO,PLANA ,ASFALTADA,,,,,IMPRUDENCIA DEL PEATÓN,ESTADO DE EBRIEDAD Y/O DROGADICCIÓN
A-2022-10-124,01/10/2022,05:00,CHOQUE,1,1,,LIMA,BARRANCA,PATIVILCA,RURAL,CARRETERA,NACIONAL,PE-16A,NO,-10.66644,-77.736418,DESPEJADO,RURAL,TRAMO RECTO,PLANA ,ASFALTADA,,,,,,
A-2022-10-200,01/10/2022,11:00,CHOQUE,1,7,2,JUNIN,CHANCHAMAYO,PICHANAQUI,RURAL,CARRETERA,NACIONAL,PE-5S,NO,-10.93326927284781,-74.86730365543939,DESPEJADO,RURAL,TRAMO RECTO,PLANA ,ASFALTADA,,,,,IMPRUDENCIA DEL CONDUCTOR,EXCESO DE VELOCIDAD
A-2022-10-3,01/10/2022,11:20,ATROPELLO,1,0,1,ICA,ICA,SALAS,URBANA,CARRETERA,NACIONAL,PE-1S,NO,-14.000404,-75.76811,SOLEADO,RESIDENCIAL,TRAMO RECTO,PLANA ,ASFALTADA,,,,,NO IDENTIFICA LA CAUSA,
A-2022-10-198,01/10/2022,11:40,DESPISTE,3,2,1,ICA,CHINCHA,TAMBO DE MORA,RURAL,CARRETERA,NACIONAL,PE-1SE,NO,-13.42019236,-76.18764161,DESPEJADO,RURAL,TRAMO RECTO,PLANA ,ASFALTADA,,,,,IMPRUDENCIA DEL CONDUCTOR,FATIGA Y/O CANSANCIO
A-2022-10-202,01/10/2022,11:40,CHOQUE,1,0,,JUNIN,SATIPO,SATIPO,RURAL,CARRETERA,NACIONAL,PE-24A,NO,-11.261780753678373,-74.6378720284313,DESPEJADO,RURAL,TRAMO RECTO,PLANA ,CONCRETO,,,,,IMPRUDENCIA DEL CONDUCTOR,INVASIÓN DE CARRIL
A-2022-10-13,01/10/2022,21:09,ATROPELLO,1,0,1,AREQUIPA,AREQUIPA,MIRAFLORES,URBANA,CALLE,URBANO,NO CORRESPONDE,NO,-16.398576,-71.519627,DESPEJADO,COMERCIAL,TRAMO RECTO,PLANA ,ASFALTADA,,,,,NO IDENTIFICA LA CAUSA,
A-2023-10-1,01/10/2023,16:50,ATROPELLO,1,0,,ICA,ICA,SALAS,URBANA,CALLE,URBANO,NO CORRESPONDE,NO,-13.929576,-75.922216,DESPEJADO,COMERCIAL,TRAMO RECTO,PLANA ,TROCHA,,,,,EN PROCESO DE INVESTIGACIÓN,NO CUENTA CON CAUSA ESPECIFICA
A-2023-10-25,01/10/2023,18:30,ATROPELLO FUGA,1,0,,CUSCO,CUSCO,SANTIAGO,RURAL,CARRETERA,DEPARTAMENTAL,CU-117,NO,-13.5615,-71.993886,DESPEJADO,RURAL,TRAMO RECTO,PLANA ,ASFALTADA,,,,,IMPRUDENCIA DEL PEATÓN,ESTADO DE EBRIEDAD Y/O DROGADICCIÓN
A-2023-10-2,01/10/2023,21:20,ATROPELLO FUGA,1,0,,ICA,PISCO,SAN CLEMENTE,RURAL,CARRETERA,NACIONAL,PE-28A,NO,-13.679633,-76.143351,DESPEJADO,RURAL,TRAMO RECTO,PLANA ,ASFALTADA,,,,,EN PROCESO DE INVESTIGACIÓN,NO CUENTA CON CAUSA ESPECIFICA
A-2021-11-6,01/11/2021,02:15,CHOQUE CON OBJETO FIJO,1,1,1,AREQUIPA,AREQUIPA,AREQUIPA,URBANA,AVENIDA,URBANO,NO CORRESPONDE,NO,-16.4091797,-71.542648,DESPEJADO,RESIDENCIAL,TRAMO RECTO,PLANA ,ASFALTADA,SI,REGULADORA (R),PREVENTIVA (P),SI,NO IDENTIFICA LA CAUSA,
A-2021-11-1,01/11/2021,04:00,CHOQUE,1,0,1,PUNO,EL COLLAO,ILAVE,URBANA,JIRÓN,URBANO,NO CORRESPONDE,NO,-16.08237752921327,-69.64474255723714,DESPEJADO,COMERCIAL,TRAMO RECTO,PLANA ,ASFALTADA,,,,,IMPRUDENCIA DEL CONDUCTOR,OTRO (IMPRUDENCIA DEL CONDUCTOR)
A-2021-11-2,01/11/2021,11:00,ATROPELLO,1,0,0,PUNO,CHUCUITO,ZEPITA,RURAL,CARRETERA,NACIONAL,PE-36A,NO,-16.568724323768997,-69.25935742268182,DESPEJADO,RURAL,TRAMO RECTO,PLANA ,ASFALTADA,,,,,IMPRUDENCIA DEL PEATÓN,CRUCE INDEBIDO POR LA CALZADA
A-2021-11-30,01/11/2021,14:20,DESPISTE,1,0,1,HUANCAVELICA,CASTROVIRREYNA,SANTA ANA,RURAL,CARRETERA,NACIONAL,PE-28D,NO,-12.990179,-75.089773,DESPEJADO,RURAL,OTRO,PLANA ,ASFALTADA,,,,,NO IDENTIFICA LA CAUSA,
A-2021-11-124,01/11/2021,19:30,CHOQUE,1,0,,PIURA,MORROPON,LA MATANZA,RURAL,CARRETERA,VECINAL,PI-970,NO,-5.222418,-80.113987,DESPEJADO,RURAL,TRAMO RECTO,PLANA ,ASFALTADA,,,,,NO IDENTIFICA LA CAUSA,
A-2021-11-209,01/11/2021,20:00,CHOQUE,1,0,,JUNIN,SATIPO,PANGOA,RURAL,CARRETERA,NACIONAL,PE-28C,,-11.45558,-74.49283,,,,,,,,,,,
A-2021-11-113,01/11/2021,20:40,DESPISTE,1,0,1,LIMA,LIMA,VILLA MARIA DEL TRIUNFO,URBANA,AVENIDA,URBANO,NO CORRESPONDE,NO,-12.21202,-76.903176,DESPEJADO,INDUSTRIAL,INTERSECCIÓN,PLANA ,ASFALTADA,,,,,NO IDENTIFICA LA CAUSA,
A-2022-11-73,01/11/2022,04:12,ATROPELLO FUGA,1,0,0,TACNA,TACNA,CIUDAD NUEVA,URBANA,AVENIDA,URBANO,NO CORRESPONDE,NO,-17.983423,-70.240262,DESPEJADO,COMERCIAL,TRAMO RECTO,INCLINADA,ASFALTADA,,,,,NO IDENTIFICA LA CAUSA,
A-2022-11-2,01/11/2022,06:50,DESPISTE,1,0,1,SAN MARTIN,RIOJA,RIOJA,RURAL,CARRETERA,NACIONAL,PE-5N,NO,-6.022477,-77.223255,DESPEJADO,RURAL,TRAMO RECTO,PLANA ,ASFALTADA,,,,,IMPRUDENCIA DEL CONDUCTOR,OTRO (IMPRUDENCIA DEL CONDUCTOR)
A-2022-11-155,01/11/2022,06:55,DESPISTE,1,3,,LIMA,LIMA,PUCUSANA,URBANA,CARRETERA,NACIONAL,PE-1S,NO,-12.459259897902477,-76.75292140903727,DESPEJADO,INDUSTRIAL,TRAMO RECTO,PLANA ,ASFALTADA,,,,,NO IDENTIFICA LA CAUSA,
A-2022-11-156,01/11/2022,07:35,ATROPELLO,1,0,,LIMA,LIMA,SAN MARTIN DE PORRES,URBANA,AVENIDA,URBANO,NO CORRESPONDE,NO,-11.983233492095652,-77.09830779960501,DESPEJADO,COMERCIAL,TRAMO RECTO,PLANA ,ASFALTADA,,,,,NO IDENTIFICA LA CAUSA,
A-2022-11-193,01/11/2022,11:20,CHOQUE,1,0,,JUNIN,SATIPO,SATIPO,RURAL,CARRETERA,NACIONAL,PE-5S,NO,-11.232148562319404,-74.63073844269753,DESPEJADO,RURAL,TRAMO RECTO,PLANA ,ASFALTADA,,,,,IMPRUDENCIA DEL CONDUCTOR,DESACATO DE SEÑAL DE TRÁNSITO
A-2022-11-198,01/11/2022,12:41,CHOQUE,1,4,,LORETO,MAYNAS,SAN JUAN BAUTISTA,URBANA,AVENIDA,URBANO,NO CORRESPONDE,NO,-3.77498,-73.2909048,DESPEJADO,COMERCIAL,TRAMO RECTO,PLANA ,ASFALTADA,,,,,IMPRUDENCIA DEL CONDUCTOR,CONDUCIR EN ESTADO DE EBRIEDAD Y/O DROGADICCIÓN
A-2022-11-172,01/11/2022,15:45,ESPECIAL,1,1,,JUNIN,CHUPACA,HUACHAC,URBANA,CARRETERA,VECINAL,JU-874,NO,-12.040495,-75.325979,LLUVIOSO,RURAL,TRAMO RECTO,PLANA ,EMPEDRADO,,,,,NO IDENTIFICA LA CAUSA,
A-2022-11-32,01/11/2022,18:00,DESPISTE,1,1,1,CUSCO,QUISPICANCHI,ANDAHUAYLILLAS,RURAL,CARRETERA,VECINAL,CU-1325,NO,-13.68048750869352,-71.69185818637231,DESPEJADO,RURAL,TRAMO RECTO,INCLINADA,AFIRMADO,,,,,IMPRUDENCIA DEL CONDUCTOR,CONDUCIR EN ESTADO DE EBRIEDAD Y/O DROGADICCIÓN
A-2022-11-100,01/11/2022,22:30,DESPISTE,5,0,1,ANCASH,HUAYLAS,PAMPAROMAS,RURAL,CARRETERA,DEPARTAMENTAL,AN-104,NO,-9.080981735119206,-77.98471795211343,DESPEJADO,RURAL,CURVA,INCLINADA,TROCHA,,,,,NO IDENTIFICA LA CAUSA,
A-2023-11-105,01/11/2023,05:20,ATROPELLO,1,0,,LIMA,LIMA,LOS OLIVOS,URBANA,AVENIDA,URBANO,NO CORRESPONDE,NO,-11.96297688,-77.0632051,DESPEJADO,RESIDENCIAL,TRAMO RECTO,PLANA ,ASFALTADA,,,,,,
A-2023-11-57,01/11/2023,07:45,CHOQUE,1,0,2,AMAZONAS,UTCUBAMBA,BAGUA GRANDE,RURAL,CARRETERA,NACIONAL,PE-5N,NO,-5.723041,-78.477425,DESPEJADO,RURAL,TRAMO RECTO,PLANA ,ASFALTADA,NO,,,SI,EN PROCESO DE INVESTIGACIÓN,NO CUENTA CON CAUSA ESPECIFICA
A-2023-11-78,01/11/2023,14:30,DESPISTE,1,0,,JUNIN,CONCEPCION,SAN JOSE DE QUERO,RURAL,CARRETERA,NACIONAL,PE-24,NO,-12.094406,-75.546458,DESPEJADO,RURAL,SINUOSA,PLANA ,ASFALTADA,SI,PREVENTIVA (P),,SI,IMPRUDENCIA DEL CONDUCTOR,OTRO (IMPRUDENCIA DEL CONDUCTOR)
A-2023-11-64,01/11/2023,16:50,DESPISTE,1,0,1,PUNO,MELGAR,UMACHIRI,RURAL,CARRETERA,NACIONAL,PE-3SG,NO,-14.869368897990238,-70.67279845512074,DESPEJADO,RURAL,TRAMO RECTO,PLANA ,ASFALTADA,,,,,IMPRUDENCIA DEL CONDUCTOR,OTRO (IMPRUDENCIA DEL CONDUCTOR)
A-2023-11-2,01/11/2023,17:00,ATROPELLO,1,0,,PUNO,CHUCUITO,ZEPITA,RURAL,CARRETERA,SIN CLASIFICAR,SIN CLASIFICAR,NO,-16.414853,-69.088975,DESPEJADO,RURAL,TRAMO RECTO,PLANA ,ASFALTADA,,,,,IMPRUDENCIA DEL CONDUCTOR,NO ENCENDER LAS LUCES
A-2023-11-1,01/11/2023,18:44,CHOQUE,3,3,2,PUNO,PUNO,PAUCARCOLLA,RURAL,CARRETERA,SIN CLASIFICAR,SIN CLASIFICAR,NO,-15.787059627319664,-70.03850691114089,DESPEJADO,RURAL,CURVA,PLANA ,ASFALTADA,,,,,IMPRUDENCIA DEL CONDUCTOR,CONDUCIR EN ESTADO DE EBRIEDAD Y/O DROGADICCIÓN
A-2023-11-106,01/11/2023,19:00,ESPECIAL,1,0,,LIMA,LIMA,CHORRILLOS,URBANA,VIA EXPRESA,URBANO,NO CORRESPONDE,NO,-12.16949027,-77.03635813,DESPEJADO,RURAL,CURVA,INCLINADA,ASFALTADA,SI,PREVENTIVA (P),,SI,,
A-2021-12-3,01/12/2021,04:00,ATROPELLO FUGA,1,0,,ANCASH,RECUAY,TICAPAMPA,RURAL,CARRETERA,DEPARTAMENTAL,AN-110,NO,-9.769422717726954,-77.40669807703932,DESPEJADO,RURAL,TRAMO RECTO,INCLINADA,ASFALTADA,,,,,IMPRUDENCIA DEL CONDUCTOR,EXCESO DE VELOCIDAD