CÓDIGO SINIESTRO,FECHA SINIESTRO,HORA SINIESTRO,CLASE SINIESTRO,CANTIDAD DE FALLECIDOS,CANTIDAD DE LESIONADOS,CANTIDAD DE VEHICULOS DAÑADOS,DEPARTAMENTO,PROVINCIA,DISTRITO,ZONA,TIPO DE VÍA,RED VIAL,COD CARRETERA,EXISTE CICLOVÍA,COORDENADAS LATITUD,COORDENADAS  LONGITUD,CONDICIÓN CLIMÁTICA,ZONIFICACIÓN,CARACTERÍSTICAS DE VÍA,PERFIL LONGITUDINAL VÍA,SUPERFICIE DE CALZADA,¿EXISTE SEÑAL VERTICAL?,CLASIFICACIÓN DE LA SEÑAL VERTICAL Nº 1,CLASIFICACIÓN DE LA SEÑAL VERTICAL Nº 2,¿EXISTE SEÑAL HORIZONTAL?,CAUSA FACTOR PRINCIPAL,CAUSA ESPECÍFICA
A-2023-12-37,02/12/2023,19:00,ATROPELLO,1,0,1,LA LIBERTAD,TRUJILLO,LA ESPERANZA,URBANA,AVENIDA,URBANO,NO CORRESPONDE,NO,-8.06603606,-79.05134333,DESPEJADO,ESCOLAR,TRAMO RECTO,PLANA ,ASFALTADA,,,,,NO IDENTIFICA LA CAUSA,
A-2023-12-89,02/12/2023,19:20,ATROPELLO,1,0,,LIMA,LIMA,CARABAYLLO,URBANA,CARRETERA,NACIONAL,PE-20A,NO,-11.89026193,-77.04416421,DESPEJADO,COMERCIAL,INTERSECCIÓN,PLANA ,ASFALTADA,,,,,,
A-2021-01-258,03/01/2021,00:35,ATROPELLO FUGA,1,0,0,LIMA,LIMA,VILLA EL SALVADOR,URBANA,CARRETERA,NACIONAL,PE-1S,NO,-12.225604,-76.971698,SOLEADO,COMERCIAL,TRAMO RECTO,PLANA ,ASFALTADA,,,,,NO IDENTIFICA LA CAUSA,
A-2021-01-40,03/01/2021,09:30,CHOQUE,1,1,2,LA LIBERTAD,ASCOPE,CHICAMA,RURAL,CARRETERA,NACIONAL,PE-1N,NO,-7.84524,-79.150883,DESPEJADO,RURAL,TRAMO RECTO,PLANA ,ASFALTADA,,,,,IMPRUDENCIA DEL CONDUCTOR,GIRAR IMPRUDENTEMENTE
A-2021-01-17,03/01/2021,16:10,DESPISTE,1,3,1,LIMA,HUAURA,PACCHO,RURAL,CARRETERA,NACIONAL,PE-18,NO,-10.88706939738808,-76.98079339602495,LLUVIOSO,RURAL,SINUOSA,PLANA ,ASFALTADA,SI,REGULADORA (R),PREVENTIVA (P),NO,IMPRUDENCIA DEL CONDUCTOR,EXCESO DE VELOCIDAD
A-2021-01-64,03/01/2021,20:50,ATROPELLO,1,0,1,JUNIN,SATIPO,MAZAMARI,RURAL,CARRETERA,NACIONAL,PE-5S,NO,-11.299122793253288,-74.54719269575503,NUBLADO,RURAL,CURVA,PLANA ,CONCRETO,,,,,NO IDENTIFICA LA CAUSA,
A-2021-01-41,03/01/2021,21:15,ATROPELLO,1,1,1,LA LIBERTAD,VIRU,VIRU,URBANA,CARRETERA,NACIONAL,PE-1N,NO,-8.42432,-78.781809,DESPEJADO,RURAL,TRAMO RECTO,PLANA ,ASFALTADA,,,,,NO IDENTIFICA LA CAUSA,
A-2022-01-142,03/01/2022,00:10,ATROPELLO,1,0,1,PUNO,SAN ROMAN,SAN MIGUEL,URBANA,AVENIDA,URBANO,NO CORRESPONDE,NO,-15.471991294492025,-70.12311970961198,DESPEJADO,COMERCIAL,INTERSECCIÓN,PLANA ,ASFALTADA,,,,,IMPRUDENCIA DEL CONDUCTOR,CONDUCIR EN ESTADO DE EBRIEDAD Y/O DROGADICCIÓN
A-2022-01-64,03/01/2022,08:30,DESPISTE,1,1,1,APURIMAC,CHINCHEROS,CHINCHEROS,RURAL,CARRETERA,VECINAL,AP-541,NO,-13.578622,-73.710652,NUBLADO,RURAL,TRAMO RECTO,PLANA ,AFIRMADO,,,,,IMPRUDENCIA DEL CONDUCTOR,EXCESO DE VELOCIDAD
A-2022-01-73,03/01/2022,19:00,CHOQUE,1,0,0,LIMA,LIMA,CHORRILLOS,URBANA,CARRETERA,NACIONAL,PE-1S,NO,-12.221114594425702,-76.97614819371015,DESPEJADO,ESCOLAR,INTERSECCIÓN,PLANA ,ASFALTADA,,,,,NO IDENTIFICA LA CAUSA,
A-2022-01-7,03/01/2022,19:45,CHOQUE,1,0,2,SAN MARTIN,MOYOBAMBA,MOYOBAMBA,RURAL,CARRETERA,NACIONAL,PE-5N,NO,-6.082243,-76.884668,DESPEJADO,RURAL,CURVA,INCLINADA,ASFALTADA,,,,,NO IDENTIFICA LA CAUSA,
A-2022-01-54,03/01/2022,21:10,DESPISTE,1,1,1,CAJAMARCA,CONTUMAZA,YONAN,RURAL,CARRETERA,NACIONAL,PE-08,NO,-7.240266,-79.057652,DESPEJADO,RURAL,CURVA,INCLINADA,ASFALTADA,,,,,NO IDENTIFICA LA CAUSA,
A-2022-01-229,03/01/2022,21:40,ATROPELLO,1,0,1,CUSCO,CUSCO,SAYLLA,RURAL,CARRETERA,NACIONAL,PE-3S,NO,-13.555889173737341,-71.85594867584527,DESPEJADO,ESCOLAR,TRAMO RECTO,PLANA ,ASFALTADA,,,,,IMPRUDENCIA DEL PEATÓN,ESTADO DE EBRIEDAD Y/O DROGADICCIÓN
A-2022-01-89,03/01/2022,22:00,CHOQUE,1,0,0,LIMA,LIMA,PUENTE PIEDRA,URBANA,CARRETERA,NACIONAL,PE-1N,NO,-11.890384903545831,-77.06837829493487,DESPEJADO,COMERCIAL,TRAMO RECTO,PLANA ,ASFALTADA,,,,,NO IDENTIFICA LA CAUSA,
A-2023-01-29,03/01/2023,05:30,ATROPELLO,1,0,2,LA LIBERTAD,TRUJILLO,HUANCHACO,RURAL,CARRETERA,SIN CLASIFICAR,SIN CLASIFICAR,NO,-8.009822,-79.048239,DESPEJADO,COMERCIAL,TRAMO RECTO,PLANA ,CONCRETO,,,,,IMPRUDENCIA DEL CONDUCTOR,OTRO (IMPRUDENCIA DEL CONDUCTOR)
A-2023-01-133,03/01/2023,11:00,ATROPELLO,1,0,,LIMA,LIMA,COMAS,URBANA,JIRÓN,URBANO,NO CORRESPONDE,NO,-11.93560076,-77.05045653,DESPEJADO,RESIDENCIAL,TRAMO RECTO,PLANA ,ASFALTADA,NO,,,SI,IMPRUDENCIA DEL PEATÓN,OTRO (IMPRUDENCIA DEL PEATÓN)
A-2021-02-32,03/02/2021,12:00,DESPISTE,1,1,1,TACNA,TACNA,SAMA,RURAL,CARRETERA,NACIONAL,PE-1SD,NO,-18.170141,-70.647195,SOLEADO,RURAL,TRAMO RECTO,PLANA ,ASFALTADA,,,,,IMPRUDENCIA DEL CONDUCTOR,CONDUCIR EN ESTADO DE EBRIEDAD Y/O DROGADICCIÓN
A-2021-02-31,03/02/2021,13:30,DESPISTE,2,2,1,ANCASH,HUARI,UCO,RURAL,CARRETERA,NACIONAL,PE-14A,NO,-9.160781225717082,-76.92738104820685,NUBLADO,RURAL,TRAMO RECTO,INCLINADA,TROCHA,SI,PREVENTIVA (P),PREVENTIVA (P),SI,IMPRUDENCIA DEL CONDUCTOR,FATIGA Y/O CANSANCIO
A-2021-02-75,03/02/2021,15:30,DESPISTE,1,0,1,MOQUEGUA,MARISCAL NIETO,CARUMAS,RURAL,CARRETERA,NACIONAL,PE-36B,NO,-16.72916,-70.453007,GRANIZADO,RURAL,CURVA,INCLINADA,ASFALTADA,,,,,INFRAESTRUCTURA Y ENTORNO VIAL,FACTOR AMBIENTAL
A-2021-02-286,03/02/2021,19:15,ATROPELLO,1,0,1,SAN MARTIN,SAN MARTIN,TARAPOTO,URBANA,AVENIDA,URBANO,NO CORRESPONDE,NO,-6.47596,-76.36267,DESPEJADO,COMERCIAL,TRAMO RECTO,PLANA ,ASFALTADA,,,,,IMPRUDENCIA DEL CONDUCTOR,NO DAR PASO PREFERENTE AL PEATÓN
A-2022-02-151,03/02/2022,06:10,ATROPELLO,1,0,0,LIMA,LIMA,SAN JUAN DE LURIGANCHO,URBANA,AVENIDA,URBANO,NO CORRESPONDE,NO,-12.0240652,-76.9779903,DESPEJADO,INDUSTRIAL,TRAMO RECTO,PLANA ,ASFALTADA,,,,,NO IDENTIFICA LA CAUSA,
A-2022-02-90,03/02/2022,09:10,CHOQUE,1,0,2,LAMBAYEQUE,LAMBAYEQUE,SAN JOSE,RURAL,CARRETERA,DEPARTAMENTAL,LA-109,NO,-6.7722995,-79.9143657,DESPEJADO,RURAL,CURVA,PLANA ,ASFALTADA,,,,,NO IDENTIFICA LA CAUSA,
A-2022-02-153,03/02/2022,13:25,ATROPELLO,1,1,0,LIMA,LIMA,VILLA EL SALVADOR,URBANA,AVENIDA,URBANO,NO CORRESPONDE,NO,-12.195677361150429,-76.9590793694863,DESPEJADO,COMERCIAL,TRAMO RECTO,PLANA ,ASFALTADA,,,,,NO IDENTIFICA LA CAUSA,
A-2022-02-196,03/02/2022,14:35,DESPISTE,1,0,1,CUSCO,CHUMBIVILCAS,SANTO TOMAS,RURAL,CARRETERA,NACIONAL,PE-3SG,NO,-14.549508457539151,-72.04748801690361,DESPEJADO,RURAL,TRAMO RECTO,PLANA ,ASFALTADA,,,,,IMPRUDENCIA DEL CONDUCTOR,CONDUCIR EN ESTADO DE EBRIEDAD Y/O DROGADICCIÓN
A-2022-02-31,03/02/2022,15:40,CHOQUE,1,1,2,SAN MARTIN,RIOJA,RIOJA,RURAL,CARRETERA,NACIONAL,PE-5N,NO,-6.024967,-77.218665,DESPEJADO,RURAL,TRAMO RECTO,PLANA ,ASFALTADA,,,,,IMPRUDENCIA DEL CONDUCTOR,OTRO (IMPRUDENCIA DEL CONDUCTOR)
A-2022-02-92,03/02/2022,19:10,DESPISTE,1,0,1,LAMBAYEQUE,CHICLAYO,PIMENTEL,URBANA,AVENIDA,URBANO,NO CORRESPONDE,NO,-6.787288,-79.872331,DESPEJADO,RESIDENCIAL,INTERSECCIÓN,PLANA ,ASFALTADA,,,,,NO IDENTIFICA LA CAUSA,
A-2022-02-16,03/02/2022,19:45,CHOQUE,2,2,2,AREQUIPA,ISLAY,MOLLENDO,URBANA,CARRETERA,NACIONAL,PE-1SD,NO,-17.063167,-71.949771,DESPEJADO,RURAL,TRAMO RECTO,PLANA ,ASFALTADA,NO,,,SI,NO IDENTIFICA LA CAUSA,
A-2023-02-53,03/02/2023,04:50,CHOQUE CON OBJETO FIJO,1,0,1,LIMA,HUAURA,SAYAN,RURAL,CARRETERA,VECINAL,LM-659,NO,-11.23685,-77.39496,DESPEJADO,RURAL,CURVA,PLANA ,ASFALTADA,,,,,IMPRUDENCIA DEL CONDUCTOR,OTRO (IMPRUDENCIA DEL CONDUCTOR)
A-2023-02-108,03/02/2023,22:00,VOLCADURA,2,0,,APURIMAC,AYMARAES,POCOHUANCA,RURAL,CARRETERA,SIN CLASIFICAR,SIN CLASIFICAR,,-14.219099232586107,-73.08585079290788,,,,,,,,,,,
A-2021-03-11,03/03/2021,07:45,CHOQUE,1,1,2,ANCASH,RECUAY,CATAC,RURAL,CARRETERA,NACIONAL,PE-3N,NO,-9.859137723842817,-77.40590948703202,DESPEJADO,RURAL,CURVA,PLANA ,ASFALTADA,,,,,IMPRUDENCIA DEL CONDUCTOR,FATIGA Y/O CANSANCIO
A-2021-03-365,03/03/2021,15:03,DESPISTE,2,0,1,PIURA,AYABACA,SAPILLICA,RURAL,CARRETERA,VECINAL,PI-745,NO,-4.767575262701006,-80.03604948149277,DESPEJADO,RURAL,TRAMO RECTO,PLANA ,AFIRMADO,,,,,IMPRUDENCIA DEL CONDUCTOR,OTRO (IMPRUDENCIA DEL CONDUCTOR)
A-2021-03-84,03/03/2021,16:15,ATROPELLO,1,0,0,LORETO,MAYNAS,BELEN,URBANA,CALLE,URBANO,NO CORRESPONDE,NO,-3.760023,-73.248444,SOLEADO,COMERCIAL,TRAMO RECTO,PLANA ,ASFALTADA,,,,,IMPRUDENCIA DEL PEATÓN,CRUCE INDEBIDO POR LA CALZADA
A-2021-03-99,03/03/2021,17:50,CHOQUE,1,2,0,SAN MARTIN,PICOTA,PICOTA,RURAL,CARRETERA,NACIONAL,PE-5N,NO,-6.89955,-76.33663,LLUVIOSO,RURAL,TRAMO RECTO,PLANA ,ASFALTADA,,,,,IMPRUDENCIA DEL CONDUCTOR,EXCESO DE VELOCIDAD
A-2021-03-170,03/03/2021,18:00,ATROPELLO,1,0,1,LIMA,LIMA,SAN JUAN DE LURIGANCHO,URBANA,CARRETERA,SIN CLASIFICAR,SIN CLASIFICAR,NO,-11.960103612746728,-76.98185596768646,DESPEJADO,RESIDENCIAL,INTERSECCIÓN,PLANA ,ASFALTADA,,,,,IMPRUDENCIA DEL PEATÓN,OTRO (IMPRUDENCIA DEL PEATÓN)
A-2021-03-7,03/03/2021,19:00,DESPISTE,1,0,1,AREQUIPA,AREQUIPA,CERRO COLORADO,URBANA,CARRETERA,DEPARTAMENTAL,AR-123,NO,-16.3354896,-71.5971248,DESPEJADO,RESIDENCIAL,ÓVALO,PLANA ,ASFALTADA,,,,,NO IDENTIFICA LA CAUSA,
A-2021-03-103,03/03/2021,21:36,CHOQUE,1,0,2,CUSCO,CANCHIS,MARANGANI,RURAL,CARRETERA,NACIONAL,PE-3S,NO,-14.321561,-71.200158,DESPEJADO,RURAL,TRAMO RECTO,PLANA ,ASFALTADA,NO,,,SI,IMPRUDENCIA DEL CONDUCTOR,INVASIÓN DE CARRIL
A-2021-03-64,03/03/2021,22:00,CAÍDA DE PASAJERO,1,0,0,CUSCO,CHUMBIVILCAS,QUIÑOTA,RURAL,CARRETERA,NACIONAL,PE-3SG,NO,-14.311253,-72.142777,DESPEJADO,RURAL,TRAMO RECTO,PLANA ,AFIRMADO,,,,,NEGLIGENCIA DEL CONDUCTOR,OTRO (NEGLIGENCIA DEL CONDUCTOR)
A-2022-03-2,03/03/2022,02:00,ATROPELLO,1,0,1,PUNO,EL COLLAO,ILAVE,RURAL,CARRETERA,NACIONAL,PE-3S,NO,-16.116216,-69.595246,LLUVIOSO,RURAL,TRAMO RECTO,PLANA ,ASFALTADA,SI,INFORMATIVA (I),,SI,IMPRUDENCIA DEL PEATÓN,CRUCE INDEBIDO POR LA CALZADA
A-2022-03-122,03/03/2022,05:30,DESPISTE,3,3,2,PIURA,PIURA,VEINTISEIS DE OCTUBRE,RURAL,CARRETERA,NACIONAL,PE-1N,NO,-5.197347,-80.687538,DESPEJADO,RURAL,TRAMO RECTO,PLANA ,ASFALTADA,,,,,NO IDENTIFICA LA CAUSA,
A-2022-03-148,03/03/2022,07:50,CHOQUE,1,0,1,AYACUCHO,HUAMANGA,AYACUCHO,URBANA,AVENIDA,URBANO,NO CORRESPONDE,NO,-13.150796844132877,-74.22301052329625,DESPEJADO,ESCOLAR,INTERSECCIÓN,PLANA ,ASFALTADA,SI,PREVENTIVA (P),PREVENTIVA (P),NO,IMPRUDENCIA DEL CONDUCTOR,CONDUCIR EN ESTADO DE EBRIEDAD Y/O DROGADICCIÓN
A-2022-03-34,03/03/2022,17:00,DESPISTE,1,3,1,HUANCAVELICA,HUAYTARA,HUAYTARA,RURAL,CARRETERA,NACIONAL,PE-28A,NO,-13.607529162762743,-75.32030773156066,LLUVIOSO,RURAL,CURVA,INCLINADA,ASFALTADA,,,,,NO IDENTIFICA LA CAUSA,
A-2022-03-6,03/03/2022,22:20,CHOQUE,1,0,2,PUNO,PUNO,HUATA,RURAL,CARRETERA,DEPARTAMENTAL,PU-120,NO,-15.561899966726875,-69.99207796663597,DESPEJADO,RURAL,CURVA,PLANA ,ASFALTADA,NO,,,SI,IMPRUDENCIA DEL CONDUCTOR,CONDUCIR EN ESTADO DE EBRIEDAD Y/O DROGADICCIÓN
A-2022-03-283,03/03/2022,23:50,ATROPELLO FUGA,1,0,,LIMA,LIMA,CHORRILLOS,URBANA,AVENIDA,URBANO,NO CORRESPONDE,,-12.18429331,-77.0074643892645,,,,,,,,,,,
A-2023-03-132,03/03/2023,03:40,DESPISTE,1,0,,LIMA,LIMA,CARABAYLLO,URBANA,AVENIDA,URBANO,NO CORRESPONDE,NO,-11.87101077,-77.01986016,DESPEJADO,RESIDENCIAL,TRAMO RECTO,PLANA ,ASFALTADA,,,,,IMPRUDENCIA DEL CONDUCTOR,OTRO (IMPRUDENCIA DEL CONDUCTOR)
A-2023-03-113,03/03/2023,05:50,DESPISTE,1,2,1,LAMBAYEQUE,LAMBAYEQUE,OLMOS,RURAL,CARRETERA,NACIONAL,PE-04B,NO,-5.942054,-79.639296,DESPEJADO,RURAL,TRAMO RECTO,PLANA ,ASFALTADA,,,,,IMPRUDENCIA DEL CONDUCTOR,EXCESO DE VELOCIDAD
A-2023-03-12,03/03/2023,07:00,ESPECIAL,1,0,1,AREQUIPA,AREQUIPA,ALTO SELVA ALEGRE,URBANA,CALLE,URBANO,NO CORRESPONDE,NO,-16.383402,-71.517994,DESPEJADO,RESIDENCIAL,TRAMO RECTO,PLANA ,ASFALTADA,,,,,NO IDENTIFICA LA CAUSA,
A-2023-03-100,03/03/2023,08:45,VOLCADURA,4,1,,APURIMAC,ABANCAY,LAMBRAMA,RURAL,CARRETERA,NACIONAL,PE-3SF,,-13.865215776551064,-72.77140369455645,,,,,,,,,,,
A-2023-03-133,03/03/2023,11:30,CAÍDA DE PASAJERO,1,0,,LIMA,LIMA,LIMA,URBANA,AVENIDA,URBANO,NO CORRESPONDE,NO,-12.045833096595024,-77.02559551938322,DESPEJADO,COMERCIAL,TRAMO RECTO,PLANA ,ASFALTADA,,,,,IMPRUDENCIA DEL PASAJERO/OCUPANTE,OTRO (IMPRUDENCIA DEL PASAJERO/OCUPANTE)
A-2021-04-25,03/04/2021,06:00,DESPISTE,1,0,1,AREQUIPA,AREQUIPA,PAUCARPATA,URBANA,CALLE,URBANO,NO CORRESPONDE,NO,-16.419573506649474,-71.50312824858133,DESPEJADO,RESIDENCIAL,INTERSECCIÓN,INCLINADA,ASFALTADA,NO,,,SI,IMPRUDENCIA DEL CONDUCTOR,OTRO (IMPRUDENCIA DEL CONDUCTOR)
A-2021-04-314,03/04/2021,07:47,ATROPELLO,1,0,1,HUANUCO,HUANUCO,AMARILIS,URBANA,AVENIDA,URBANO,NO CORRESPONDE,NO,-9.938782,-76.244047,DESPEJADO,COMERCIAL,TRAMO RECTO,PLANA ,ASFALTADA,,,,,IMPRUDENCIA DEL CONDUCTOR,CONDUCIR EN ESTADO DE EBRIEDAD Y/O DROGADICCIÓN
A-2021-04-219,03/04/2021,10:30,ATROPELLO,1,0,,LIMA,LIMA,SAN MARTIN DE PORRES,RURAL,AVENIDA,URBANO,NO CORRESPONDE,NO,-12.015548,-77.052266,DESPEJADO,INDUSTRIAL,TRAMO RECTO,PLANA ,ASFALTADA,,,,,IMPRUDENCIA DEL PEATÓN,OTRO (IMPRUDENCIA DEL PEATÓN)
A-2021-04-180,03/04/2021,13:40,DESPISTE,1,0,1,CUSCO,ACOMAYO,SANGARARA,RURAL,CARRETERA,SIN CLASIFICAR,SIN CLASIFICAR,NO,-13.93799,-71.619028188,DESPEJADO,RURAL,CURVA,INCLINADA,TROCHA,,,,,NEGLIGENCIA DEL CONDUCTOR,OTRO (NEGLIGENCIA DEL CONDUCTOR)
A-2021-04-19,03/04/2021,13:40,ATROPELLO,1,0,,ANCASH,YUNGAY,YUNGAY,RURAL,CARRETERA,NACIONAL,PE-3N,NO,-9.12154631379743,-77.76274894606632,NUBLADO,RURAL,TRAMO RECTO,PLANA ,ASFALTADA,SI,PREVENTIVA (P),INFORMATIVA (I),NO,IMPRUDENCIA DEL CONDUCTOR,EXCESO DE VELOCIDAD
A-2022-04-48,03/04/2022,00:00,DESPISTE,1,0,1,CAJAMARCA,CAJABAMBA,CONDEBAMBA,URBANA,CARRETERA,NACIONAL,PE-3N,NO,-7.48439,-78.12322667,DESPEJADO,RURAL,CURVA,PLANA ,ASFALTADA,,,,,NO IDENTIFICA LA CAUSA,
A-2022-04-206,03/04/2022,01:30,DESPISTE,1,0,,ANCASH,SANTA,NEPEÑA,RURAL,CARRETERA,VECINAL,AN-921,NO,-9.163272174690759,-78.32831656106187,DESPEJADO,RURAL,TRAMO RECTO,PLANA ,ASFALTADA,,,,,NO IDENTIFICA LA CAUSA,
A-2022-04-6,03/04/2022,03:20,ATROPELLO FUGA,1,0,0,PUNO,PUNO,PUNO,RURAL,CARRETERA,NACIONAL,PE-3S,NO,-15.811211,-70.037411,DESPEJADO,RURAL,CURVA,PLANA ,ASFALTADA,SI,PREVENTIVA (P),,SI,NO IDENTIFICA LA CAUSA,
A-2022-04-13,03/04/2022,03:30,ATROPELLO FUGA,1,0,1,AREQUIPA,AREQUIPA,LA JOYA,URBANA,CARRETERA,NACIONAL,PE-1S,NO,-16.681891,-71.87044,DESPEJADO,RESIDENCIAL,TRAMO RECTO,PLANA ,ASFALTADA,NO,,,SI,NO IDENTIFICA LA CAUSA,
A-2022-04-190,03/04/2022,03:50,VOLCADURA,1,0,,LIMA,LIMA,SAN JUAN DE MIRAFLORES,URBANA,CARRETERA,NACIONAL,PE-1S,,-12.18688804509009,-76.97392320253554,,,,,,,,,,,
A-2022-04-243,03/04/2022,05:00,DESPISTE,1,0,,MADRE DE DIOS,TAMBOPATA,TAMBOPATA,RURAL,AVENIDA,URBANO,NO CORRESPONDE,,-12.592016,-69.201778,,,,,,,,,,,
A-2022-04-205,03/04/2022,05:30,CHOQUE,1,0,,ANCASH,SANTA,NEPEÑA,RURAL,CARRETERA,DEPARTAMENTAL,AN-104,NO,-9.1554239456689,-78.29124133189467,DESPEJADO,RURAL,TRAMO RECTO,PLANA ,ASFALTADA,,,,,IMPRUDENCIA DEL CONDUCTOR,CONDUCIR EN ESTADO DE EBRIEDAD Y/O DROGADICCIÓN
A-2022-04-180,03/04/2022,05:40,CHOQUE,1,0,2,HUANUCO,LEONCIO PRADO,RUPA-RUPA,URBANA,CARRETERA,NACIONAL,PE-18A,NO,-9.290993,-75.997895,NUBLADO,COMERCIAL,TRAMO RECTO,PLANA ,ASFALTADA,,,,,IMPRUDENCIA DEL CONDUCTOR,CONDUCIR EN ESTADO DE EBRIEDAD Y/O DROGADICCIÓN
A-2022-04-7,03/04/2022,07:20,ATROPELLO,1,0,1,PUNO,PUNO,PUNO,RURAL,AVENIDA,URBANO,NO CORRESPONDE,NO,-15.82019740079369,-70.03705347371111,DESPEJADO,RURAL,TRAMO RECTO,PLANA ,TROCHA,,,,,IMPRUDENCIA DEL CONDUCTOR,NO DAR PASO PREFERENTE AL PEATÓN
A-2022-04-49,03/04/2022,08:20,DESPISTE,1,1,1,CAJAMARCA,CHOTA,CHALAMARCA,URBANA,CARRETERA,SIN CLASIFICAR,SIN CLASIFICAR,NO,-6.497612,-78.478644,DESPEJADO,RURAL,CURVA,PLANA ,AFIRMADO,,,,,NO IDENTIFICA LA CAUSA,
A-2022-04-200,03/04/2022,12:05,DESPISTE,1,0,,LIMA,LIMA,LURIN,URBANA,AUTOPISTA,URBANO,NO CORRESPONDE,,-12.281988,-76.86395,,,,,,,,,,,
A-2022-04-71,03/04/2022,15:00,DESPISTE,1,0,1,AREQUIPA,ISLAY,PUNTA DE BOMBON,RURAL,CARRETERA,NACIONAL,PE-1SD,NO,-17.245326,-71.5346,DESPEJADO,RURAL,CURVA,INCLINADA,ASFALTADA,,,,,NO IDENTIFICA LA CAUSA,
A-2022-04-137,03/04/2022,18:15,DESPISTE,1,2,1,PIURA,SULLANA,MIGUEL CHECA,RURAL,CARRETERA,NACIONAL,PE-02,NO,-5.149621,-80.776899,DESPEJADO,RURAL,TRAMO RECTO,PLANA ,ASFALTADA,,,,,NO IDENTIFICA LA CAUSA,
A-2022-04-15,03/04/2022,18:40,CHOQUE,1,0,2,AREQUIPA,CARAVELI,QUICACHA,RURAL,CARRETERA,NACIONAL,PE-32,NO,-15.659318,-73.814743,DESPEJADO,RURAL,SINUOSA,INCLINADA,ASFALTADA,,,,,NO IDENTIFICA LA CAUSA,
A-2022-04-142,03/04/2022,20:00,CHOQUE,1,1,2,PIURA,PIURA,CASTILLA,RURAL,AVENIDA,URBANO,NO CORRESPONDE,NO,-5.167724,-80.616993,DESPEJADO,RURAL,TRAMO RECTO,PLANA ,ASFALTADA,,,,,NO IDENTIFICA LA CAUSA,
A-2022-04-69,03/04/2022,20:40,ATROPELLO,1,0,1,LA LIBERTAD,TRUJILLO,HUANCHACO,URBANA,CARRETERA,VECINAL,LI-731,NO,-8.088062,-79.09397,DESPEJADO,COMERCIAL,TRAMO RECTO,PLANA ,ASFALTADA,,,,,IMPRUDENCIA DEL CONDUCTOR,FATIGA Y/O CANSANCIO
A-2022-04-70,03/04/2022,23:00,DESPISTE,1,0,1,LA LIBERTAD,ASCOPE,RAZURI,RURAL,CARRETERA,VECINAL,LI-616,NO,-7.790458280006801,-79.38058086931916,DESPEJADO,RURAL,TRAMO RECTO,PLANA ,ASFALTADA,,,,,NO IDENTIFICA LA CAUSA,
A-2023-04-2,03/04/2023,02:50,CHOQUE,1,0,,PUNO,EL COLLAO,ILAVE,RURAL,CARRETERA,NACIONAL,PE-3S,NO,-16.173728959368795,-69.53539959576443,DESPEJADO,RURAL,TRAMO RECTO,PLANA ,ASFALTADA,,,,,IMPRUDENCIA DEL CONDUCTOR,EXCESO DE VELOCIDAD
A-2023-04-147,03/04/2023,06:50,CHOQUE,1,0,,LIMA,LIMA,MAGDALENA DEL MAR,URBANA,OTRO,URBANO,NO CORRESPONDE,NO,-12.097690075769856,-77.07298478904971,DESPEJADO,COMERCIAL,TRAMO RECTO,PLANA ,ASFALTADA,,,,,IMPRUDENCIA DEL CONDUCTOR,CONDUCIR EN ESTADO DE EBRIEDAD Y/O DROGADICCIÓN
A-2023-04-79,03/04/2023,18:00,CHOQUE,2,1,2,LA LIBERTAD,SANTIAGO DE CHUCO,QUIRUVILCA,RURAL,CARRETERA,NACIONAL,PE-10A,NO,-8.009781446893705,-78.33764790792301,DESPEJADO,RURAL,TRAMO RECTO,PLANA ,ASFALTADA,,,,,NO IDENTIFICA LA CAUSA,
A-2023-04-108,03/04/2023,18:30,DESPISTE,1,1,1,PIURA,PIURA,CASTILLA,RURAL,CARRETERA,NACIONAL,PE-1NJ,NO,-5.167527,-80.530208,DESPEJADO,RURAL,TRAMO RECTO,PLANA ,ASFALTADA,,,,,IMPRUDENCIA DEL CONDUCTOR,EXCESO DE VELOCIDAD
A-2021-05-29,03/05/2021,02:00,DESPISTE,1,1,1,APURIMAC,COTABAMBAS,COYLLURQUI,RURAL,CARRETERA,NACIONAL,PE-3SX,NO,-13.977506644269104,-72.38680757070567,DESPEJADO,RURAL,TRAMO RECTO,PLANA ,CASCAJO/RIPIO,,,,,IMPRUDENCIA DEL CONDUCTOR,CONDUCIR EN ESTADO DE EBRIEDAD Y/O DROGADICCIÓN
A-2021-05-126,03/05/2021,06:00,ATROPELLO,1,0,,LIMA,LIMA,EL AGUSTINO,URBANA,CARRETERA,NACIONAL,PE-1N,NO,-12.033464037862172,-76.99048730611834,SOLEADO,INDUSTRIAL,TRAMO RECTO,PLANA ,ASFALTADA,,,,,IMPRUDENCIA DEL PEATÓN,ESTADO DE EBRIEDAD Y/O DROGADICCIÓN
A-2021-05-37,03/05/2021,07:45,DESPISTE,1,0,1,PUNO,SAN ROMAN,JULIACA,RURAL,CARRETERA,DEPARTAMENTAL,PU-124,NO,-15.4328266547477,-70.22161597565652,DESPEJADO,RURAL,TRAMO RECTO,INCLINADA,ASFALTADA,,,,,NEGLIGENCIA DEL CONDUCTOR,OTRO (NEGLIGENCIA DEL CONDUCTOR)