CÓDIGO SINIESTRO,FECHA SINIESTRO,HORA SINIESTRO,CLASE SINIESTRO,CANTIDAD DE FALLECIDOS,CANTIDAD DE LESIONADOS,CANTIDAD DE VEHICULOS DAÑADOS,DEPARTAMENTO,PROVINCIA,DISTRITO,ZONA,TIPO DE VÍA,RED VIAL,COD CARRETERA,EXISTE CICLOVÍA,COORDENADAS LATITUD,COORDENADAS  LONGITUD,CONDICIÓN CLIMÁTICA,ZONIFICACIÓN,CARACTERÍSTICAS DE VÍA,PERFIL LONGITUDINAL VÍA,SUPERFICIE DE CALZADA,¿EXISTE SEÑAL VERTICAL?,CLASIFICACIÓN DE LA SEÑAL VERTICAL Nº 1,CLASIFICACIÓN DE LA SEÑAL VERTICAL Nº 2,¿EXISTE SEÑAL HORIZONTAL?,CAUSA FACTOR PRINCIPAL,CAUSA ESPECÍFICA
A-2021-05-228,03/05/2021,08:20,ATROPELLO,1,2,1,JUNIN,HUANCAYO,SAN JERONIMO DE TUNAN,URBANA,AVENIDA,URBANO,NO CORRESPONDE,NO,-11.957304,-75.26739,DESPEJADO,RURAL,TRAMO RECTO,PLANA ,CONCRETO,,,,,IMPRUDENCIA DEL CONDUCTOR,EXCESO DE VELOCIDAD
A-2021-05-127,03/05/2021,15:30,ATROPELLO,1,0,,LIMA,LIMA,COMAS,URBANA,AVENIDA,URBANO,NO CORRESPONDE,NO,-11.905596557455068,-77.04212480216349,DESPEJADO,INDUSTRIAL,TRAMO RECTO,PLANA ,ASFALTADA,,,,,IMPRUDENCIA DEL PEATÓN,OTRO (IMPRUDENCIA DEL PEATÓN)
A-2021-05-318,03/05/2021,16:30,DESPISTE,1,3,1,HUANUCO,HUANUCO,CHURUBAMBA,RURAL,CARRETERA,VECINAL,HU-780,NO,-9.830753,-76.153403,DESPEJADO,RURAL,CURVA,INCLINADA,AFIRMADO,,,,,IMPRUDENCIA DEL PASAJERO/OCUPANTE,OTRO (IMPRUDENCIA DEL PASAJERO/OCUPANTE)
A-2021-05-5,03/05/2021,18:30,CHOQUE,1,1,2,PUNO,CHUCUITO,DESAGUADERO,RURAL,CARRETERA,NACIONAL,PE-3S,NO,-16.54100210832694,-69.05834507787692,DESPEJADO,RURAL,TRAMO RECTO,PLANA ,ASFALTADA,,,,,IMPRUDENCIA DEL CONDUCTOR,EXCESO DE VELOCIDAD
A-2021-05-8,03/05/2021,20:00,CHOQUE,1,1,2,PIURA,PIURA,CATACAOS,URBANA,CARRETERA,NACIONAL,PE-1N,NO,-5.221969,-80.654578,DESPEJADO,RURAL,CURVA,PLANA ,ASFALTADA,SI,PREVENTIVA (P),INFORMATIVA (I),SI,,
A-2021-05-81,03/05/2021,23:30,DESPISTE,3,3,1,CUSCO,PAUCARTAMBO,PAUCARTAMBO,RURAL,CARRETERA,DEPARTAMENTAL,CU-116,NO,-13.323248,-71.587061,DESPEJADO,RURAL,CURVA,INCLINADA,TROCHA,,,,,IMPRUDENCIA DEL CONDUCTOR,EXCESO DE VELOCIDAD
A-2022-05-26,03/05/2022,00:05,CHOQUE,1,1,2,LA LIBERTAD,ASCOPE,CHOCOPE,RURAL,CARRETERA,NACIONAL,PE-1N,NO,-7.791920466724055,-79.21250134887943,DESPEJADO,RURAL,ÓVALO,INCLINADA,ASFALTADA,,,,,NO IDENTIFICA LA CAUSA,
A-2022-05-226,03/05/2022,01:20,DESPISTE,1,1,,JUNIN,CHANCHAMAYO,CHANCHAMAYO,RURAL,CARRETERA,NACIONAL,PE-22B,,-10.993944704481336,-75.31311423121596,,,,,,,,,,,
A-2022-05-7,03/05/2022,09:30,CHOQUE,1,0,,PUNO,EL COLLAO,ILAVE,RURAL,CARRETERA,NACIONAL,PE-3S,,-16.147482407028615,-69.56467858031846,,,,,,,,,,,
A-2022-05-199,03/05/2022,14:00,DESPISTE,1,0,,ANCASH,SANTA,CHIMBOTE,RURAL,CARRETERA,NACIONAL,PE-12,NO,-8.832204318417629,-78.55520393642605,DESPEJADO,RURAL,TRAMO RECTO,PLANA ,ASFALTADA,,,,,IMPRUDENCIA DEL CONDUCTOR,CONDUCIR EN ESTADO DE EBRIEDAD Y/O DROGADICCIÓN
A-2022-05-50,03/05/2022,23:00,CHOQUE,1,0,2,AREQUIPA,CAYLLOMA,MAJES,RURAL,CARRETERA,NACIONAL,PE-1S,NO,-16.369883,-72.167225,DESPEJADO,RURAL,TRAMO RECTO,PLANA ,ASFALTADA,,,,,NO IDENTIFICA LA CAUSA,
A-2023-05-86,03/05/2023,03:00,DESPISTE,1,0,1,PUNO,CARABAYA,OLLACHEA,RURAL,CARRETERA,NACIONAL,PE-34B,NO,-13.8697922,-70.5121516,DESPEJADO,RURAL,CURVA,INCLINADA,ASFALTADA,,,,,IMPRUDENCIA DEL CONDUCTOR,FATIGA Y/O CANSANCIO
A-2023-05-140,03/05/2023,10:30,ATROPELLO,1,0,,LIMA,LIMA,SAN JUAN DE LURIGANCHO,URBANA,JIRÓN,URBANO,NO CORRESPONDE,NO,-11.96311927,-76.98319507,DESPEJADO,RESIDENCIAL,INTERSECCIÓN,PLANA ,ASFALTADA,,,,,IMPRUDENCIA DEL CONDUCTOR,OTRO (IMPRUDENCIA DEL CONDUCTOR)
A-2023-05-145,03/05/2023,18:00,ATROPELLO,1,0,,JUNIN,JAUJA,YAULI,URBANA,CARRETERA,DEPARTAMENTAL,JU-103,NO,-11.7133259935062,-75.4743156211476,DESPEJADO,RURAL,TRAMO RECTO,PLANA ,CONCRETO,NO,,,SI,IMPRUDENCIA DEL PEATÓN,CRUCE INDEBIDO POR LA CALZADA
A-2023-05-11,03/05/2023,20:35,DESPISTE,1,0,1,TUMBES,ZARUMILLA,ZARUMILLA,RURAL,CARRETERA,NACIONAL,PE-1NO,NO,-3.507851516222535,-80.2973716666135,DESPEJADO,RURAL,ÓVALO,PLANA ,ASFALTADA,,,,,IMPRUDENCIA DEL CONDUCTOR,OTRO (IMPRUDENCIA DEL CONDUCTOR)
A-2023-05-75,03/05/2023,22:45,CHOQUE,1,0,2,ANCASH,BOLOGNESI,ANTONIO RAYMONDI,RURAL,CARRETERA,NACIONAL,PE-16,NO,-10.188703791344778,-77.55333885555015,DESPEJADO,RURAL,SINUOSA,INCLINADA,ASFALTADA,SI,PREVENTIVA (P),,SI,NO IDENTIFICA LA CAUSA,
A-2021-06-59,03/06/2021,01:15,ATROPELLO FUGA,1,0,1,LA LIBERTAD,ASCOPE,PAIJAN,URBANA,CARRETERA,NACIONAL,PE-1N,NO,-7.720955,-79.308816,DESPEJADO,COMERCIAL,TRAMO RECTO,PLANA ,ASFALTADA,,,,,IMPRUDENCIA DEL PEATÓN,CRUCE INDEBIDO POR LA CALZADA
A-2021-06-77,03/06/2021,02:50,DESPISTE,1,8,1,LA LIBERTAD,SANCHEZ CARRION,CHUGAY,RURAL,CARRETERA,NACIONAL,PE-10C,NO,-7.814912,-77.78488,DESPEJADO,RURAL,CURVA,PLANA ,AFIRMADO,,,,,NO IDENTIFICA LA CAUSA,
A-2021-06-293,03/06/2021,04:40,ATROPELLO FUGA,1,0,,CALLAO,CALLAO,CARMEN DE LA LEGUA REYNOSO,URBANA,AVENIDA,URBANO,NO CORRESPONDE,,-12.047462887228148,-77.0874816745895,,,,,,,,,,,
A-2021-06-14,03/06/2021,05:20,CHOQUE,1,0,2,AREQUIPA,AREQUIPA,LA JOYA,RURAL,CARRETERA,NACIONAL,PE-1S,NO,-16.652031,-71.871478,DESPEJADO,RURAL,TRAMO RECTO,PLANA ,ASFALTADA,NO,,,SI,NO IDENTIFICA LA CAUSA,
A-2021-06-11,03/06/2021,10:20,DESPISTE,2,0,1,CAJAMARCA,HUALGAYOC,HUALGAYOC,RURAL,CARRETERA,NACIONAL,PE-3N,NO,-6.75591833,-78.59191,DESPEJADO,RURAL,CURVA,INCLINADA,ASFALTADA,NO,,,SI,IMPRUDENCIA DEL CONDUCTOR,INVASIÓN DE CARRIL
A-2021-06-12,03/06/2021,11:15,CHOQUE,1,2,2,CUSCO,ANTA,ANTA,URBANA,CARRETERA,NACIONAL,PE-3S,NO,-13.463903,-72.1505,DESPEJADO,RESIDENCIAL,TRAMO RECTO,PLANA ,ASFALTADA,,,,,IMPRUDENCIA DEL CONDUCTOR,NO DAR PASO PREFERENTE AL PEATÓN
A-2021-06-103,03/06/2021,13:10,CHOQUE,1,0,,LIMA,LIMA,VILLA EL SALVADOR,URBANA,AVENIDA,URBANO,NO CORRESPONDE,NO,-12.23578,-76.9232,DESPEJADO,INDUSTRIAL,TRAMO RECTO,PLANA ,ASFALTADA,,,,,IMPRUDENCIA DEL CONDUCTOR,CONDUCIR EN ESTADO DE EBRIEDAD Y/O DROGADICCIÓN
A-2021-06-9,03/06/2021,15:40,DESPISTE,1,1,1,HUANUCO,HUAMALIES,MONZON,RURAL,CARRETERA,NACIONAL,PE-14A,NO,-9.23654,-76.08865,DESPEJADO,RURAL,CURVA,PLANA ,ASFALTADA,SI,PREVENTIVA (P),PREVENTIVA (P),NO,IMPRUDENCIA DEL CONDUCTOR,EXCESO DE VELOCIDAD
A-2021-06-111,03/06/2021,17:00,CHOQUE,1,0,0,LIMA,LIMA,LIMA,URBANA,JIRÓN,URBANO,NO CORRESPONDE,NO,-12.053264648063148,-77.06394977468713,DESPEJADO,INDUSTRIAL,TRAMO RECTO,PLANA ,ASFALTADA,,,,,NO IDENTIFICA LA CAUSA,
A-2021-06-65,03/06/2021,19:45,DESPISTE,1,2,1,LA LIBERTAD,ASCOPE,CHOCOPE,RURAL,CARRETERA,NACIONAL,PE-1N,NO,-7.792066,-79.212409,DESPEJADO,RURAL,ÓVALO,PLANA ,ASFALTADA,,,,,NEGLIGENCIA DEL CONDUCTOR,CONDUCIR CON FALLAS DE FRENOS
A-2021-06-131,03/06/2021,22:20,CHOQUE,1,3,2,CUSCO,CALCA,LARES,RURAL,CARRETERA,NACIONAL,PE-3S,NO,-13.20221,-72.073064,DESPEJADO,RURAL,CURVA,INCLINADA,ASFALTADA,,,,,IMPRUDENCIA DEL CONDUCTOR,INVASIÓN DE CARRIL
A-2022-06-218,03/06/2022,14:00,ATROPELLO,1,0,1,PUNO,LAMPA,PUCARA,RURAL,CARRETERA,NACIONAL,PE-3S,NO,-14.9737186,-70.4617742,DESPEJADO,RURAL,TRAMO RECTO,PLANA ,ASFALTADA,,,,,IMPRUDENCIA DEL CONDUCTOR,EXCESO DE VELOCIDAD
A-2022-06-105,03/06/2022,16:40,DESPISTE,1,0,1,PUNO,AZANGARO,SAN ANTON,RURAL,CARRETERA,NACIONAL,PE-34B,NO,-14.577643229825165,-70.29668030476903,DESPEJADO,RURAL,TRAMO RECTO,PLANA ,TROCHA,,,,,INFRAESTRUCTURA Y ENTORNO VIAL,SUPERFICIE DETERIORADA
A-2022-06-40,03/06/2022,20:40,ATROPELLO,1,0,1,PIURA,PIURA,PIURA,URBANA,AVENIDA,URBANO,NO CORRESPONDE,NO,-5.19449,-80.63282,DESPEJADO,COMERCIAL,TRAMO RECTO,PLANA ,ASFALTADA,,,,,NO IDENTIFICA LA CAUSA,
A-2022-06-3,03/06/2022,22:30,ATROPELLO FUGA,1,0,,PUNO,CHUCUITO,POMATA,RURAL,CARRETERA,VECINAL,PU-1281,NO,-16.31973,-69.289562,DESPEJADO,RURAL,TRAMO RECTO,PLANA ,TROCHA,,,,,NO IDENTIFICA LA CAUSA,
A-2023-06-106,03/06/2023,02:30,CAÍDA DE PASAJERO,1,0,0,LORETO,MAYNAS,IQUITOS,URBANA,CALLE,URBANO,NO CORRESPONDE,NO,-3.7370311,-73.2594809,DESPEJADO,COMERCIAL,TRAMO RECTO,PLANA ,ASFALTADA,NO,,,SI,IMPRUDENCIA DEL CONDUCTOR,OTRO (IMPRUDENCIA DEL CONDUCTOR)
A-2023-06-3,03/06/2023,05:20,VOLCADURA,1,0,1,AREQUIPA,AREQUIPA,CERRO COLORADO,URBANA,CARRETERA,NACIONAL,PE-34A,NO,-16.3761299,-71.5749322,DESPEJADO,COMERCIAL,TRAMO RECTO,INCLINADA,ASFALTADA,NO,,,SI,NO IDENTIFICA LA CAUSA,
A-2023-06-175,03/06/2023,06:00,DESPISTE,1,0,1,CAJAMARCA,CHOTA,QUEROCOTO,URBANA,AVENIDA,URBANO,NO CORRESPONDE,NO,-6.363512,-79.032288,DESPEJADO,COMERCIAL,INTERSECCIÓN,INCLINADA,ASFALTADA,NO,,,NO,NEGLIGENCIA DEL CONDUCTOR,OTRO (NEGLIGENCIA DEL CONDUCTOR)
A-2023-06-109,03/06/2023,07:30,CHOQUE,1,0,2,ICA,CHINCHA,CHINCHA BAJA,RURAL,CARRETERA,NACIONAL,PE-1S,NO,-13.458801,-76.136465,DESPEJADO,RURAL,TRAMO RECTO,PLANA ,ASFALTADA,,,,,NO IDENTIFICA LA CAUSA,
A-2023-06-83,03/06/2023,11:30,CHOQUE,1,0,2,PASCO,PASCO,YANACANCHA,RURAL,CARRETERA,NACIONAL,PE-3N,NO,-10.694413327213853,-76.22084291435928,DESPEJADO,RURAL,CURVA,INCLINADA,ASFALTADA,SI,REGULADORA (R),,NO,IMPERICIA DEL CONDUCTOR,
A-2023-06-116,03/06/2023,18:45,ATROPELLO,1,0,,LIMA,LIMA,LIMA,RURAL,AVENIDA,URBANO,NO CORRESPONDE,NO,-12.055194789607143,-77.030261418098,DESPEJADO,COMERCIAL,INTERSECCIÓN,PLANA ,ASFALTADA,,,,,EN PROCESO DE INVESTIGACIÓN,NO CUENTA CON CAUSA ESPECIFICA
A-2023-06-117,03/06/2023,19:20,ATROPELLO,1,0,,LIMA,LIMA,PUCUSANA,URBANA,AVENIDA,URBANO,NO CORRESPONDE,NO,-12.49241469,-76.78754177,DESPEJADO,ESCOLAR,TRAMO RECTO,PLANA ,ASFALTADA,,,,,EN PROCESO DE INVESTIGACIÓN,NO CUENTA CON CAUSA ESPECIFICA
A-2023-06-176,03/06/2023,19:30,CHOQUE,1,0,2,CAJAMARCA,JAEN,JAEN,URBANA,CARRETERA,NACIONAL,PE-5N,NO,-5.73266,-78.793965,DESPEJADO,INDUSTRIAL,INTERSECCIÓN,INCLINADA,ASFALTADA,,,,,IMPRUDENCIA DEL CONDUCTOR,OTRO (IMPRUDENCIA DEL CONDUCTOR)
A-2023-06-6,03/06/2023,21:35,CHOQUE FUGA,1,2,1,PUNO,EL COLLAO,ILAVE,RURAL,CARRETERA,NACIONAL,PE-38A,NO,-16.120983,-69.641112,DESPEJADO,RURAL,TRAMO RECTO,PLANA ,ASFALTADA,,,,,IMPRUDENCIA DEL CONDUCTOR,INVASIÓN DE CARRIL
A-2021-07-14,03/07/2021,01:12,CHOQUE,1,0,,LIMA,LIMA,LA VICTORIA,URBANA,AVENIDA,URBANO,NO CORRESPONDE,NO,-12.059242242659254,-77.02981069274405,DESPEJADO,INDUSTRIAL,TRAMO RECTO,PLANA ,CONCRETO,,,,,IMPRUDENCIA DEL CONDUCTOR,CONDUCIR EN ESTADO DE EBRIEDAD Y/O DROGADICCIÓN
A-2021-07-181,03/07/2021,01:40,DESPISTE,1,0,1,CUSCO,CANCHIS,SICUANI,RURAL,CARRETERA,SIN CLASIFICAR,SIN CLASIFICAR,NO,-14.210094,-71.174294,DESPEJADO,RURAL,TRAMO RECTO,PLANA ,ASFALTADA,SI,PREVENTIVA (P),PREVENTIVA (P),SI,NO IDENTIFICA LA CAUSA,
A-2021-07-102,03/07/2021,10:30,CHOQUE,1,4,2,CAJAMARCA,JAEN,BELLAVISTA,RURAL,CARRETERA,NACIONAL,PE-5N,NO,-5.598685,-78.781379,SOLEADO,RURAL,TRAMO RECTO,PLANA ,ASFALTADA,SI,REGULADORA (R),REGULADORA (R),NO,IMPRUDENCIA DEL CONDUCTOR,EXCESO DE VELOCIDAD
A-2021-07-235,03/07/2021,12:19,DESPISTE,1,0,1,PIURA,TALARA,MANCORA,URBANA,AVENIDA,URBANO,NO CORRESPONDE,NO,-4.10401028138664,-81.04727978228925,DESPEJADO,RESIDENCIAL,TRAMO RECTO,PLANA ,ASFALTADA,,,,,,
A-2021-07-205,03/07/2021,15:00,CHOQUE,3,10,2,LAMBAYEQUE,FERREÑAFE,FERREÑAFE,RURAL,CARRETERA,DEPARTAMENTAL,LA-111,NO,-6.590189,-79.785812,DESPEJADO,RURAL,TRAMO RECTO,PLANA ,ASFALTADA,,,,,NO IDENTIFICA LA CAUSA,
A-2021-07-57,03/07/2021,19:30,CHOQUE,1,0,2,LA LIBERTAD,CHEPEN,PACANGA,RURAL,CARRETERA,NACIONAL,PE-1N,NO,-7.178163,-79.4377261,DESPEJADO,RURAL,TRAMO RECTO,PLANA ,ASFALTADA,,,,,NO IDENTIFICA LA CAUSA,
A-2021-07-15,03/07/2021,19:40,CHOQUE,1,2,0,LIMA,LIMA,ATE,URBANA,AVENIDA,URBANO,NO CORRESPONDE,NO,-12.064744,-76.978404,DESPEJADO,COMERCIAL,TRAMO RECTO,PLANA ,CONCRETO,,,,,NO IDENTIFICA LA CAUSA,
A-2021-07-209,03/07/2021,20:30,CHOQUE,1,2,2,LAMBAYEQUE,LAMBAYEQUE,MORROPE,RURAL,CARRETERA,NACIONAL,PE-1N,NO,-6.5737219428976905,-79.9984510354677,DESPEJADO,RURAL,PASE A DESNIVEL,INCLINADA,ASFALTADA,SI,INFORMATIVA (I),PREVENTIVA (P),NO,NO IDENTIFICA LA CAUSA,
A-2021-07-16,03/07/2021,22:00,ATROPELLO,1,0,,LIMA,LIMA,ATE,URBANA,CARRETERA,NACIONAL,PE-22,NO,-12.00750801125261,-76.85646207678862,DESPEJADO,INDUSTRIAL,TRAMO RECTO,PLANA ,CONCRETO,,,,,IMPRUDENCIA DEL PEATÓN,ESTADO DE EBRIEDAD Y/O DROGADICCIÓN
A-2022-07-261,03/07/2022,07:30,CHOQUE,3,6,5,ICA,CHINCHA,GROCIO PRADO,RURAL,CARRETERA,NACIONAL,PE-1S,NO,-13.38707444,-76.20203622,DESPEJADO,RURAL,TRAMO RECTO,PLANA ,ASFALTADA,,,,,IMPRUDENCIA DEL CONDUCTOR,FATIGA Y/O CANSANCIO
A-2022-07-3,03/07/2022,10:30,ATROPELLO,1,0,,CALLAO,CALLAO,CALLAO,URBANA,AVENIDA,URBANO,NO CORRESPONDE,NO,-12.062088097143757,-77.14276654465186,DESPEJADO,COMERCIAL,TRAMO RECTO,PLANA ,ASFALTADA,NO,,,SI,IMPRUDENCIA DEL CONDUCTOR,OTRO (IMPRUDENCIA DEL CONDUCTOR)
A-2022-07-213,03/07/2022,14:30,VOLCADURA,2,1,,APURIMAC,COTABAMBAS,MARA,RURAL,CARRETERA,SIN CLASIFICAR,SIN CLASIFICAR,,-14.033949034102209,-72.14636488596634,,,,,,,,,,,
A-2022-07-61,03/07/2022,16:00,DESPISTE,3,0,1,LA LIBERTAD,PATAZ,PATAZ,RURAL,CARRETERA,VECINAL,LI-861,NO,-7.788201,-77.595033,DESPEJADO,RURAL,TRAMO RECTO,PLANA ,AFIRMADO,,,,,IMPRUDENCIA DEL CONDUCTOR,OTRO (IMPRUDENCIA DEL CONDUCTOR)
A-2022-07-36,03/07/2022,18:30,ATROPELLO,1,0,1,LA LIBERTAD,ASCOPE,CHICAMA,RURAL,CARRETERA,NACIONAL,PE-1N,NO,-7.8757916009639155,-79.13215306921666,DESPEJADO,RURAL,TRAMO RECTO,PLANA ,ASFALTADA,,,,,IMPRUDENCIA DEL CONDUCTOR,ADELANTAR INDEBIDAMENTE
A-2022-07-44,03/07/2022,20:10,DESPISTE,1,0,1,LIMA,BARRANCA,PATIVILCA,URBANA,CARRETERA,NACIONAL,PE-16A,NO,-10.661403010346051,-77.77216329846316,NUBLADO,RURAL,TRAMO RECTO,PLANA ,ASFALTADA,,,,,NO IDENTIFICA LA CAUSA,
A-2022-07-62,03/07/2022,23:00,DESPISTE,2,2,1,LA LIBERTAD,PATAZ,ONGON,RURAL,CARRETERA,DEPARTAMENTAL,LI-129,NO,-8.194369,-76.982986,DESPEJADO,RURAL,TRAMO RECTO,INCLINADA,AFIRMADO,,,,,IMPRUDENCIA DEL CONDUCTOR,EXCESO DE VELOCIDAD
A-2022-07-246,03/07/2022,23:30,CHOQUE,1,0,,JUNIN,SATIPO,RIO NEGRO,RURAL,CARRETERA,NACIONAL,PE-5S,,-11.21196936009697,-74.65767326686544,,,,,,,,,,,
A-2023-07-163,03/07/2023,05:40,ATROPELLO,1,0,,JUNIN,HUANCAYO,HUALHUAS,URBANA,CARRETERA,NACIONAL,PE-3S,NO,-11.9797736,-75.2638076,DESPEJADO,RURAL,TRAMO RECTO,PLANA ,ASFALTADA,NO,,,SI,IMPRUDENCIA DEL PEATÓN,CRUCE INDEBIDO POR LA CALZADA
A-2023-07-100,03/07/2023,09:00,ATROPELLO,1,0,0,PUNO,SAN ANTONIO DE PUTINA,ANANEA,URBANA,JIRÓN,URBANO,NO CORRESPONDE,NO,-14.678106,-69.534111,DESPEJADO,COMERCIAL,TRAMO RECTO,INCLINADA,ASFALTADA,,,,,IMPRUDENCIA DEL CONDUCTOR,CONDUCIR EN SENTIDO CONTRARIO
A-2023-07-4,03/07/2023,10:00,CHOQUE FUGA,1,0,1,TUMBES,ZARUMILLA,AGUAS VERDES,RURAL,CARRETERA,NACIONAL,PE-1NO,NO,-3.4843348395075604,-80.25920921141396,SOLEADO,RURAL,CURVA,PLANA ,ASFALTADA,,,,,IMPRUDENCIA DEL CONDUCTOR,GIRAR IMPRUDENTEMENTE
A-2023-07-8,03/07/2023,14:15,CHOQUE,1,1,2,LA LIBERTAD,VIRU,VIRU,RURAL,CARRETERA,VECINAL,LI-1154,NO,-8.448069607843763,-78.81717376691756,DESPEJADO,RURAL,TRAMO RECTO,PLANA ,AFIRMADO,,,,,NO IDENTIFICA LA CAUSA,
A-2021-08-205,03/08/2021,03:00,CHOQUE,2,1,3,AYACUCHO,LA MAR,TAMBO,RURAL,CARRETERA,NACIONAL,PE-28B,NO,-12.962231,-74.076273,DESPEJADO,RURAL,CURVA,INCLINADA,ASFALTADA,,,,,NEGLIGENCIA DEL CONDUCTOR,CONDUCIR CON FALLAS DE FRENOS
A-2021-08-111,03/08/2021,03:35,ATROPELLO FUGA,1,0,0,LAMBAYEQUE,CHICLAYO,LA VICTORIA,RURAL,CARRETERA,NACIONAL,PE-1N,NO,-6.817081171582661,-79.82943875697003,DESPEJADO,RURAL,TRAMO RECTO,PLANA ,ASFALTADA,,,,,NO IDENTIFICA LA CAUSA,
A-2021-08-14,03/08/2021,05:15,CHOQUE,1,1,2,CALLAO,CALLAO,VENTANILLA,URBANA,AVENIDA,URBANO,NO CORRESPONDE,NO,-11.829234987499738,-77.12120340024269,DESPEJADO,RESIDENCIAL,TRAMO RECTO,PLANA ,ASFALTADA,,,,,NEGLIGENCIA DEL CONDUCTOR,OTRO (NEGLIGENCIA DEL CONDUCTOR)
A-2021-08-322,03/08/2021,06:31,DESPISTE,1,4,1,SAN MARTIN,SAN MARTIN,LA BANDA DE SHILCAYO,RURAL,CARRETERA,NACIONAL,PE-5NB,NO,-6.49832,-76.340749,DESPEJADO,RURAL,TRAMO RECTO,PLANA ,ASFALTADA,NO,,,SI,IMPRUDENCIA DEL CONDUCTOR,EXCESO DE VELOCIDAD
A-2021-08-227,03/08/2021,15:00,ATROPELLO,1,0,0,LIMA,LIMA,COMAS,URBANA,AVENIDA,URBANO,NO CORRESPONDE,NO,-11.945384,-77.063179,DESPEJADO,ESCOLAR,TRAMO RECTO,PLANA ,ASFALTADA,,,,,NO IDENTIFICA LA CAUSA,
A-2021-08-224,03/08/2021,17:00,CHOQUE,1,1,2,LIMA,LIMA,CARABAYLLO,URBANA,AVENIDA,URBANO,NO CORRESPONDE,NO,-11.8635734,-77.008134,DESPEJADO,RURAL,TRAMO RECTO,PLANA ,ASFALTADA,,,,,NO IDENTIFICA LA CAUSA,
A-2022-08-175,03/08/2022,18:40,ATROPELLO,1,0,,ANCASH,SANTA,CHIMBOTE,RURAL,CARRETERA,SIN CLASIFICAR,SIN CLASIFICAR,NO,-9.024249928576673,-78.55449104182941,DESPEJADO,RURAL,TRAMO RECTO,PLANA ,ASFALTADA,,,,,NO IDENTIFICA LA CAUSA,
A-2023-08-139,03/08/2023,12:05,DESPISTE,1,0,1,AYACUCHO,HUAMANGA,TAMBILLO,RURAL,CARRETERA,VECINAL,AY-759,NO,-13.229184,-74.135973,DESPEJADO,RURAL,TRAMO RECTO,PLANA ,AFIRMADO,,,,,IMPRUDENCIA DEL CONDUCTOR,OTRO (IMPRUDENCIA DEL CONDUCTOR)
A-2021-09-3,03/09/2021,05:03,CHOQUE,2,1,2,TACNA,TACNA,SAMA,RURAL,CARRETERA,NACIONAL,PE-1SD,NO,-18.170531,-70.646438,NIEBLA,RURAL,TRAMO RECTO,PLANA ,ASFALTADA,NO,,,SI,IMPRUDENCIA DEL CONDUCTOR,FATIGA Y/O CANSANCIO
A-2021-09-168,03/09/2021,11:30,ATROPELLO,1,0,1,CUSCO,CUSCO,SAN JERONIMO,URBANA,AVENIDA,URBANO,NO CORRESPONDE,SI,-13.54395,-71.8953,DESPEJADO,RESIDENCIAL,TRAMO RECTO,PLANA ,ASFALTADA,,,,,IMPRUDENCIA DEL CONDUCTOR,EXCESO DE VELOCIDAD
A-2021-09-53,03/09/2021,13:40,ATROPELLO,1,0,,LIMA,LIMA,VILLA EL SALVADOR,URBANA,AVENIDA,URBANO,NO CORRESPONDE,SI,-12.224591563708854,-76.9388602205455,DESPEJADO,RESIDENCIAL,TRAMO RECTO,PLANA ,ASFALTADA,,,,,IMPRUDENCIA DEL CONDUCTOR,OTRO (IMPRUDENCIA DEL CONDUCTOR)
A-2021-09-46,03/09/2021,20:50,DESPISTE,1,2,1,ANCASH,HUARAZ,PIRA,RURAL,CARRETERA,SIN CLASIFICAR,SIN CLASIFICAR,NO,-9.541716398464796,-77.73839969223597,LLUVIOSO,RURAL,CURVA,INCLINADA,ASFALTADA,,,,,,
A-2021-09-241,03/09/2021,22:00,ATROPELLO FUGA,1,0,0,LIMA,BARRANCA,PARAMONGA,RURAL,CARRETERA,NACIONAL,PE-1N,NO,-10.599432782782975,-77.87115271263951,LLUVIOSO,RURAL,TRAMO RECTO,PLANA ,ASFALTADA,,,,,NO IDENTIFICA LA CAUSA,
A-2022-09-28,03/09/2022,06:00,CHOQUE FUGA,1,1,1,ICA,PISCO,SAN CLEMENTE,RURAL,CARRETERA,NACIONAL,PE-1S,NO,-13.593712926364402,-76.1450036305988,NUBLADO,RURAL,TRAMO RECTO,PLANA ,ASFALTADA,,,,,NO IDENTIFICA LA CAUSA,
A-2022-09-27,03/09/2022,11:00,CHOQUE,2,2,2,AREQUIPA,AREQUIPA,SAN JUAN DE TARUCANI,RURAL,CARRETERA,NACIONAL,PE-34A,NO,-16.0537867,-71.3401677,DESPEJADO,RURAL,CURVA,INCLINADA,ASFALTADA,NO,,,SI,NO IDENTIFICA LA CAUSA,
A-2022-09-157,03/09/2022,16:30,CHOQUE,1,1,2,LIMA,LIMA,LA VICTORIA,URBANA,VIA EXPRESA,URBANO,NO CORRESPONDE,NO,-12.05826931745082,-77.02332743744901,DESPEJADO,COMERCIAL,TRAMO RECTO,PLANA ,ASFALTADA,,,,,INFRAESTRUCTURA Y ENTORNO VIAL,OTRO (INFRAESTRUCTURA Y ENTORNO VIAL)