CÓDIGO SINIESTRO,FECHA SINIESTRO,HORA SINIESTRO,CLASE SINIESTRO,CANTIDAD DE FALLECIDOS,CANTIDAD DE LESIONADOS,CANTIDAD DE VEHICULOS DAÑADOS,DEPARTAMENTO,PROVINCIA,DISTRITO,ZONA,TIPO DE VÍA,RED VIAL,COD CARRETERA,EXISTE CICLOVÍA,COORDENADAS LATITUD,COORDENADAS  LONGITUD,CONDICIÓN CLIMÁTICA,ZONIFICACIÓN,CARACTERÍSTICAS DE VÍA,PERFIL LONGITUDINAL VÍA,SUPERFICIE DE CALZADA,¿EXISTE SEÑAL VERTICAL?,CLASIFICACIÓN DE LA SEÑAL VERTICAL Nº 1,CLASIFICACIÓN DE LA SEÑAL VERTICAL Nº 2,¿EXISTE SEÑAL HORIZONTAL?,CAUSA FACTOR PRINCIPAL,CAUSA ESPECÍFICA
A-2022-09-20,03/09/2022,19:20,DESPISTE,2,2,1,CUSCO,QUISPICANCHI,HUARO,RURAL,CARRETERA,VECINAL,CU-1326,NO,-13.713765,-71.668069,DESPEJADO,RURAL,PUENTE,PLANA ,TROCHA,SI,PREVENTIVA (P),INFORMATIVA (I),NO,NEGLIGENCIA DEL CONDUCTOR,OTRO (NEGLIGENCIA DEL CONDUCTOR)
A-2022-09-169,03/09/2022,19:30,CHOQUE,1,6,2,HUANUCO,HUANUCO,QUISQUI (KICHKI),RURAL,CARRETERA,NACIONAL,PE-3N,NO,-9.892991,-76.449561,DESPEJADO,RURAL,TRAMO RECTO,PLANA ,ASFALTADA,,,,,IMPRUDENCIA DEL CONDUCTOR,EXCESO DE VELOCIDAD
A-2023-09-15,03/09/2023,08:00,ATROPELLO,1,0,,AREQUIPA,AREQUIPA,CERRO COLORADO,URBANA,CALLE,URBANO,NO CORRESPONDE,NO,-16.331323,-71.590875,SOLEADO,RESIDENCIAL,TRAMO RECTO,PLANA ,ASFALTADA,NO,,,SI,NO IDENTIFICA LA CAUSA,
A-2023-09-1,03/09/2023,14:30,CHOQUE FUGA,1,1,1,ANCASH,YUNGAY,MANCOS,RURAL,CARRETERA,NACIONAL,PE-1NA,NO,-9.211852147099936,-77.68879183366934,DESPEJADO,RURAL,CURVA,PLANA ,ASFALTADA,SI,PREVENTIVA (P),,SI,NO IDENTIFICA LA CAUSA,
A-2023-09-59,03/09/2023,20:00,DESPISTE,2,0,1,LA LIBERTAD,BOLIVAR,BOLIVAR,RURAL,CARRETERA,NACIONAL,PE-3NB,NO,-7.160296646886007,-77.69923457189383,DESPEJADO,RURAL,TRAMO RECTO,PLANA ,TROCHA,,,,,NO IDENTIFICA LA CAUSA,
A-2023-09-90,03/09/2023,21:30,DESPISTE,1,0,1,PIURA,PIURA,CASTILLA,RURAL,CALLE,URBANO,NO CORRESPONDE,NO,-5.193018,-80.6073,DESPEJADO,RURAL,TRAMO RECTO,PLANA ,TROCHA,,,,,IMPRUDENCIA DEL CONDUCTOR,OTRO (IMPRUDENCIA DEL CONDUCTOR)
A-2023-09-60,03/09/2023,22:00,CHOQUE,1,0,2,LA LIBERTAD,SANTIAGO DE CHUCO,SANTIAGO DE CHUCO,URBANA,CALLE,URBANO,NO CORRESPONDE,NO,-8.145349,-78.1717949,DESPEJADO,COMERCIAL,TRAMO RECTO,PLANA ,ASFALTADA,,,,,NO IDENTIFICA LA CAUSA,
A-2023-09-57,03/09/2023,22:30,CHOQUE,1,0,2,LA LIBERTAD,TRUJILLO,VICTOR LARCO HERRERA,URBANA,CARRETERA,NACIONAL,PE-1N,NO,-8.1466663,-79.0302184,DESPEJADO,COMERCIAL,TRAMO RECTO,PLANA ,ASFALTADA,,,,,NO IDENTIFICA LA CAUSA,
A-2021-10-263,03/10/2021,04:40,CHOQUE,1,0,2,LIMA,BARRANCA,BARRANCA,URBANA,AVENIDA,URBANO,NO CORRESPONDE,NO,-10.752897390545103,-77.75814059112236,LLUVIOSO,COMERCIAL,INTERSECCIÓN,PLANA ,ASFALTADA,,,,,NO IDENTIFICA LA CAUSA,
A-2021-10-1,03/10/2021,06:30,ATROPELLO FUGA,1,0,0,PUNO,EL COLLAO,ILAVE,RURAL,CARRETERA,NACIONAL,PE-38A,NO,-16.164515,-69.649208,DESPEJADO,RURAL,TRAMO RECTO,PLANA ,ASFALTADA,,,,,NO IDENTIFICA LA CAUSA,
A-2021-10-73,03/10/2021,07:27,ATROPELLO,1,0,1,LA LIBERTAD,PATAZ,PARCOY,RURAL,CARRETERA,VECINAL,LI-893,NO,-8.021766,-77.476395,DESPEJADO,RURAL,TRAMO RECTO,PLANA ,ASFALTADA,,,,,NEGLIGENCIA DEL CONDUCTOR,OTRO (NEGLIGENCIA DEL CONDUCTOR)
A-2021-10-264,03/10/2021,07:50,CHOQUE,1,0,2,LIMA,BARRANCA,BARRANCA,RURAL,CARRETERA,DEPARTAMENTAL,LM-100,NO,-10.77671786202964,-77.74506182475308,DESPEJADO,RURAL,TRAMO RECTO,PLANA ,ASFALTADA,,,,,NO IDENTIFICA LA CAUSA,
A-2021-10-41,03/10/2021,12:40,DESPISTE,1,1,1,LIMA,LIMA,SAN MARTIN DE PORRES,URBANA,AVENIDA,URBANO,NO CORRESPONDE,NO,-11.9907417,-77.0930204,DESPEJADO,COMERCIAL,INTERSECCIÓN,PLANA ,ASFALTADA,,,,,NO IDENTIFICA LA CAUSA,
A-2021-10-275,03/10/2021,19:40,ATROPELLO,1,0,,SAN MARTIN,SAN MARTIN,TARAPOTO,URBANA,JIRÓN,URBANO,NO CORRESPONDE,NO,-6.48395,-76.37267,DESPEJADO,COMERCIAL,TRAMO RECTO,PLANA ,ASFALTADA,NO,,,SI,NO IDENTIFICA LA CAUSA,
A-2021-10-71,03/10/2021,21:10,ATROPELLO,1,0,1,LA LIBERTAD,ASCOPE,CHICAMA,URBANA,CARRETERA,NACIONAL,PE-1N,NO,-7.920846350651576,-79.11031771336556,DESPEJADO,INDUSTRIAL,TRAMO RECTO,PLANA ,ASFALTADA,,,,,NO IDENTIFICA LA CAUSA,
A-2021-10-11,03/10/2021,22:20,ATROPELLO FUGA,1,0,,TACNA,TACNA,CORONEL GREGORIO ALBARRACIN LANCHIPA,URBANA,AVENIDA,URBANO,NO CORRESPONDE,NO,-18.029903543390716,-70.25125439989434,LLUVIOSO,INDUSTRIAL,TRAMO RECTO,PLANA ,ASFALTADA,,,,,IMPRUDENCIA DEL PEATÓN,ESTADO DE EBRIEDAD Y/O DROGADICCIÓN
A-2021-10-72,03/10/2021,23:00,ATROPELLO FUGA,1,0,0,LA LIBERTAD,VIRU,CHAO,RURAL,CARRETERA,NACIONAL,PE-1N,NO,-8.537008,-78.67925,DESPEJADO,RURAL,TRAMO RECTO,PLANA ,ASFALTADA,,,,,NO IDENTIFICA LA CAUSA,
A-2022-10-144,03/10/2022,07:30,ATROPELLO,1,0,,LIMA,LIMA,CHORRILLOS,URBANA,AVENIDA,URBANO,NO CORRESPONDE,NO,-12.182793437982793,-76.99984942508037,DESPEJADO,COMERCIAL,TRAMO RECTO,PLANA ,ASFALTADA,,,,,NO IDENTIFICA LA CAUSA,
A-2022-10-68,03/10/2022,12:00,ATROPELLO,1,0,1,LA LIBERTAD,TRUJILLO,TRUJILLO,URBANA,AVENIDA,URBANO,NO CORRESPONDE,NO,-8.129605,-79.021337,DESPEJADO,COMERCIAL,TRAMO RECTO,PLANA ,ASFALTADA,,,,,IMPRUDENCIA DEL PEATÓN,ESTADO DE EBRIEDAD Y/O DROGADICCIÓN
A-2022-10-41,03/10/2022,15:00,CHOQUE,1,1,2,PASCO,PASCO,YANACANCHA,URBANA,CARRETERA,NACIONAL,PE-3N,NO,-10.542373862227407,-76.18979912470938,DESPEJADO,RURAL,TRAMO RECTO,PLANA ,ASFALTADA,,,,,NO IDENTIFICA LA CAUSA,
A-2022-10-7,03/10/2022,15:40,ATROPELLO FUGA,1,0,1,TUMBES,ZARUMILLA,MATAPALO,RURAL,CARRETERA,DEPARTAMENTAL,TU-101,NO,-3.678658379346804,-80.19644125789904,DESPEJADO,RURAL,CURVA,INCLINADA,ASFALTADA,,,,,NO IDENTIFICA LA CAUSA,
A-2022-10-143,03/10/2022,16:00,DESPISTE,1,0,,LIMA,LIMA,CHORRILLOS,URBANA,CARRETERA,NACIONAL,PE-1S,,-12.218047509792374,-76.97741907959578,,,,,,,,,,,
A-2022-10-14,03/10/2022,16:08,DESPISTE,1,0,1,AREQUIPA,CAYLLOMA,CALLALLI,URBANA,AVENIDA,URBANO,NO CORRESPONDE,NO,-15.504957,-71.436949,DESPEJADO,RESIDENCIAL,CURVA,INCLINADA,EMPEDRADO,,,,,NO IDENTIFICA LA CAUSA,
A-2022-10-5,03/10/2022,19:20,CHOQUE,3,4,4,ICA,PISCO,HUMAY,RURAL,CARRETERA,NACIONAL,PE-28A,NO,-13.728955,-75.910783,DESPEJADO,RURAL,TRAMO RECTO,PLANA ,ASFALTADA,,,,,NO IDENTIFICA LA CAUSA,
A-2022-10-8,03/10/2022,21:40,CHOQUE,1,0,2,TUMBES,TUMBES,CORRALES,RURAL,CARRETERA,NACIONAL,PE-1N,NO,-3.6095039538801275,-80.50651960329908,DESPEJADO,RURAL,TRAMO RECTO,PLANA ,ASFALTADA,,,,,IMPRUDENCIA DEL CONDUCTOR,CONDUCIR EN ESTADO DE EBRIEDAD Y/O DROGADICCIÓN
A-2023-10-70,03/10/2023,10:20,VOLCADURA,1,0,1,AMAZONAS,RODRIGUEZ DE MENDOZA,LONGAR,RURAL,CARRETERA,VECINAL,AM-682,NO,-6.388276,-77.529105,SOLEADO,RURAL,TRAMO RECTO,PLANA ,ASFALTADA,NO,,,SI,EN PROCESO DE INVESTIGACIÓN,NO CUENTA CON CAUSA ESPECIFICA
A-2023-10-12,03/10/2023,15:00,DESPISTE,1,2,1,SAN MARTIN,RIOJA,SAN FERNANDO,RURAL,CARRETERA,VECINAL,SM-532,NO,-5.876039,-77.277891,DESPEJADO,RURAL,CURVA,INCLINADA,AFIRMADO,,,,,IMPRUDENCIA DEL CONDUCTOR,OTRO (IMPRUDENCIA DEL CONDUCTOR)
A-2021-11-141,03/11/2021,05:20,ATROPELLO,1,0,0,LIMA,LIMA,SANTA ANITA,URBANA,AVENIDA,URBANO,NO CORRESPONDE,SI,-12.035626064550765,-76.94892346442275,DESPEJADO,COMERCIAL,TRAMO RECTO,PLANA ,ASFALTADA,,,,,NO IDENTIFICA LA CAUSA,
A-2021-11-10,03/11/2021,11:47,ATROPELLO,1,0,,LIMA,LIMA,SAN MARTIN DE PORRES,URBANA,OTRO,URBANO,NO CORRESPONDE,NO,-11.98185556481486,-77.10788603762292,DESPEJADO,RESIDENCIAL,TRAMO RECTO,PLANA ,ASFALTADA,,,,,IMPRUDENCIA DEL CONDUCTOR,EXCESO DE VELOCIDAD
A-2021-11-4,03/11/2021,16:50,DESPISTE,1,1,1,ICA,ICA,SALAS,RURAL,CARRETERA,NACIONAL,PE-1S,NO,-13.930957,-75.926299,DESPEJADO,RURAL,TRAMO RECTO,PLANA ,ASFALTADA,,,,,NO IDENTIFICA LA CAUSA,
A-2021-11-53,03/11/2021,19:48,DESPISTE,2,0,1,LA LIBERTAD,CHEPEN,CHEPEN,RURAL,CARRETERA,SIN CLASIFICAR,SIN CLASIFICAR,NO,-7.292995,-79.387354,DESPEJADO,RURAL,TRAMO RECTO,PLANA ,ASFALTADA,,,,,NO IDENTIFICA LA CAUSA,
A-2021-11-39,03/11/2021,20:00,CHOQUE,1,0,2,PUNO,CARABAYA,CRUCERO,RURAL,CARRETERA,VECINAL,PU-566,NO,-14.352358453309698,-70.01691257460625,DESPEJADO,RURAL,TRAMO RECTO,PLANA ,ASFALTADA,,,,,IMPRUDENCIA DEL CONDUCTOR,CONDUCIR EN SENTIDO CONTRARIO
A-2021-11-99,03/11/2021,21:30,ATROPELLO,1,0,1,CUSCO,ANTA,ANTA,RURAL,CARRETERA,NACIONAL,PE-3S,NO,-13.4767,-72.159212,NUBLADO,RURAL,TRAMO RECTO,PLANA ,ASFALTADA,,,,,IMPRUDENCIA DEL PEATÓN,CRUCE INDEBIDO POR LA CALZADA
A-2021-11-58,03/11/2021,21:50,CHOQUE,1,0,2,LA LIBERTAD,TRUJILLO,MOCHE,RURAL,AVENIDA,URBANO,NO CORRESPONDE,NO,-8.166197,-79.021426,DESPEJADO,RURAL,TRAMO RECTO,PLANA ,ASFALTADA,,,,,IMPRUDENCIA DEL CONDUCTOR,CONDUCIR EN ESTADO DE EBRIEDAD Y/O DROGADICCIÓN
A-2022-11-134,03/11/2022,00:30,CHOQUE CON OBJETO FIJO,1,1,,LIMA,LIMA,SAN MIGUEL,URBANA,OTRO,URBANO,NO CORRESPONDE,NO,-12.086806019114182,-77.09402020708224,DESPEJADO,COMERCIAL,TRAMO RECTO,PLANA ,ASFALTADA,SI,PREVENTIVA (P),,SI,NO IDENTIFICA LA CAUSA,
A-2022-11-180,03/11/2022,05:30,DESPISTE,2,3,,JUNIN,CONCEPCION,COMAS,RURAL,CARRETERA,NACIONAL,PE-24A,NO,-11.766582,-75.225867,LLUVIOSO,RURAL,TRAMO RECTO,INCLINADA,CASCAJO/RIPIO,,,,,IMPRUDENCIA DEL CONDUCTOR,OTRO (IMPRUDENCIA DEL CONDUCTOR)
A-2022-11-20,03/11/2022,16:00,DESPISTE,2,1,1,CUSCO,CHUMBIVILCAS,VELILLE,RURAL,CARRETERA,NACIONAL,PE-3SG,NO,-14.565905801608682,-71.92223637130661,DESPEJADO,RURAL,CURVA,PLANA ,ASFALTADA,SI,PREVENTIVA (P),,SI,IMPRUDENCIA DEL CONDUCTOR,EXCESO DE VELOCIDAD
A-2023-11-24,03/11/2023,00:20,CHOQUE CON OBJETO FIJO,1,1,1,CUSCO,LA CONVENCION,SANTA ANA,RURAL,CARRETERA,NACIONAL,PE-28B,NO,-12.943439,-72.67007,NUBLADO,RURAL,SINUOSA,PLANA ,ASFALTADA,SI,PREVENTIVA (P),,SI,IMPRUDENCIA DEL CONDUCTOR,CONDUCIR EN ESTADO DE EBRIEDAD Y/O DROGADICCIÓN
A-2023-11-112,03/11/2023,03:06,ATROPELLO,1,0,,LIMA,LIMA,RIMAC,URBANA,CARRETERA,NACIONAL,PE-1N,NO,-12.04125586,-77.03303703,DESPEJADO,COMERCIAL,TRAMO RECTO,PLANA ,ASFALTADA,SI,INFORMATIVA (I),,SI,,
A-2023-11-9,03/11/2023,20:15,CHOQUE,1,4,2,JUNIN,HUANCAYO,SAN AGUSTIN,RURAL,CARRETERA,NACIONAL,PE-3S,NO,-12.00325,-75.250725,DESPEJADO,RURAL,TRAMO RECTO,PLANA ,ASFALTADA,NO,,,SI,IMPRUDENCIA DEL CONDUCTOR,OTRO (IMPRUDENCIA DEL CONDUCTOR)
A-2021-12-19,03/12/2021,05:45,ATROPELLO FUGA,1,0,,SAN MARTIN,MOYOBAMBA,JEPELACIO,URBANA,CARRETERA,NACIONAL,PE-5N,NO,-6.127369,-76.843872,DESPEJADO,RURAL,TRAMO RECTO,INCLINADA,ASFALTADA,NO,,,NO,IMPRUDENCIA DEL CONDUCTOR,OTRO (IMPRUDENCIA DEL CONDUCTOR)
A-2021-12-125,03/12/2021,06:20,DESPISTE,1,3,1,PIURA,PIURA,CASTILLA,RURAL,CARRETERA,NACIONAL,PE-1NJ,NO,-5.157905,-80.498647,DESPEJADO,RURAL,TRAMO RECTO,INCLINADA,ASFALTADA,,,,,NO IDENTIFICA LA CAUSA,
A-2021-12-277,03/12/2021,12:30,VOLCADURA,1,1,,APURIMAC,ABANCAY,LAMBRAMA,RURAL,CARRETERA,VECINAL,AP-833,,-13.731927162618451,-72.87942252312583,,,,,,,,,,,
A-2021-12-6,03/12/2021,15:30,DESPISTE,2,1,1,APURIMAC,ANDAHUAYLAS,HUANCARAMA,RURAL,CARRETERA,NACIONAL,PE-3S,NO,-13.641459,-73.097459,LLUVIOSO,RURAL,CURVA,PLANA ,AFIRMADO,NO,,,SI,IMPRUDENCIA DEL CONDUCTOR,EXCESO DE VELOCIDAD
A-2021-12-4,03/12/2021,17:41,ATROPELLO,1,0,,ANCASH,HUARI,MASIN,RURAL,CARRETERA,VECINAL,AN-665,NO,-9.364948549731487,-77.09565316427269,SOLEADO,RURAL,CURVA,INCLINADA,AFIRMADO,,,,,IMPRUDENCIA DEL PEATÓN,CRUCE INDEBIDO POR LA CALZADA
A-2021-12-88,03/12/2021,20:00,DESPISTE,1,2,,APURIMAC,ANDAHUAYLAS,HUANCARAY,RURAL,CARRETERA,VECINAL,AP-719,,-13.730434,-73.533048,,,,,,,,,,,
A-2022-12-5,03/12/2022,00:12,VOLCADURA,1,0,1,PUNO,CHUCUITO,DESAGUADERO,RURAL,CARRETERA,NACIONAL,PE-3S,NO,-16.557421618333436,-69.04112213057007,DESPEJADO,RURAL,CURVA,PLANA ,ASFALTADA,,,,,IMPRUDENCIA DEL CONDUCTOR,CONDUCIR EN ESTADO DE EBRIEDAD Y/O DROGADICCIÓN
A-2022-12-136,03/12/2022,07:00,ATROPELLO,1,0,,LIMA,LIMA,CARABAYLLO,URBANA,AVENIDA,URBANO,NO CORRESPONDE,NO,-11.87342,-77.01557,DESPEJADO,COMERCIAL,INTERSECCIÓN,PLANA ,ASFALTADA,,,,,NO IDENTIFICA LA CAUSA,
A-2022-12-60,03/12/2022,09:50,CHOQUE,1,0,2,LA LIBERTAD,TRUJILLO,HUANCHACO,URBANA,AVENIDA,URBANO,NO CORRESPONDE,NO,-8.04052662881612,-79.05930692022208,DESPEJADO,INDUSTRIAL,INTERSECCIÓN,PLANA ,ASFALTADA,,,,,IMPRUDENCIA DEL CONDUCTOR,GIRAR IMPRUDENTEMENTE
A-2022-12-117,03/12/2022,10:00,CHOQUE CON OBJETO FIJO,1,0,,CAJAMARCA,HUALGAYOC,BAMBAMARCA,URBANA,CARRETERA,NACIONAL,PE-3N,NO,-6.681905,-78.521238,SOLEADO,RESIDENCIAL,INTERSECCIÓN,INCLINADA,CONCRETO,,,,,IMPRUDENCIA DEL PEATÓN,OTRO (IMPRUDENCIA DEL PEATÓN)
A-2022-12-25,03/12/2022,10:30,CAÍDA DE PASAJERO,1,0,,CUSCO,ACOMAYO,ACOPIA,RURAL,CARRETERA,VECINAL,CU-1637,NO,-14.062627600159036,-71.48901467400691,DESPEJADO,RURAL,CURVA,INCLINADA,TROCHA,SI,PREVENTIVA (P),,NO,IMPRUDENCIA DEL PASAJERO/OCUPANTE,OTRO (IMPRUDENCIA DEL PASAJERO/OCUPANTE)
A-2022-12-137,03/12/2022,12:00,ATROPELLO,1,0,,LIMA,LIMA,LURIN,URBANA,AVENIDA,URBANO,NO CORRESPONDE,NO,-12.252987489302239,-76.89355283461006,DESPEJADO,COMERCIAL,TRAMO RECTO,PLANA ,ASFALTADA,,,,,NO IDENTIFICA LA CAUSA,
A-2022-12-177,03/12/2022,14:30,CHOQUE,1,0,3,PASCO,PASCO,YANACANCHA,RURAL,CARRETERA,NACIONAL,PE-3N,NO,-10.695710050194043,-76.23564348831137,DESPEJADO,RURAL,CURVA,INCLINADA,ASFALTADA,SI,PREVENTIVA (P),PREVENTIVA (P),NO,IMPRUDENCIA DEL CONDUCTOR,EXCESO DE VELOCIDAD
A-2022-12-107,03/12/2022,16:40,CHOQUE,1,1,2,LAMBAYEQUE,LAMBAYEQUE,PACORA,RURAL,CARRETERA,NACIONAL,PE-1NJ,NO,-6.4390482,-79.8487323,DESPEJADO,RURAL,TRAMO RECTO,PLANA ,ASFALTADA,,,,,NO IDENTIFICA LA CAUSA,
A-2022-12-19,03/12/2022,19:30,ATROPELLO FUGA,1,0,1,CUSCO,ANTA,HUAROCONDO,URBANA,CARRETERA,DEPARTAMENTAL,CU-110,NO,-13.410079835634498,-72.2072404863384,DESPEJADO,RURAL,TRAMO RECTO,PLANA ,ASFALTADA,,,,,IMPRUDENCIA DEL CONDUCTOR,EXCESO DE VELOCIDAD
A-2022-12-24,03/12/2022,19:31,DESPISTE,1,0,1,CUSCO,CANCHIS,COMBAPATA,RURAL,CARRETERA,NACIONAL,PE-3S,NO,-14.096407674043547,-71.43777373554188,SOLEADO,RURAL,TRAMO RECTO,PLANA ,ASFALTADA,SI,REGULADORA (R),,SI,IMPRUDENCIA DEL CONDUCTOR,CONDUCIR EN ESTADO DE EBRIEDAD Y/O DROGADICCIÓN
A-2022-12-62,03/12/2022,20:00,ATROPELLO,1,0,1,LA LIBERTAD,TRUJILLO,EL PORVENIR,URBANA,CALLE,URBANO,NO CORRESPONDE,NO,-8.049076,-78.989966,DESPEJADO,COMERCIAL,TRAMO RECTO,PLANA ,ASFALTADA,,,,,NO IDENTIFICA LA CAUSA,
A-2023-12-38,03/12/2023,12:00,DESPISTE,1,3,1,LA LIBERTAD,SANCHEZ CARRION,CHUGAY,RURAL,CARRETERA,NACIONAL,PE-10C,NO,-7.792644634373535,-77.77555664256874,DESPEJADO,RURAL,TRAMO RECTO,PLANA ,ASFALTADA,,,,,NO IDENTIFICA LA CAUSA,
A-2023-12-8,03/12/2023,14:20,VOLCADURA,1,0,0,ICA,CHINCHA,EL CARMEN,RURAL,CARRETERA,SIN CLASIFICAR,SIN CLASIFICAR,NO,-13.506284,-76.0856,DESPEJADO,RURAL,TRAMO RECTO,PLANA ,TROCHA,,,,,EN PROCESO DE INVESTIGACIÓN,NO CUENTA CON CAUSA ESPECIFICA
A-2023-12-132,03/12/2023,18:20,ATROPELLO,1,0,1,TACNA,TACNA,CIUDAD NUEVA,URBANA,AVENIDA,URBANO,NO CORRESPONDE,NO,-17.9738389,-70.23355555555555,DESPEJADO,RESIDENCIAL,TRAMO RECTO,PLANA ,ASFALTADA,,,,,IMPRUDENCIA DEL CONDUCTOR,OTRO (IMPRUDENCIA DEL CONDUCTOR)
A-2023-12-3,03/12/2023,22:00,ATROPELLO FUGA,1,0,,SAN MARTIN,RIOJA,NUEVA CAJAMARCA,URBANA,CARRETERA,NACIONAL,PE-5N,NO,-5.8048352,-77.3996292,DESPEJADO,COMERCIAL,TRAMO RECTO,PLANA ,ASFALTADA,,,,,NO IDENTIFICA LA CAUSA,
A-2023-12-7,03/12/2023,23:00,DESPISTE,1,1,1,AMAZONAS,BAGUA,BAGUA,RURAL,CARRETERA,DEPARTAMENTAL,AM-101,NO,-5.636136233,-78.51941,DESPEJADO,RURAL,TRAMO RECTO,PLANA ,ASFALTADA,,,,,NO IDENTIFICA LA CAUSA,
A-2023-12-84,03/12/2023,23:30,CHOQUE,1,0,,PIURA,HUANCABAMBA,HUANCABAMBA,RURAL,CARRETERA,NACIONAL,PE-02A,NO,-5.2469066,-79.454381,DESPEJADO,RURAL,TRAMO RECTO,PLANA ,ASFALTADA,,,,,,
A-2021-01-260,04/01/2021,01:35,ATROPELLO,1,0,0,LIMA,LIMA,ATE,URBANA,AVENIDA,URBANO,NO CORRESPONDE,NO,-12.026010259318932,-76.91912179578782,DESPEJADO,COMERCIAL,TRAMO RECTO,PLANA ,ASFALTADA,,,,,IMPRUDENCIA DEL CONDUCTOR,OTRO (IMPRUDENCIA DEL CONDUCTOR)
A-2021-01-27,04/01/2021,04:00,ATROPELLO FUGA,1,0,0,PIURA,HUANCABAMBA,SONDORILLO,RURAL,CARRETERA,VECINAL,PI-897,NO,-5.334099525062091,-79.44716669304513,DESPEJADO,RURAL,OTRO,INCLINADA,AFIRMADO,,,,,IMPRUDENCIA DEL CONDUCTOR,OTRO (IMPRUDENCIA DEL CONDUCTOR)
A-2021-01-62,04/01/2021,04:30,CHOQUE,1,1,2,AREQUIPA,AREQUIPA,LA JOYA,RURAL,CARRETERA,NACIONAL,PE-34A,NO,-16.528801,-71.758877,NUBLADO,RURAL,TRAMO RECTO,PLANA ,ASFALTADA,SI,PREVENTIVA (P),PREVENTIVA (P),SI,IMPRUDENCIA DEL CONDUCTOR,OTRO (IMPRUDENCIA DEL CONDUCTOR)
A-2021-01-37,04/01/2021,07:20,CHOQUE,1,1,2,ANCASH,CASMA,CASMA,RURAL,CARRETERA,NACIONAL,PE-1N,NO,-9.48456685315444,-78.27405272080628,DESPEJADO,RURAL,INTERSECCIÓN,INCLINADA,ASFALTADA,,,,,IMPRUDENCIA DEL CONDUCTOR,GIRAR IMPRUDENTEMENTE
A-2021-01-169,04/01/2021,15:55,ESPECIAL,1,0,0,CUSCO,PAUCARTAMBO,PAUCARTAMBO,RURAL,CARRETERA,SIN CLASIFICAR,SIN CLASIFICAR,NO,-13.234828053175768,-71.49185821194068,DESPEJADO,RURAL,OTRO,INCLINADA,TROCHA,,,,,NEGLIGENCIA DEL CONDUCTOR,OTRO (NEGLIGENCIA DEL CONDUCTOR)
A-2021-01-56,04/01/2021,20:00,CHOQUE,1,2,,PUNO,CHUCUITO,KELLUYO,RURAL,CARRETERA,DEPARTAMENTAL,PU-152,,-16.687,-69.176,,,,,,,,,,,
A-2021-01-42,04/01/2021,20:45,CHOQUE,1,2,2,LA LIBERTAD,PACASMAYO,PACASMAYO,RURAL,CARRETERA,NACIONAL,PE-1N,NO,-7.41567,-79.548581,DESPEJADO,RURAL,TRAMO RECTO,PLANA ,ASFALTADA,,,,,IMPRUDENCIA DEL CONDUCTOR,ADELANTAR INDEBIDAMENTE
A-2021-01-332,04/01/2021,21:30,CHOQUE,1,1,2,AREQUIPA,CAMANA,MARIANO NICOLAS VALCARCEL,URBANA,CARRETERA,NACIONAL,PE-1S,NO,-16.019292180096436,-73.17370497346323,DESPEJADO,RURAL,SINUOSA,INCLINADA,ASFALTADA,,,,,NO IDENTIFICA LA CAUSA,
A-2022-01-330,04/01/2022,03:00,VOLCADURA,1,1,1,HUANUCO,PACHITEA,PANAO,RURAL,CARRETERA,NACIONAL,PE-18B,NO,-9.902059,-75.999937,DESPEJADO,RURAL,TRAMO RECTO,INCLINADA,TROCHA,,,,,IMPRUDENCIA DEL CONDUCTOR,EXCESO DE VELOCIDAD
A-2022-01-90,04/01/2022,10:45,ATROPELLO,1,0,0,LIMA,LIMA,SAN MARTIN DE PORRES,URBANA,CARRETERA,NACIONAL,PE-1N,NO,-12.02323,-77.058815,DESPEJADO,COMERCIAL,TRAMO RECTO,PLANA ,ASFALTADA,,,,,NO IDENTIFICA LA CAUSA,
A-2022-01-323,04/01/2022,17:50,CHOQUE,1,4,2,HUANUCO,HUANUCO,CHINCHAO,RURAL,CARRETERA,NACIONAL,PE-18A,NO,-9.577413,-76.024176,DESPEJADO,RURAL,CURVA,INCLINADA,ASFALTADA,,,,,IMPRUDENCIA DEL CONDUCTOR,EXCESO DE VELOCIDAD
A-2022-01-169,04/01/2022,19:05,CHOQUE,2,1,2,LA LIBERTAD,VIRU,CHAO,RURAL,CARRETERA,VECINAL,LI-1208,NO,-8.559906,-78.68751,DESPEJADO,RURAL,TRAMO RECTO,PLANA ,ASFALTADA,,,,,IMPRUDENCIA DEL CONDUCTOR,INVASIÓN DE CARRIL
A-2022-01-91,04/01/2022,20:30,DESPISTE,1,0,0,LIMA,LIMA,SAN MARTIN DE PORRES,URBANA,AVENIDA,URBANO,NO CORRESPONDE,NO,-11.987278,-77.103042,DESPEJADO,COMERCIAL,INTERSECCIÓN,PLANA ,ASFALTADA,,,,,NO IDENTIFICA LA CAUSA,
A-2023-01-134,04/01/2023,04:30,CHOQUE,1,0,,LIMA,LIMA,SANTIAGO DE SURCO,URBANA,CARRETERA,NACIONAL,PE-1S,NO,-12.131482,-76.978481,DESPEJADO,COMERCIAL,TRAMO RECTO,PLANA ,ASFALTADA,,,,,IMPRUDENCIA DEL CONDUCTOR,OTRO (IMPRUDENCIA DEL CONDUCTOR)