CÓDIGO SINIESTRO,FECHA SINIESTRO,HORA SINIESTRO,CLASE SINIESTRO,CANTIDAD DE FALLECIDOS,CANTIDAD DE LESIONADOS,CANTIDAD DE VEHICULOS DAÑADOS,DEPARTAMENTO,PROVINCIA,DISTRITO,ZONA,TIPO DE VÍA,RED VIAL,COD CARRETERA,EXISTE CICLOVÍA,COORDENADAS LATITUD,COORDENADAS  LONGITUD,CONDICIÓN CLIMÁTICA,ZONIFICACIÓN,CARACTERÍSTICAS DE VÍA,PERFIL LONGITUDINAL VÍA,SUPERFICIE DE CALZADA,¿EXISTE SEÑAL VERTICAL?,CLASIFICACIÓN DE LA SEÑAL VERTICAL Nº 1,CLASIFICACIÓN DE LA SEÑAL VERTICAL Nº 2,¿EXISTE SEÑAL HORIZONTAL?,CAUSA FACTOR PRINCIPAL,CAUSA ESPECÍFICA
A-2021-11-146,05/11/2021,23:10,ATROPELLO FUGA,1,0,0,LIMA,LIMA,SAN JUAN DE MIRAFLORES,URBANA,CARRETERA,NACIONAL,PE-1S,NO,-12.184364,-76.974964,DESPEJADO,RESIDENCIAL,TRAMO RECTO,PLANA ,ASFALTADA,,,,,NO IDENTIFICA LA CAUSA,
A-2022-11-179,05/11/2022,08:00,ATROPELLO,1,0,,JUNIN,JAUJA,MUQUIYAUYO,RURAL,CARRETERA,NACIONAL,PE-3SB,NO,-11.820896,-75.451566,DESPEJADO,RURAL,TRAMO RECTO,PLANA ,ASFALTADA,SI,REGULADORA (R),,SI,IMPRUDENCIA DEL CONDUCTOR,OTRO (IMPRUDENCIA DEL CONDUCTOR)
A-2022-11-3,05/11/2022,10:50,CHOQUE,1,0,2,ICA,ICA,SANTIAGO,URBANA,CARRETERA,NACIONAL,PE-1S,NO,-14.184147,-75.714582,SOLEADO,ESCOLAR,TRAMO RECTO,PLANA ,ASFALTADA,,,,,NO IDENTIFICA LA CAUSA,
A-2022-11-18,05/11/2022,16:45,ATROPELLO,1,0,0,CUSCO,ESPINAR,ESPINAR,URBANA,AVENIDA,URBANO,NO CORRESPONDE,NO,-14.786886338089769,-71.40646845800093,DESPEJADO,COMERCIAL,TRAMO RECTO,PLANA ,ASFALTADA,,,,,IMPRUDENCIA DEL PEATÓN,CRUCE INDEBIDO POR LA CALZADA
A-2022-11-185,05/11/2022,17:30,DESPISTE,2,1,1,AYACUCHO,VILCAS HUAMAN,VILCAS HUAMAN,RURAL,CARRETERA,VECINAL,AY-957,NO,-13.636582391764657,-73.84532099784538,DESPEJADO,RURAL,TRAMO RECTO,INCLINADA,TROCHA,SI,PREVENTIVA (P),,NO,NEGLIGENCIA DEL CONDUCTOR,CONDUCIR CON FALLAS DE FRENOS
A-2022-11-135,05/11/2022,22:30,ATROPELLO,1,0,,LIMA,LIMA,PUENTE PIEDRA,URBANA,CARRETERA,NACIONAL,PE-1N,NO,-11.8662825,-77.0735316127,DESPEJADO,COMERCIAL,TRAMO RECTO,PLANA ,ASFALTADA,,,,,NO IDENTIFICA LA CAUSA,
A-2023-11-22,05/11/2023,04:30,ATROPELLO,1,0,1,CUSCO,QUISPICANCHI,ANDAHUAYLILLAS,RURAL,CARRETERA,VECINAL,CU-1321,NO,-13.696585,-71.720025,DESPEJADO,RURAL,TRAMO RECTO,INCLINADA,AFIRMADO,,,,,IMPRUDENCIA DEL CONDUCTOR,CONDUCIR EN ESTADO DE EBRIEDAD Y/O DROGADICCIÓN
A-2023-11-113,05/11/2023,06:30,CHOQUE,1,0,,LIMA,LIMA,COMAS,URBANA,AVENIDA,URBANO,NO CORRESPONDE,NO,-11.92577677,-77.05206846,DESPEJADO,COMERCIAL,INTERSECCIÓN,PLANA ,ASFALTADA,SI,REGULADORA (R),,NO,,
A-2023-11-141,05/11/2023,18:00,CHOQUE,1,0,2,AYACUCHO,HUAMANGA,ANDRES AVELINO CACERES DORREGARAY,URBANA,AVENIDA,URBANO,NO CORRESPONDE,NO,-13.16384962905658,-74.20762316868363,NUBLADO,RESIDENCIAL,TRAMO RECTO,PLANA ,ASFALTADA,,,,,IMPRUDENCIA DEL CONDUCTOR,CONDUCIR EN ESTADO DE EBRIEDAD Y/O DROGADICCIÓN
A-2023-11-81,05/11/2023,21:30,CHOQUE CON OBJETO FIJO,1,0,,JUNIN,JAUJA,CANCHAYLLO,URBANA,AVENIDA,URBANO,NO CORRESPONDE,NO,-11.80235,-75.71653,DESPEJADO,RURAL,TRAMO RECTO,PLANA ,CONCRETO,,,,,IMPRUDENCIA DEL CONDUCTOR,CONDUCIR EN ESTADO DE EBRIEDAD Y/O DROGADICCIÓN
A-2021-12-117,05/12/2021,00:00,ATROPELLO,1,0,0,LIMA,LIMA,ATE,URBANA,CARRETERA,NACIONAL,PE-22,NO,-12.012510749146264,-76.87878810644341,DESPEJADO,RESIDENCIAL,TRAMO RECTO,PLANA ,EMPEDRADO,,,,,NO IDENTIFICA LA CAUSA,
A-2021-12-143,05/12/2021,02:30,CHOQUE,1,0,,CUSCO,ANTA,ANTA,RURAL,CARRETERA,NACIONAL,PE-3S,,-13.49562146800394,-72.18019619222027,,,,,,,,,,,
A-2021-12-102,05/12/2021,07:50,CHOQUE,1,3,2,LIMA,HUARAL,AUCALLAMA,RURAL,CARRETERA,NACIONAL,PE-20C,NO,-11.569692,-77.202781,DESPEJADO,RURAL,TRAMO RECTO,PLANA ,ASFALTADA,,,,,IMPRUDENCIA DEL CONDUCTOR,INVASIÓN DE CARRIL
A-2021-12-5,05/12/2021,08:00,DESPISTE,1,0,1,PUNO,EL COLLAO,SANTA ROSA,RURAL,CARRETERA,NACIONAL,PE-38A,NO,-16.643848210040442,-69.71485007913589,DESPEJADO,RURAL,TRAMO RECTO,PLANA ,ASFALTADA,,,,,INFRAESTRUCTURA Y ENTORNO VIAL,OTRO (INFRAESTRUCTURA Y ENTORNO VIAL)
A-2021-12-21,05/12/2021,11:00,CHOQUE,1,1,2,ICA,PALPA,SANTA CRUZ,RURAL,CARRETERA,NACIONAL,PE-1S,NO,-14.50349,-75.256953,DESPEJADO,RURAL,TRAMO RECTO,PLANA ,ASFALTADA,,,,,NO IDENTIFICA LA CAUSA,
A-2021-12-118,05/12/2021,15:00,ATROPELLO,1,0,0,LIMA,LIMA,ATE,URBANA,CARRETERA,NACIONAL,PE-1S,NO,-12.072798427511898,-76.97388851495127,SOLEADO,RESIDENCIAL,TRAMO RECTO,PLANA ,ASFALTADA,SI,REGULADORA (R),,NO,NO IDENTIFICA LA CAUSA,
A-2021-12-288,05/12/2021,17:00,DESPISTE,1,2,1,AREQUIPA,CAYLLOMA,MAJES,RURAL,CARRETERA,NACIONAL,PE-1S,NO,-16.538482051303,-72.51726972660755,DESPEJADO,RURAL,CURVA,INCLINADA,ASFALTADA,,,,,NO IDENTIFICA LA CAUSA,
A-2021-12-25,05/12/2021,17:30,DESPISTE,1,3,1,HUANCAVELICA,HUAYTARA,HUAYTARA,RURAL,CARRETERA,NACIONAL,PE-28A,NO,-13.6038446,-75.3175364,DESPEJADO,RESIDENCIAL,SINUOSA,PLANA ,ASFALTADA,,,,,NO IDENTIFICA LA CAUSA,
A-2021-12-128,05/12/2021,21:00,ATROPELLO FUGA,1,0,1,PIURA,SECHURA,SECHURA,URBANA,CARRETERA,NACIONAL,PE-1NK,NO,-5.56417321160881,-80.8218015616626,DESPEJADO,INDUSTRIAL,TRAMO RECTO,PLANA ,ASFALTADA,,,,,NO IDENTIFICA LA CAUSA,
A-2021-12-203,05/12/2021,21:00,ATROPELLO,1,0,2,LIMA,BARRANCA,SUPE,RURAL,CARRETERA,NACIONAL,PE-1N,NO,-10.829079376898285,-77.70009623782502,DESPEJADO,RURAL,TRAMO RECTO,PLANA ,ASFALTADA,,,,,NO IDENTIFICA LA CAUSA,
A-2022-12-63,05/12/2022,01:15,CHOQUE,1,0,2,LA LIBERTAD,PACASMAYO,GUADALUPE,RURAL,CARRETERA,NACIONAL,PE-1N,NO,-7.248407,-79.476552,DESPEJADO,RURAL,TRAMO RECTO,PLANA ,ASFALTADA,,,,,NO IDENTIFICA LA CAUSA,
A-2022-12-129,05/12/2022,08:30,DESPISTE,1,1,,CAJAMARCA,CAJAMARCA,CAJAMARCA,URBANA,JIRÓN,URBANO,NO CORRESPONDE,NO,-7.1577073035271574,-78.50901717978292,SOLEADO,RESIDENCIAL,INTERSECCIÓN,INCLINADA,CONCRETO,NO,,,SI,NO IDENTIFICA LA CAUSA,
A-2022-12-8,05/12/2022,12:20,DESPISTE,1,0,1,PUNO,CHUCUITO,JULI,RURAL,CARRETERA,NACIONAL,PE-3S,NO,-16.254420133597243,-69.34710849877888,DESPEJADO,RURAL,TRAMO RECTO,PLANA ,ASFALTADA,,,,,IMPERICIA DEL CONDUCTOR,
A-2022-12-202,05/12/2022,12:30,CHOQUE,1,0,,MADRE DE DIOS,TAMBOPATA,TAMBOPATA,RURAL,CARRETERA,NACIONAL,PE-30C,NO,-12.644865,-69.277755,SOLEADO,RURAL,TRAMO RECTO,PLANA ,ASFALTADA,,,,,IMPRUDENCIA DEL CONDUCTOR,OTRO (IMPRUDENCIA DEL CONDUCTOR)
A-2022-12-50,05/12/2022,12:30,DESPISTE,3,0,1,ANCASH,BOLOGNESI,CAJACAY,RURAL,CARRETERA,VECINAL,AN-1242,SI,-10.15626290485088,-77.43815053603346,DESPEJADO,RURAL,CURVA,INCLINADA,TROCHA,,,,,NO IDENTIFICA LA CAUSA,
A-2022-12-98,05/12/2022,15:00,DESPISTE,1,0,1,HUANCAVELICA,HUANCAVELICA,VILCA,RURAL,CARRETERA,VECINAL,HV-936,NO,-12.556023,-75.205258,DESPEJADO,RURAL,CURVA,INCLINADA,AFIRMADO,,,,,NO IDENTIFICA LA CAUSA,
A-2022-12-22,05/12/2022,15:30,DESPISTE,1,0,1,CUSCO,CANAS,KUNTURKANKI,RURAL,CARRETERA,NACIONAL,PE-34F,NO,-14.61397281432543,-71.28630941514878,NUBLADO,RURAL,TRAMO RECTO,PLANA ,ASFALTADA,,,,,IMPRUDENCIA DEL CONDUCTOR,FATIGA Y/O CANSANCIO
A-2022-12-116,05/12/2022,17:12,CHOQUE,1,1,3,LIMA,HUAURA,VEGUETA,RURAL,CARRETERA,NACIONAL,PE-1N,NO,-10.98525573145307,-77.64325434119341,DESPEJADO,COMERCIAL,TRAMO RECTO,PLANA ,ASFALTADA,,,,,IMPRUDENCIA DEL CONDUCTOR,OTRO (IMPRUDENCIA DEL CONDUCTOR)
A-2022-12-138,05/12/2022,18:00,DESPISTE,1,0,,LIMA,LIMA,LURIGANCHO,URBANA,AVENIDA,URBANO,NO CORRESPONDE,NO,-11.976312131967921,-76.78678259760014,DESPEJADO,RESIDENCIAL,TRAMO RECTO,PLANA ,AFIRMADO,,,,,NO IDENTIFICA LA CAUSA,
A-2022-12-149,05/12/2022,20:30,ATROPELLO,1,0,,LIMA,LIMA,PACHACAMAC,URBANA,CARRETERA,VECINAL,LM-796,NO,-12.149398443350513,-76.87106961727629,DESPEJADO,RESIDENCIAL,INTERSECCIÓN,PLANA ,ASFALTADA,,,,,NO IDENTIFICA LA CAUSA,
A-2022-12-139,05/12/2022,23:30,DESPISTE,1,0,,LIMA,LIMA,SAN MARTIN DE PORRES,URBANA,AVENIDA,URBANO,NO CORRESPONDE,NO,-11.985932,-77.086157,DESPEJADO,RESIDENCIAL,TRAMO RECTO,PLANA ,ASFALTADA,,,,,NO IDENTIFICA LA CAUSA,
A-2023-12-77,05/12/2023,07:15,ATROPELLO,1,2,2,AREQUIPA,AREQUIPA,CERRO COLORADO,URBANA,CARRETERA,NACIONAL,PE-34A,NO,-16.382663,-71.577492,DESPEJADO,INDUSTRIAL,TRAMO RECTO,INCLINADA,ASFALTADA,,,,,NO IDENTIFICA LA CAUSA,
A-2023-12-82,05/12/2023,15:40,CHOQUE,1,0,,PIURA,PIURA,VEINTISEIS DE OCTUBRE,URBANA,CARRETERA,NACIONAL,PE-1N,NO,-5.21434154339334,-80.6530346532596,DESPEJADO,RURAL,TRAMO RECTO,PLANA ,ASFALTADA,,,,,,
A-2023-12-22,05/12/2023,19:31,ATROPELLO,1,0,,CUSCO,CANCHIS,SAN PEDRO,URBANA,CARRETERA,VECINAL,CU-1443,NO,-14.188014987241557,-71.34049527285484,DESPEJADO,RESIDENCIAL,TRAMO RECTO,PLANA ,CONCRETO,,,,,IMPRUDENCIA DEL CONDUCTOR,CONDUCIR EN ESTADO DE EBRIEDAD Y/O DROGADICCIÓN
A-2023-12-60,05/12/2023,22:30,DESPISTE,1,0,,JUNIN,YAULI,LA OROYA,RURAL,CARRETERA,NACIONAL,PE-22,,-11.617519,-75.983458,,,,,,,,,,,
A-2021-01-231,06/01/2021,06:05,ATROPELLO,1,0,1,PUNO,HUANCANE,TARACO,RURAL,CARRETERA,NACIONAL,PE-34H,NO,-15.257925,-69.876396,LLUVIOSO,RURAL,TRAMO RECTO,PLANA ,ASFALTADA,SI,INFORMATIVA (I),PREVENTIVA (P),SI,IMPRUDENCIA DEL PEATÓN,OTRO (IMPRUDENCIA DEL PEATÓN)
A-2021-01-58,06/01/2021,07:30,ATROPELLO FUGA,1,0,0,JUNIN,HUANCAYO,CULLHUAS,RURAL,CARRETERA,NACIONAL,PE-3S,NO,-12.2348153,-75.1553866,DESPEJADO,RURAL,TRAMO RECTO,PLANA ,ASFALTADA,,,,,,
A-2021-01-262,06/01/2021,20:40,CHOQUE,2,0,0,LIMA,LIMA,CHORRILLOS,URBANA,AVENIDA,URBANO,NO CORRESPONDE,NO,-12.173039,-76.995706,DESPEJADO,COMERCIAL,TRAMO RECTO,PLANA ,ASFALTADA,,,,,IMPRUDENCIA DEL CONDUCTOR,CONDUCIR EN ESTADO DE EBRIEDAD Y/O DROGADICCIÓN
A-2022-01-76,06/01/2022,01:40,DESPISTE,1,1,1,PIURA,PIURA,VEINTISEIS DE OCTUBRE,URBANA,AVENIDA,URBANO,NO CORRESPONDE,SI,-5.175998,-80.661607,DESPEJADO,ESCOLAR,TRAMO RECTO,PLANA ,ASFALTADA,SI,PREVENTIVA (P),,NO,NO IDENTIFICA LA CAUSA,
A-2022-01-336,06/01/2022,08:00,ATROPELLO,1,0,1,MADRE DE DIOS,TAMBOPATA,TAMBOPATA,URBANA,AVENIDA,URBANO,NO CORRESPONDE,NO,-12.587281,-69.196777,DESPEJADO,COMERCIAL,INTERSECCIÓN,PLANA ,CONCRETO,,,,,IMPRUDENCIA DEL PEATÓN,ESTADO DE EBRIEDAD Y/O DROGADICCIÓN
A-2022-01-175,06/01/2022,10:30,DESPISTE,2,4,1,LA LIBERTAD,SANCHEZ CARRION,CHUGAY,RURAL,CARRETERA,SIN CLASIFICAR,SIN CLASIFICAR,NO,-7.655822579496478,-77.82414315419939,DESPEJADO,RURAL,CURVA,INCLINADA,AFIRMADO,,,,,IMPRUDENCIA DEL CONDUCTOR,OTRO (IMPRUDENCIA DEL CONDUCTOR)
A-2022-01-33,06/01/2022,11:00,CHOQUE,1,0,2,AREQUIPA,AREQUIPA,SABANDIA,URBANA,AVENIDA,URBANO,NO CORRESPONDE,NO,-16.4634618,-71.5042127,LLUVIOSO,RESIDENCIAL,INTERSECCIÓN,PLANA ,ASFALTADA,,,,,NO IDENTIFICA LA CAUSA,
A-2022-01-231,06/01/2022,13:00,CHOQUE,1,3,2,CUSCO,ESPINAR,ESPINAR,URBANA,CARRETERA,DEPARTAMENTAL,CU-130,NO,-14.782489,-71.411279,DESPEJADO,RESIDENCIAL,TRAMO RECTO,PLANA ,ASFALTADA,,,,,IMPERICIA DEL CONDUCTOR,
A-2022-01-55,06/01/2022,18:00,ATROPELLO,1,1,1,CAJAMARCA,SAN MARCOS,GREGORIO PITA,RURAL,CARRETERA,VECINAL,CA-1562,NO,-7.26103128,-78.13695433,DESPEJADO,RURAL,TRAMO RECTO,PLANA ,AFIRMADO,,,,,NO IDENTIFICA LA CAUSA,
A-2022-01-209,06/01/2022,19:00,ATROPELLO,1,1,1,LAMBAYEQUE,CHICLAYO,CHICLAYO,URBANA,AVENIDA,URBANO,NO CORRESPONDE,NO,-6.780335,-79.854679,DESPEJADO,RESIDENCIAL,TRAMO RECTO,PLANA ,ASFALTADA,SI,PREVENTIVA (P),INFORMATIVA (I),SI,NO IDENTIFICA LA CAUSA,
A-2022-01-11,06/01/2022,20:20,ATROPELLO,1,0,1,ICA,PISCO,SAN CLEMENTE,RURAL,CARRETERA,NACIONAL,PE-1SE,NO,-13.627379,-76.172521,DESPEJADO,RURAL,TRAMO RECTO,PLANA ,ASFALTADA,,,,,NO IDENTIFICA LA CAUSA,
A-2023-01-77,06/01/2023,20:00,CHOQUE CON OBJETO FIJO,1,2,5,CAJAMARCA,SAN IGNACIO,SAN IGNACIO,URBANA,AVENIDA,URBANO,NO CORRESPONDE,NO,-5.14076333,-78.999626167,SOLEADO,RESIDENCIAL,TRAMO RECTO,INCLINADA,ASFALTADA,,,,,NEGLIGENCIA DEL CONDUCTOR,CONDUCIR CON FALLAS DE FRENOS
A-2021-02-23,06/02/2021,07:45,DESPISTE,2,1,1,APURIMAC,CHINCHEROS,OCOBAMBA,RURAL,CARRETERA,DEPARTAMENTAL,AP-102,NO,-13.57507,-73.46999,NIEBLA,RURAL,TRAMO RECTO,PLANA ,CASCAJO/RIPIO,,,,,NEGLIGENCIA DEL CONDUCTOR,OTRO (NEGLIGENCIA DEL CONDUCTOR)
A-2022-02-155,06/02/2022,05:15,CHOQUE,1,0,0,LIMA,LIMA,INDEPENDENCIA,URBANA,CARRETERA,NACIONAL,PE-1N,NO,-11.990121634387851,-77.06409531702582,DESPEJADO,INDUSTRIAL,INTERSECCIÓN,PLANA ,ASFALTADA,,,,,NO IDENTIFICA LA CAUSA,
A-2022-02-85,06/02/2022,06:50,ATROPELLO FUGA,1,0,,ANCASH,HUAYLAS,CARAZ,RURAL,CARRETERA,SIN CLASIFICAR,SIN CLASIFICAR,,-9.01626560181966,-77.82040491512548,,,,,,,,,,,
A-2022-02-21,06/02/2022,07:30,CHOQUE,5,13,2,AREQUIPA,CAYLLOMA,SAN ANTONIO DE CHUCA,RURAL,CARRETERA,NACIONAL,PE-34A,NO,-15.946451,-71.1926249,DESPEJADO,RURAL,TRAMO RECTO,INCLINADA,ASFALTADA,NO,,,SI,NO IDENTIFICA LA CAUSA,
A-2022-02-24,06/02/2022,10:00,DESPISTE,1,2,1,CAJAMARCA,CAJAMARCA,ASUNCION,RURAL,CARRETERA,VECINAL,CA-1419,NO,-7.338618,-78.596964,DESPEJADO,RURAL,CURVA,PLANA ,AFIRMADO,,,,,NO IDENTIFICA LA CAUSA,
A-2022-02-18,06/02/2022,10:45,DESPISTE,1,0,1,ICA,ICA,SALAS,RURAL,CARRETERA,NACIONAL,PE-1S,NO,-13.929557214532462,-75.96813851672198,DESPEJADO,RURAL,TRAMO RECTO,PLANA ,ASFALTADA,,,,,IMPRUDENCIA DEL CONDUCTOR,OTRO (IMPRUDENCIA DEL CONDUCTOR)
A-2022-02-26,06/02/2022,12:30,CHOQUE,3,2,2,ANCASH,RECUAY,CATAC,RURAL,CARRETERA,NACIONAL,PE-16,NO,-10.123321332874571,-77.29294883730833,NUBLADO,RURAL,CURVA,INCLINADA,ASFALTADA,SI,PREVENTIVA (P),PREVENTIVA (P),SI,IMPRUDENCIA DEL CONDUCTOR,INVASIÓN DE CARRIL
A-2022-02-162,06/02/2022,18:00,DESPISTE,1,0,0,LIMA,LIMA,SAN JUAN DE MIRAFLORES,URBANA,AVENIDA,URBANO,NO CORRESPONDE,NO,-12.150639692803448,-76.98046831877359,DESPEJADO,COMERCIAL,TRAMO RECTO,PLANA ,ASFALTADA,,,,,NO IDENTIFICA LA CAUSA,
A-2022-02-108,06/02/2022,20:15,ATROPELLO,1,1,1,PIURA,PIURA,CATACAOS,RURAL,CARRETERA,NACIONAL,PE-1NK,NO,-5.26845348170665,-80.6723013796813,DESPEJADO,COMERCIAL,TRAMO RECTO,PLANA ,ASFALTADA,NO,,,NO,NO IDENTIFICA LA CAUSA,
A-2022-02-20,06/02/2022,21:30,CHOQUE,1,2,3,PUNO,PUNO,PICHACANI,RURAL,CARRETERA,NACIONAL,PE-36B,NO,-16.049958,-70.0086957,DESPEJADO,RURAL,TRAMO RECTO,PLANA ,ASFALTADA,NO,,,SI,IMPRUDENCIA DEL CONDUCTOR,OTRO (IMPRUDENCIA DEL CONDUCTOR)
A-2022-02-202,06/02/2022,23:00,DESPISTE,2,13,1,CUSCO,CALCA,YANATILE,RURAL,CARRETERA,VECINAL,CU-755,NO,-12.692788933918262,-72.2741145711286,DESPEJADO,RURAL,CURVA,PLANA ,AFIRMADO,,,,,IMPRUDENCIA DEL CONDUCTOR,EXCESO DE VELOCIDAD
A-2023-02-3,06/02/2023,01:15,CHOQUE,1,0,2,SAN MARTIN,RIOJA,ELIAS SOPLIN VARGAS,URBANA,CARRETERA,NACIONAL,PE-5N,NO,-5.970251,-77.292919,DESPEJADO,COMERCIAL,TRAMO RECTO,PLANA ,ASFALTADA,,,,,IMPRUDENCIA DEL CONDUCTOR,OTRO (IMPRUDENCIA DEL CONDUCTOR)
A-2023-02-94,06/02/2023,03:45,CHOQUE,1,1,2,ANCASH,SANTA,NEPEÑA,URBANA,CARRETERA,NACIONAL,PE-1N,NO,-9.234863491354368,-78.4485196935065,DESPEJADO,RURAL,TRAMO RECTO,PLANA ,ASFALTADA,SI,REGULADORA (R),,SI,IMPRUDENCIA DEL CONDUCTOR,EXCESO DE VELOCIDAD
A-2023-02-13,06/02/2023,12:30,DESPISTE,1,1,1,AREQUIPA,ISLAY,PUNTA DE BOMBON,RURAL,CARRETERA,NACIONAL,PE-1SD,NO,-17.1690929,-71.7867987,DESPEJADO,RURAL,TRAMO RECTO,PLANA ,ASFALTADA,NO,,,SI,NO IDENTIFICA LA CAUSA,
A-2023-02-11,06/02/2023,19:30,CHOQUE,1,0,2,LA LIBERTAD,PACASMAYO,GUADALUPE,URBANA,CARRETERA,NACIONAL,PE-1N,NO,-7.237837,-79.458427,DESPEJADO,INDUSTRIAL,TRAMO RECTO,PLANA ,ASFALTADA,,,,,IMPRUDENCIA DEL CONDUCTOR,NO ESTABLECER EL DERECHO DE PASO
A-2021-03-178,06/03/2021,02:20,ATROPELLO FUGA,1,0,0,LAMBAYEQUE,CHICLAYO,LAGUNAS,RURAL,CARRETERA,NACIONAL,PE-1N,NO,-6.938924,-79.723199,DESPEJADO,RURAL,TRAMO RECTO,PLANA ,ASFALTADA,,,,,IMPRUDENCIA DEL PEATÓN,CRUCE INDEBIDO POR LA CALZADA
A-2021-03-202,06/03/2021,03:50,ATROPELLO,3,0,,LIMA,LIMA,COMAS,URBANA,CARRETERA,NACIONAL,PE-1N,NO,-11.939114,-77.071492,DESPEJADO,RESIDENCIAL,OTRO,PLANA ,ASFALTADA,,,,,IMPRUDENCIA DEL CONDUCTOR,OTRO (IMPRUDENCIA DEL CONDUCTOR)
A-2021-03-101,06/03/2021,04:30,DESPISTE,1,0,1,LIMA,HUARAL,SANTA CRUZ DE ANDAMARCA,RURAL,CARRETERA,NACIONAL,PE-20C,NO,-11.129518303906018,-76.62382890757128,LLUVIOSO,RURAL,SINUOSA,INCLINADA,CASCAJO/RIPIO,,,,,NO IDENTIFICA LA CAUSA,
A-2021-03-23,06/03/2021,06:15,DESPISTE,1,1,1,AREQUIPA,AREQUIPA,TIABAYA,URBANA,AVENIDA,URBANO,NO CORRESPONDE,NO,-16.442496,-71.586279,DESPEJADO,RESIDENCIAL,SINUOSA,INCLINADA,ASFALTADA,,,,,IMPRUDENCIA DEL CONDUCTOR,OTRO (IMPRUDENCIA DEL CONDUCTOR)
A-2021-03-46,06/03/2021,06:30,DESPISTE,1,0,1,CUSCO,LA CONVENCION,ECHARATE,RURAL,CARRETERA,DEPARTAMENTAL,CU-101,NO,-12.7681,-72.5767,DESPEJADO,RURAL,TRAMO RECTO,PLANA ,AFIRMADO,,,,,IMPRUDENCIA DEL CONDUCTOR,CONDUCIR EN ESTADO DE EBRIEDAD Y/O DROGADICCIÓN
A-2021-03-32,06/03/2021,08:30,ATROPELLO,1,0,1,JUNIN,SATIPO,RIO NEGRO,RURAL,CARRETERA,NACIONAL,PE-5S,NO,-11.214738164264311,-74.6551090295526,DESPEJADO,RURAL,INTERSECCIÓN,PLANA ,ASFALTADA,,,,,,
A-2021-03-90,06/03/2021,12:00,ATROPELLO,1,0,0,LORETO,MAYNAS,IQUITOS,URBANA,CALLE,URBANO,NO CORRESPONDE,NO,-3.757262362820321,-73.25272629123265,SOLEADO,COMERCIAL,INTERSECCIÓN,PLANA ,ASFALTADA,,,,,NO IDENTIFICA LA CAUSA,
A-2021-03-24,06/03/2021,17:30,DESPISTE,1,0,1,AREQUIPA,AREQUIPA,AREQUIPA,URBANA,AVENIDA,URBANO,NO CORRESPONDE,NO,-16.403636,-71.544713,DESPEJADO,RESIDENCIAL,CURVA,INCLINADA,ASFALTADA,NO,,,SI,IMPRUDENCIA DEL CONDUCTOR,EXCESO DE VELOCIDAD
A-2021-03-137,06/03/2021,18:00,DESPISTE,1,1,1,PIURA,AYABACA,FRIAS,RURAL,CARRETERA,VECINAL,PI-789,NO,-4.9969,-79.958187,LLUVIOSO,RURAL,CURVA,INCLINADA,AFIRMADO,,,,,,
A-2021-03-94,06/03/2021,19:45,ATROPELLO,1,0,1,MOQUEGUA,MARISCAL NIETO,MOQUEGUA,RURAL,CARRETERA,NACIONAL,PE-1S,NO,-17.639785,-70.930033,DESPEJADO,RURAL,TRAMO RECTO,PLANA ,ASFALTADA,SI,PREVENTIVA (P),,SI,IMPRUDENCIA DEL PEATÓN,CRUCE INDEBIDO POR LA CALZADA
A-2021-03-335,06/03/2021,19:50,ATROPELLO,1,1,1,UCAYALI,CORONEL PORTILLO,MANANTAY,URBANA,AVENIDA,URBANO,NO CORRESPONDE,NO,-8.405868002013198,-74.55392539503238,DESPEJADO,RURAL,INTERSECCIÓN,PLANA ,AFIRMADO,,,,,,
A-2022-03-256,06/03/2022,00:20,CHOQUE,1,1,2,AYACUCHO,HUANTA,LURICOCHA,RURAL,CARRETERA,DEPARTAMENTAL,AY-100,NO,-12.9108385135728,-74.2743641286087,LLUVIOSO,RURAL,TRAMO RECTO,PLANA ,ASFALTADA,SI,REGULADORA (R),,NO,IMPRUDENCIA DEL CONDUCTOR,CONDUCIR EN ESTADO DE EBRIEDAD Y/O DROGADICCIÓN
A-2022-03-141,06/03/2022,01:00,ATROPELLO FUGA,1,0,,CUSCO,QUISPICANCHI,ANDAHUAYLILLAS,RURAL,CARRETERA,NACIONAL,PE-3S,NO,-13.680533903172822,-71.66163543419401,LLUVIOSO,RURAL,CURVA,PLANA ,ASFALTADA,SI,PREVENTIVA (P),,SI,IMPRUDENCIA DEL PEATÓN,ESTADO DE EBRIEDAD Y/O DROGADICCIÓN
A-2022-03-17,06/03/2022,04:00,ATROPELLO FUGA,1,0,,TACNA,TACNA,TACNA,RURAL,CARRETERA,NACIONAL,PE-1S,,-18.196019,-70.327957,,,,,,,,,,,
A-2022-03-225,06/03/2022,04:00,DESPISTE,1,0,,JUNIN,CHANCHAMAYO,PICHANAQUI,RURAL,CARRETERA,VECINAL,JU-1487,,-10.933896050793132,-74.8367159943703,,,,,,,,,,,
A-2022-03-202,06/03/2022,05:09,CHOQUE FUGA,1,0,2,LIMA,HUAURA,SANTA MARIA,URBANA,CARRETERA,VECINAL,LM-652,NO,-11.093917881550526,-77.58225736843556,DESPEJADO,RESIDENCIAL,TRAMO RECTO,PLANA ,ASFALTADA,,,,,IMPRUDENCIA DEL CONDUCTOR,EXCESO DE VELOCIDAD