CÓDIGO SINIESTRO,FECHA SINIESTRO,HORA SINIESTRO,CLASE SINIESTRO,CANTIDAD DE FALLECIDOS,CANTIDAD DE LESIONADOS,CANTIDAD DE VEHICULOS DAÑADOS,DEPARTAMENTO,PROVINCIA,DISTRITO,ZONA,TIPO DE VÍA,RED VIAL,COD CARRETERA,EXISTE CICLOVÍA,COORDENADAS LATITUD,COORDENADAS  LONGITUD,CONDICIÓN CLIMÁTICA,ZONIFICACIÓN,CARACTERÍSTICAS DE VÍA,PERFIL LONGITUDINAL VÍA,SUPERFICIE DE CALZADA,¿EXISTE SEÑAL VERTICAL?,CLASIFICACIÓN DE LA SEÑAL VERTICAL Nº 1,CLASIFICACIÓN DE LA SEÑAL VERTICAL Nº 2,¿EXISTE SEÑAL HORIZONTAL?,CAUSA FACTOR PRINCIPAL,CAUSA ESPECÍFICA
A-2023-11-114,06/11/2023,05:40,ATROPELLO,1,0,,LIMA,LIMA,SAN MARTIN DE PORRES,URBANA,AVENIDA,URBANO,NO CORRESPONDE,NO,-12.02683672,-77.0552162,DESPEJADO,COMERCIAL,TRAMO RECTO,PLANA ,ASFALTADA,,,,,,
A-2023-11-82,06/11/2023,11:30,ATROPELLO,1,0,,JUNIN,HUANCAYO,VIQUES,RURAL,CARRETERA,NACIONAL,PE-3S,NO,-12.151213,-75.218905,SOLEADO,RURAL,TRAMO RECTO,PLANA ,ASFALTADA,NO,,,SI,IMPRUDENCIA DEL CONDUCTOR,OTRO (IMPRUDENCIA DEL CONDUCTOR)
A-2023-11-66,06/11/2023,18:00,CHOQUE,1,0,2,PUNO,SAN ROMAN,CARACOTO,RURAL,CARRETERA,NACIONAL,PE-3S,NO,-15.552096,-70.107664,DESPEJADO,RURAL,TRAMO RECTO,PLANA ,ASFALTADA,,,,,IMPRUDENCIA DEL CONDUCTOR,CONDUCIR EN ESTADO DE EBRIEDAD Y/O DROGADICCIÓN
A-2023-11-42,06/11/2023,20:30,DESPISTE,1,0,1,TUMBES,ZARUMILLA,AGUAS VERDES,URBANA,AVENIDA,URBANO,NO CORRESPONDE,NO,-3.4851540779029393,-80.26634545858244,DESPEJADO,RURAL,TRAMO RECTO,PLANA ,ASFALTADA,,,,,IMPRUDENCIA DEL CONDUCTOR,OTRO (IMPRUDENCIA DEL CONDUCTOR)
A-2023-11-67,06/11/2023,20:40,ATROPELLO,1,0,1,PUNO,SAN ROMAN,CARACOTO,RURAL,CARRETERA,NACIONAL,PE-3S,NO,-15.550033,-70.108568,DESPEJADO,RURAL,TRAMO RECTO,PLANA ,ASFALTADA,,,,,IMPRUDENCIA DEL PEATÓN,CRUCE INDEBIDO POR LA CALZADA
A-2021-12-239,06/12/2021,01:00,CHOQUE,1,0,2,SAN MARTIN,LAMAS,LAMAS,RURAL,CARRETERA,DEPARTAMENTAL,SM-104,NO,-6.44466,-76.49034,DESPEJADO,RURAL,TRAMO RECTO,PLANA ,ASFALTADA,NO,,,SI,IMPRUDENCIA DEL CONDUCTOR,EXCESO DE VELOCIDAD
A-2021-12-141,06/12/2021,07:00,ATROPELLO FUGA,1,0,,CUSCO,ANTA,ANCAHUASI,RURAL,CARRETERA,NACIONAL,PE-3S,NO,-13.459905961050266,-72.29229923407908,DESPEJADO,RURAL,TRAMO RECTO,PLANA ,ASFALTADA,,,,,IMPRUDENCIA DEL PEATÓN,ESTADO DE EBRIEDAD Y/O DROGADICCIÓN
A-2021-12-137,06/12/2021,09:15,DESPISTE,1,2,1,HUANCAVELICA,CHURCAMPA,SAN MIGUEL DE MAYOCC,RURAL,CARRETERA,SIN CLASIFICAR,SIN CLASIFICAR,NO,-12.782351,-74.382744,DESPEJADO,RURAL,CURVA,INCLINADA,CONCRETO,,,,,NO IDENTIFICA LA CAUSA,
A-2021-12-22,06/12/2021,13:30,CHOQUE,1,0,2,ICA,ICA,LOS AQUIJES,RURAL,CARRETERA,VECINAL,IC-665,NO,-14.0812057,-75.7107103,SOLEADO,RURAL,CURVA,PLANA ,ASFALTADA,,,,,NO IDENTIFICA LA CAUSA,
A-2021-12-220,06/12/2021,14:44,CHOQUE,1,0,2,LIMA,LIMA,LOS OLIVOS,URBANA,AVENIDA,URBANO,NO CORRESPONDE,NO,-11.977829,-77.077696,SOLEADO,RESIDENCIAL,INTERSECCIÓN,PLANA ,ASFALTADA,,,,,NO IDENTIFICA LA CAUSA,
A-2021-12-90,06/12/2021,17:45,DESPISTE,1,2,1,LIMA,HUAURA,SAYAN,URBANA,CARRETERA,VECINAL,LM-659,NO,-11.218220590942453,-77.4090298771327,DESPEJADO,RESIDENCIAL,TRAMO RECTO,PLANA ,ASFALTADA,,,,,NO IDENTIFICA LA CAUSA,
A-2021-12-126,06/12/2021,18:00,DESPISTE,1,0,1,PIURA,PIURA,VEINTISEIS DE OCTUBRE,URBANA,AVENIDA,URBANO,NO CORRESPONDE,NO,-5.1904082,-80.6666742,DESPEJADO,COMERCIAL,TRAMO RECTO,PLANA ,CONCRETO,,,,,NO IDENTIFICA LA CAUSA,
A-2021-12-31,06/12/2021,20:10,ATROPELLO,1,0,1,PUNO,AZANGARO,SAN ANTON,RURAL,CARRETERA,NACIONAL,PE-34B,NO,-14.430196,-70.2589258,DESPEJADO,RURAL,TRAMO RECTO,PLANA ,ASFALTADA,,,,,IMPRUDENCIA DEL PEATÓN,CRUCE INDEBIDO POR LA CALZADA
A-2021-12-10,06/12/2021,21:50,ATROPELLO,1,0,,ANCASH,HUARAZ,HUARAZ,RURAL,CARRETERA,NACIONAL,PE-3N,NO,-9.56344903000,-77.53795714000,LLUVIOSO,RURAL,TRAMO RECTO,PLANA ,ASFALTADA,SI,PREVENTIVA (P),,NO,IMPRUDENCIA DEL PEATÓN,CRUCE INDEBIDO POR LA CALZADA
A-2022-12-103,06/12/2022,04:00,ATROPELLO FUGA,1,0,,APURIMAC,CHINCHEROS,CHINCHEROS,RURAL,CARRETERA,NACIONAL,PE-3S,NO,-13.500488,-73.808641,DESPEJADO,RURAL,TRAMO RECTO,PLANA ,ASFALTADA,SI,PREVENTIVA (P),,SI,IMPRUDENCIA DEL CONDUCTOR,OTRO (IMPRUDENCIA DEL CONDUCTOR)
A-2022-12-109,06/12/2022,06:50,CHOQUE,1,3,2,LAMBAYEQUE,CHICLAYO,MONSEFU,RURAL,CARRETERA,NACIONAL,PE-1N,NO,-6.8444147,-79.8293059,DESPEJADO,RURAL,TRAMO RECTO,PLANA ,ASFALTADA,,,,,NO IDENTIFICA LA CAUSA,
A-2022-12-211,06/12/2022,07:05,CHOQUE,1,1,2,ICA,CHINCHA,CHINCHA BAJA,RURAL,CARRETERA,NACIONAL,PE-1SE,NO,-13.50844825,-76.18486274,DESPEJADO,RURAL,TRAMO RECTO,PLANA ,ASFALTADA,,,,,IMPRUDENCIA DEL CONDUCTOR,OTRO (IMPRUDENCIA DEL CONDUCTOR)
A-2022-12-173,06/12/2022,08:20,DESPISTE,1,0,1,HUANUCO,PACHITEA,PANAO,RURAL,CARRETERA,NACIONAL,PE-18B,NO,-9.89185574757498,-75.97310896254768,DESPEJADO,RURAL,CURVA,INCLINADA,ASFALTADA,SI,REGULADORA (R),,NO,IMPRUDENCIA DEL CONDUCTOR,FATIGA Y/O CANSANCIO
A-2022-12-140,06/12/2022,10:00,DESPISTE,1,0,,LIMA,LIMA,MIRAFLORES,URBANA,OTRO,URBANO,NO CORRESPONDE,SI,-12.124395043907858,-77.04037845797377,DESPEJADO,COMERCIAL,TRAMO RECTO,PLANA ,ASFALTADA,SI,REGULADORA (R),,SI,NO IDENTIFICA LA CAUSA,
A-2022-12-150,06/12/2022,11:20,ATROPELLO,1,0,,LIMA,LIMA,SAN ISIDRO,URBANA,AVENIDA,URBANO,NO CORRESPONDE,NO,-12.091149255233127,-77.00845235698405,DESPEJADO,COMERCIAL,TRAMO RECTO,PLANA ,ASFALTADA,,,,,NO IDENTIFICA LA CAUSA,
A-2022-12-26,06/12/2022,16:40,CHOQUE,1,3,3,CUSCO,QUISPICANCHI,OROPESA,RURAL,CARRETERA,NACIONAL,PE-3S,NO,-13.595739065519709,-71.78046881939404,DESPEJADO,RURAL,TRAMO RECTO,PLANA ,ASFALTADA,SI,REGULADORA (R),,SI,IMPRUDENCIA DEL CONDUCTOR,OTRO (IMPRUDENCIA DEL CONDUCTOR)
A-2022-12-83,06/12/2022,16:40,CHOQUE,1,0,,ANCASH,SANTA,NUEVO CHIMBOTE,URBANA,AVENIDA,URBANO,NO CORRESPONDE,NO,-9.118276868,-78.52968191,DESPEJADO,COMERCIAL,INTERSECCIÓN,PLANA ,ASFALTADA,,,,,NO IDENTIFICA LA CAUSA,
A-2022-12-20,06/12/2022,19:20,CHOQUE,1,0,2,CUSCO,ESPINAR,ESPINAR,URBANA,CARRETERA,DEPARTAMENTAL,CU-130,NO,-14.783971,-71.4111533,NUBLADO,RESIDENCIAL,TRAMO RECTO,PLANA ,ASFALTADA,SI,INFORMATIVA (I),,SI,IMPRUDENCIA DEL CONDUCTOR,EXCESO DE VELOCIDAD
A-2022-12-146,06/12/2022,20:40,ATROPELLO,1,0,,MOQUEGUA,MARISCAL NIETO,MOQUEGUA,URBANA,CARRETERA,NACIONAL,PE-36A,,-17.193508550840217,-70.91759698233433,,,,,,,,,,,
A-2023-12-146,06/12/2023,12:30,ATROPELLO,1,0,,CALLAO,CALLAO,BELLAVISTA,URBANA,AVENIDA,URBANO,NO CORRESPONDE,NO,-12.0549712002599,-77.1046262993682,DESPEJADO,COMERCIAL,TRAMO RECTO,INCLINADA,ASFALTADA,NO,,,SI,IMPRUDENCIA DEL CONDUCTOR,OTRO (IMPRUDENCIA DEL CONDUCTOR)
A-2023-12-95,06/12/2023,17:00,ATROPELLO FUGA,1,0,,LIMA,LIMA,ATE,URBANA,OTRO,URBANO,NO CORRESPONDE,NO,-12.014912092187346,-76.88664516127183,DESPEJADO,INDUSTRIAL,INTERSECCIÓN,PLANA ,CASCAJO/RIPIO,SI,INFORMATIVA (I),,NO,,
A-2021-01-187,07/01/2021,12:31,DESPISTE,1,0,1,CUSCO,LA CONVENCION,QUELLOUNO,RURAL,CARRETERA,VECINAL,CU-693,NO,-12.58222,-72.39343,DESPEJADO,RURAL,CURVA,INCLINADA,ASFALTADA,,,,,NO IDENTIFICA LA CAUSA,
A-2021-01-43,07/01/2021,19:40,ATROPELLO,1,0,1,ANCASH,SANTA,SANTA,RURAL,CARRETERA,NACIONAL,PE-1N,NO,-9.004006503532352,-78.61846985128324,DESPEJADO,RURAL,TRAMO RECTO,PLANA ,ASFALTADA,,,,,IMPRUDENCIA DEL PEATÓN,CRUCE INDEBIDO POR LA CALZADA
A-2022-01-248,07/01/2022,04:30,CHOQUE,1,0,2,CUSCO,QUISPICANCHI,OCONGATE,RURAL,CARRETERA,NACIONAL,PE-30C,NO,-13.606140564367696,-71.20272030062668,LLUVIOSO,RURAL,CURVA,PLANA ,ASFALTADA,,,,,IMPRUDENCIA DEL CONDUCTOR,EXCESO DE VELOCIDAD
A-2022-01-32,07/01/2022,05:40,CHOQUE,1,2,2,SAN MARTIN,MOYOBAMBA,MOYOBAMBA,RURAL,CARRETERA,NACIONAL,PE-5N,NO,-6.057292,-76.932873,DESPEJADO,RURAL,TRAMO RECTO,INCLINADA,ASFALTADA,,,,,NEGLIGENCIA DEL CONDUCTOR,OTRO (NEGLIGENCIA DEL CONDUCTOR)
A-2022-01-145,07/01/2022,09:20,CHOQUE,1,1,2,PUNO,SAN ROMAN,JULIACA,URBANA,CARRETERA,NACIONAL,PE-3S,NO,-15.481370461726787,-70.13464537865062,DESPEJADO,COMERCIAL,INTERSECCIÓN,PLANA ,ASFALTADA,,,,,IMPRUDENCIA DEL CONDUCTOR,EXCESO DE VELOCIDAD
A-2022-01-250,07/01/2022,11:45,DESPISTE,1,0,1,CUSCO,CALCA,PISAC,RURAL,CARRETERA,NACIONAL,PE-28G,SI,-13.42684412675796,-71.85445808563742,DESPEJADO,RURAL,TRAMO RECTO,PLANA ,ASFALTADA,NO,,,NO,IMPRUDENCIA DEL CONDUCTOR,EXCESO DE VELOCIDAD
A-2022-01-56,07/01/2022,17:50,ATROPELLO,1,0,1,CAJAMARCA,CHOTA,CHOTA,URBANA,JIRÓN,URBANO,NO CORRESPONDE,NO,-6.565370097087003,-78.65140967244484,DESPEJADO,RESIDENCIAL,TRAMO RECTO,INCLINADA,CONCRETO,,,,,NO IDENTIFICA LA CAUSA,
A-2022-01-177,07/01/2022,20:00,DESPISTE,2,0,1,LA LIBERTAD,BOLIVAR,BAMBAMARCA,RURAL,CARRETERA,DEPARTAMENTAL,LI-125,NO,-7.545864,-77.706634,DESPEJADO,RURAL,CURVA,INCLINADA,TROCHA,,,,,NO IDENTIFICA LA CAUSA,
A-2022-01-227,07/01/2022,22:30,CHOQUE,1,1,2,UCAYALI,CORONEL PORTILLO,CALLERIA,URBANA,AVENIDA,URBANO,NO CORRESPONDE,NO,-8.383484414941446,-74.55564789589198,DESPEJADO,COMERCIAL,INTERSECCIÓN,PLANA ,CONCRETO,SI,REGULADORA (R),,NO,IMPRUDENCIA DEL CONDUCTOR,CONDUCIR EN SENTIDO CONTRARIO
A-2023-01-347,07/01/2023,04:40,ATROPELLO,1,0,,LIMA,LIMA,CARABAYLLO,URBANA,AVENIDA,URBANO,NO CORRESPONDE,NO,-11.89564768,-77.02957181,DESPEJADO,COMERCIAL,INTERSECCIÓN,INCLINADA,ASFALTADA,,,,,IMPRUDENCIA DEL CONDUCTOR,OTRO (IMPRUDENCIA DEL CONDUCTOR)
A-2023-01-119,07/01/2023,06:15,ATROPELLO,1,0,1,PIURA,PIURA,CATACAOS,URBANA,CARRETERA,NACIONAL,PE-1NK,NO,-5.243447,-80.649673,DESPEJADO,COMERCIAL,TRAMO RECTO,PLANA ,ASFALTADA,,,,,IMPRUDENCIA DEL CONDUCTOR,INVASIÓN DE CARRIL
A-2023-01-34,07/01/2023,14:00,DESPISTE,7,3,1,ANCASH,SIHUAS,SIHUAS,RURAL,CARRETERA,NACIONAL,PE-12A,NO,-8.555527568174606,-77.63024466024649,DESPEJADO,RURAL,CURVA,PLANA ,ASFALTADA,,,,,NO IDENTIFICA LA CAUSA,
A-2023-01-76,07/01/2023,20:00,CHOQUE,1,0,2,CAJAMARCA,CAJAMARCA,LLACANORA,RURAL,CARRETERA,NACIONAL,PE-3N,NO,-7.207936,-78.393538,DESPEJADO,RURAL,CURVA,INCLINADA,ASFALTADA,SI,REGULADORA (R),PREVENTIVA (P),SI,NO IDENTIFICA LA CAUSA,
A-2021-02-25,07/02/2021,12:00,CHOQUE,2,0,2,ICA,ICA,SALAS,URBANA,CARRETERA,NACIONAL,PE-1S,NO,-14.005534,-75.766709,DESPEJADO,RURAL,TRAMO RECTO,PLANA ,ASFALTADA,,,,,IMPRUDENCIA DEL CONDUCTOR,INVASIÓN DE CARRIL
A-2021-02-293,07/02/2021,13:15,DESPISTE,1,0,1,AREQUIPA,CAMANA,SAMUEL PASTOR,RURAL,CARRETERA,NACIONAL,PE-1S,NO,-16.604922514552918,-72.63072251414734,DESPEJADO,RURAL,TRAMO RECTO,INCLINADA,ASFALTADA,,,,,NO IDENTIFICA LA CAUSA,
A-2021-02-241,07/02/2021,17:00,DESPISTE,1,1,1,JUNIN,CONCEPCION,COMAS,RURAL,CARRETERA,VECINAL,JU-1167,NO,-11.7295272,-75.074987,SOLEADO,RURAL,CURVA,INCLINADA,ASFALTADA,SI,PREVENTIVA (P),,NO,IMPRUDENCIA DEL CONDUCTOR,EXCESO DE VELOCIDAD
A-2022-02-83,07/02/2022,01:30,CHOQUE,1,1,2,ANCASH,CARHUAZ,CARHUAZ,RURAL,CARRETERA,NACIONAL,PE-3N,NO,-9.288136626822714,-77.63937597094557,SOLEADO,RURAL,CURVA,PLANA ,ASFALTADA,SI,REGULADORA (R),PREVENTIVA (P),SI,IMPRUDENCIA DEL CONDUCTOR,INVASIÓN DE CARRIL
A-2022-02-189,07/02/2022,05:00,CHOQUE,1,3,2,AREQUIPA,CARAVELI,ATICO,RURAL,CARRETERA,NACIONAL,PE-1S,NO,-16.253110546838176,-73.53632185950711,DESPEJADO,RURAL,TRAMO RECTO,PLANA ,ASFALTADA,,,,,NO IDENTIFICA LA CAUSA,
A-2022-02-183,07/02/2022,05:30,CHOQUE,2,19,2,LAMBAYEQUE,LAMBAYEQUE,MORROPE,RURAL,CARRETERA,NACIONAL,PE-1N,NO,-6.455592,-80.132743,DESPEJADO,RURAL,TRAMO RECTO,PLANA ,ASFALTADA,,,,,NO IDENTIFICA LA CAUSA,
A-2022-02-41,07/02/2022,10:20,DESPISTE,1,1,1,TACNA,CANDARAVE,CANDARAVE,RURAL,CARRETERA,DEPARTAMENTAL,TA-103,NO,-17.24016,-70.258493,DESPEJADO,RURAL,CURVA,PLANA ,AFIRMADO,,,,,IMPRUDENCIA DEL CONDUCTOR,OTRO (IMPRUDENCIA DEL CONDUCTOR)
A-2022-02-289,07/02/2022,11:15,DESPISTE,1,15,,ANCASH,HUARMEY,HUARMEY,RURAL,CARRETERA,NACIONAL,PE-1N,NO,-10.03529470018497,-78.16431663177666,LLUVIOSO,RURAL,TRAMO RECTO,PLANA ,ASFALTADA,,,,,NO IDENTIFICA LA CAUSA,
A-2022-02-87,07/02/2022,15:40,ATROPELLO,1,0,1,LA LIBERTAD,SANTIAGO DE CHUCO,QUIRUVILCA,RURAL,CARRETERA,NACIONAL,PE-10A,NO,-7.991032414607562,-78.38900774084026,LLUVIOSO,RURAL,CURVA,INCLINADA,ASFALTADA,,,,,NO IDENTIFICA LA CAUSA,
A-2022-02-57,07/02/2022,16:00,DESPISTE,1,2,1,SAN MARTIN,MOYOBAMBA,JEPELACIO,RURAL,CARRETERA,SIN CLASIFICAR,SIN CLASIFICAR,NO,-6.121716,-76.912665,LLUVIOSO,RURAL,CURVA,INCLINADA,AFIRMADO,,,,,INFRAESTRUCTURA Y ENTORNO VIAL,SUPERFICIE DETERIORADA
A-2022-02-315,07/02/2022,17:30,CHOQUE,1,0,,SAN MARTIN,LAMAS,TABALOSOS,RURAL,CARRETERA,NACIONAL,PE-5N,,-6.36143,-76.66204,,,,,,,,,,,
A-2022-02-166,07/02/2022,21:00,ESPECIAL,1,0,0,LIMA,LIMA,LURIGANCHO,URBANA,AVENIDA,URBANO,NO CORRESPONDE,NO,-12.00385139527598,-76.92815784749214,DESPEJADO,RESIDENCIAL,INTERSECCIÓN,PLANA ,ASFALTADA,,,,,NO IDENTIFICA LA CAUSA,
A-2023-02-14,07/02/2023,04:00,DESPISTE,1,4,1,ANCASH,HUARI,CHAVIN DE HUANTAR,RURAL,CARRETERA,NACIONAL,PE-1N,NO,-9.5904674096771,-77.18079158968983,DESPEJADO,RURAL,CURVA,INCLINADA,CONCRETO,SI,PREVENTIVA (P),PREVENTIVA (P),NO,IMPRUDENCIA DEL CONDUCTOR,EXCESO DE VELOCIDAD
A-2023-02-124,07/02/2023,08:30,DESPISTE,1,2,1,PIURA,MORROPON,LA MATANZA,RURAL,CARRETERA,NACIONAL,PE-1NJ,NO,-5.336733,-80.073728,DESPEJADO,RURAL,TRAMO RECTO,PLANA ,ASFALTADA,,,,,IMPRUDENCIA DEL CONDUCTOR,EXCESO DE VELOCIDAD
A-2023-02-134,07/02/2023,09:30,CHOQUE,1,0,,LIMA,LIMA,PUENTE PIEDRA,URBANA,CARRETERA,NACIONAL,PE-1N,NO,-11.850768,-77.091932,DESPEJADO,COMERCIAL,TRAMO RECTO,PLANA ,ASFALTADA,,,,,NO IDENTIFICA LA CAUSA,
A-2023-02-66,07/02/2023,14:40,CHOQUE,1,0,2,CAJAMARCA,CAJAMARCA,CAJAMARCA,URBANA,AVENIDA,URBANO,NO CORRESPONDE,NO,-7.14775811053,-78.5183507407451,SOLEADO,RESIDENCIAL,INTERSECCIÓN,PLANA ,ASFALTADA,,,,,NO IDENTIFICA LA CAUSA,
A-2023-02-135,07/02/2023,20:40,ATROPELLO,1,0,,LIMA,LIMA,PUENTE PIEDRA,URBANA,CARRETERA,NACIONAL,PE-1N,NO,-11.835905,-77.110451,DESPEJADO,RESIDENCIAL,PUENTE,PLANA ,ASFALTADA,,,,,IMPRUDENCIA DEL PEATÓN,OTRO (IMPRUDENCIA DEL PEATÓN)
A-2023-02-136,07/02/2023,20:45,ATROPELLO,1,0,,LIMA,LIMA,PUCUSANA,URBANA,CARRETERA,NACIONAL,PE-1S,NO,-12.458473,-76.753223,DESPEJADO,RURAL,TRAMO RECTO,PLANA ,ASFALTADA,,,,,IMPRUDENCIA DEL PEATÓN,OTRO (IMPRUDENCIA DEL PEATÓN)
A-2023-02-137,07/02/2023,21:15,ATROPELLO,1,0,,LIMA,LIMA,SANTA ANITA,URBANA,CARRETERA,NACIONAL,PE-1N,NO,-12.053680727636,-76.97535993996986,DESPEJADO,COMERCIAL,TRAMO RECTO,PLANA ,ASFALTADA,,,,,IMPRUDENCIA DEL PEATÓN,OTRO (IMPRUDENCIA DEL PEATÓN)
A-2021-03-41,07/03/2021,00:35,DESPISTE,1,0,1,LAMBAYEQUE,CHICLAYO,JOSE LEONARDO ORTIZ,URBANA,AVENIDA,URBANO,NO CORRESPONDE,NO,-6.7463873,-79.8359186,DESPEJADO,RESIDENCIAL,INTERSECCIÓN,PLANA ,ASFALTADA,SI,REGULADORA (R),PREVENTIVA (P),NO,IMPRUDENCIA DEL CONDUCTOR,EXCESO DE VELOCIDAD
A-2021-03-31,07/03/2021,01:30,DESPISTE,1,1,1,CAJAMARCA,CAJAMARCA,ENCAÑADA,RURAL,CARRETERA,VECINAL,CA-1071,NO,-7.06915203,-78.39827421,LLUVIOSO,RURAL,TRAMO RECTO,INCLINADA,AFIRMADO,,,,,IMPRUDENCIA DEL CONDUCTOR,FATIGA Y/O CANSANCIO
A-2021-03-349,07/03/2021,12:30,CHOQUE CON OBJETO FIJO,1,0,1,LIMA,LIMA,SANTA ROSA,URBANA,CARRETERA,NACIONAL,PE-1N,NO,-11.790793427187955,-77.14873099633672,DESPEJADO,RESIDENCIAL,TRAMO RECTO,PLANA ,ASFALTADA,,,,,IMPRUDENCIA DEL CONDUCTOR,OTRO (IMPRUDENCIA DEL CONDUCTOR)
A-2021-03-367,07/03/2021,20:00,ATROPELLO,1,0,1,HUANUCO,AMBO,CONCHAMARCA,RURAL,CARRETERA,NACIONAL,PE-3N,NO,-10.066035262288748,-76.21928850486164,DESPEJADO,RURAL,TRAMO RECTO,PLANA ,ASFALTADA,,,,,NO IDENTIFICA LA CAUSA,
A-2021-03-26,07/03/2021,21:23,CHOQUE,1,1,2,PIURA,PIURA,CATACAOS,RURAL,CARRETERA,NACIONAL,PE-1N,NO,-5.283955992646325,-80.61486486635837,LLUVIOSO,RURAL,TRAMO RECTO,PLANA ,ASFALTADA,NO,,,SI,IMPRUDENCIA DEL CONDUCTOR,INVASIÓN DE CARRIL
A-2022-03-10,07/03/2022,08:45,CAÍDA DE PASAJERO,1,1,1,TUMBES,CONTRALMIRANTE VILLAR,CANOAS DE PUNTA SAL,RURAL,CARRETERA,NACIONAL,PE-1N,NO,-3.9149750981190445,-80.88801017523916,SOLEADO,RURAL,CURVA,INCLINADA,ASFALTADA,,,,,IMPRUDENCIA DEL CONDUCTOR,EXCESO DE VELOCIDAD
A-2022-03-46,07/03/2022,11:18,CHOQUE,5,3,2,CAJAMARCA,CAJAMARCA,LLACANORA,RURAL,CARRETERA,NACIONAL,PE-3N,NO,-7.195726,-78.368729,DESPEJADO,RURAL,TRAMO RECTO,PLANA ,ASFALTADA,,,,,NO IDENTIFICA LA CAUSA,
A-2022-03-69,07/03/2022,14:10,ATROPELLO,1,0,1,AREQUIPA,AREQUIPA,SANTA RITA DE SIGUAS,RURAL,CARRETERA,NACIONAL,PE-1S,NO,-16.410435,-72.055252,DESPEJADO,RURAL,INTERSECCIÓN,PLANA ,ASFALTADA,SI,REGULADORA (R),REGULADORA (R),NO,NO IDENTIFICA LA CAUSA,
A-2022-03-214,07/03/2022,14:30,ATROPELLO,1,0,1,LIMA,LIMA,COMAS,URBANA,AVENIDA,URBANO,NO CORRESPONDE,NO,-11.937831,-77.049489,DESPEJADO,COMERCIAL,TRAMO RECTO,PLANA ,ASFALTADA,,,,,NO IDENTIFICA LA CAUSA,
A-2022-03-74,07/03/2022,14:30,CHOQUE,1,0,2,LA LIBERTAD,CHEPEN,PACANGA,RURAL,CARRETERA,NACIONAL,PE-1N,NO,-7.150350381087838,-79.4508880048356,DESPEJADO,RURAL,TRAMO RECTO,PLANA ,ASFALTADA,,,,,NO IDENTIFICA LA CAUSA,
A-2022-03-70,07/03/2022,18:00,DESPISTE,2,0,1,ANCASH,YUNGAY,YANAMA,RURAL,CARRETERA,SIN CLASIFICAR,SIN CLASIFICAR,NO,-8.903711450122605,-77.56473257769545,LLUVIOSO,RURAL,OTRO,INCLINADA,TROCHA,,,,,NO IDENTIFICA LA CAUSA,
A-2022-03-232,07/03/2022,18:25,ATROPELLO,1,0,0,LIMA,LIMA,COMAS,URBANA,AVENIDA,URBANO,NO CORRESPONDE,NO,-11.900935825697534,-77.03989323217921,DESPEJADO,COMERCIAL,INTERSECCIÓN,PLANA ,ASFALTADA,,,,,NO IDENTIFICA LA CAUSA,
A-2023-03-115,07/03/2023,05:15,CHOQUE,1,0,1,PIURA,PIURA,CASTILLA,RURAL,CARRETERA,DEPARTAMENTAL,PI-126,NO,-5.128833374424404,-80.60548655869412,DESPEJADO,RURAL,TRAMO RECTO,PLANA ,ASFALTADA,,,,,IMPRUDENCIA DEL CONDUCTOR,EXCESO DE VELOCIDAD
A-2023-03-137,07/03/2023,05:50,CHOQUE,1,0,,LIMA,LIMA,SAN MARTIN DE PORRES,URBANA,AVENIDA,URBANO,NO CORRESPONDE,NO,-11.98905394,-77.10535899,DESPEJADO,COMERCIAL,INTERSECCIÓN,PLANA ,ASFALTADA,,,,,NO IDENTIFICA LA CAUSA,
A-2023-04-6,07/03/2023,16:00,DESPISTE,1,0,1,HUANCAVELICA,HUAYTARA,CORDOVA,RURAL,CARRETERA,VECINAL,HV-1008,NO,-14.04027,-75.18409,DESPEJADO,RURAL,OTRO,PLANA ,TROCHA,,,,,NO IDENTIFICA LA CAUSA,
A-2021-04-320,07/04/2021,04:30,CHOQUE,1,0,,ANCASH,CASMA,COMANDANTE NOEL,URBANA,CARRETERA,NACIONAL,PE-1N,NO,-9.426303877037506,-78.36322055623961,DESPEJADO,RESIDENCIAL,TRAMO RECTO,PLANA ,ASFALTADA,,,,,NO IDENTIFICA LA CAUSA,
A-2021-04-30,07/04/2021,10:30,ESPECIAL,1,0,1,AREQUIPA,ISLAY,COCACHACRA,RURAL,CARRETERA,NACIONAL,PE-1S,NO,-17.03281264289713,-71.69802188826868,DESPEJADO,RURAL,OTRO,PLANA ,ASFALTADA,SI,PREVENTIVA (P),REGULADORA (R),SI,IMPRUDENCIA DEL CONDUCTOR,OTRO (IMPRUDENCIA DEL CONDUCTOR)
A-2021-04-221,07/04/2021,17:00,ATROPELLO,1,0,,LIMA,LIMA,RIMAC,URBANA,AVENIDA,URBANO,NO CORRESPONDE,NO,-12.041403,-77.020181,DESPEJADO,RESIDENCIAL,TRAMO RECTO,PLANA ,ASFALTADA,,,,,IMPRUDENCIA DEL PEATÓN,OTRO (IMPRUDENCIA DEL PEATÓN)