CÓDIGO SINIESTRO,FECHA SINIESTRO,HORA SINIESTRO,CLASE SINIESTRO,CANTIDAD DE FALLECIDOS,CANTIDAD DE LESIONADOS,CANTIDAD DE VEHICULOS DAÑADOS,DEPARTAMENTO,PROVINCIA,DISTRITO,ZONA,TIPO DE VÍA,RED VIAL,COD CARRETERA,EXISTE CICLOVÍA,COORDENADAS LATITUD,COORDENADAS  LONGITUD,CONDICIÓN CLIMÁTICA,ZONIFICACIÓN,CARACTERÍSTICAS DE VÍA,PERFIL LONGITUDINAL VÍA,SUPERFICIE DE CALZADA,¿EXISTE SEÑAL VERTICAL?,CLASIFICACIÓN DE LA SEÑAL VERTICAL Nº 1,CLASIFICACIÓN DE LA SEÑAL VERTICAL Nº 2,¿EXISTE SEÑAL HORIZONTAL?,CAUSA FACTOR PRINCIPAL,CAUSA ESPECÍFICA
A-2022-08-77,07/08/2022,01:00,ATROPELLO FUGA,1,0,,CUSCO,CANCHIS,SAN PABLO,RURAL,CARRETERA,NACIONAL,PE-3S,NO,-14.2028068229023,-71.31008320786603,DESPEJADO,RURAL,TRAMO RECTO,PLANA ,ASFALTADA,SI,PREVENTIVA (P),,SI,IMPRUDENCIA DEL PEATÓN,ESTADO DE EBRIEDAD Y/O DROGADICCIÓN
A-2022-08-194,07/08/2022,02:30,DESPISTE,6,7,1,CAJAMARCA,HUALGAYOC,CHUGUR,RURAL,CARRETERA,VECINAL,CA-876,NO,-6.67948333,-78.721445,DESPEJADO,RURAL,CURVA,PLANA ,AFIRMADO,,,,,NO IDENTIFICA LA CAUSA,
A-2022-08-5,07/08/2022,03:00,ATROPELLO FUGA,1,0,,AREQUIPA,AREQUIPA,CERRO COLORADO,URBANA,OTRO,URBANO,NO CORRESPONDE,NO,-16.340633,-71.601875,NUBLADO,RURAL,TRAMO RECTO,PLANA ,ASFALTADA,,,,,NO IDENTIFICA LA CAUSA,
A-2022-08-187,07/08/2022,04:00,CHOQUE FUGA,1,1,1,HUANUCO,HUANUCO,HUANUCO,URBANA,CARRETERA,VECINAL,HU-767,NO,-9.934275,-76.243538,DESPEJADO,COMERCIAL,TRAMO RECTO,PLANA ,ASFALTADA,,,,,IMPRUDENCIA DEL CONDUCTOR,CONDUCIR EN ESTADO DE EBRIEDAD Y/O DROGADICCIÓN
A-2022-08-256,07/08/2022,04:35,ATROPELLO FUGA,1,0,1,LIMA,HUAURA,HUACHO,RURAL,CARRETERA,NACIONAL,PE-1N,NO,-11.178727170830298,-77.5801062075591,DESPEJADO,RURAL,TRAMO RECTO,PLANA ,ASFALTADA,,,,,NO IDENTIFICA LA CAUSA,
A-2022-08-26,07/08/2022,06:00,CHOQUE,1,0,2,LA LIBERTAD,CHEPEN,CHEPEN,RURAL,CARRETERA,NACIONAL,PE-1N,NO,-7.222826,-79.438933,DESPEJADO,COMERCIAL,TRAMO RECTO,PLANA ,ASFALTADA,,,,,IMPRUDENCIA DEL CONDUCTOR,CONDUCIR EN ESTADO DE EBRIEDAD Y/O DROGADICCIÓN
A-2022-08-106,07/08/2022,07:10,DESPISTE,2,1,1,HUANUCO,HUAMALIES,MONZON,RURAL,CARRETERA,NACIONAL,PE-14A,NO,-9.215974,-76.253808,LLUVIOSO,RURAL,CURVA,PLANA ,ASFALTADA,,,,,IMPRUDENCIA DEL CONDUCTOR,FATIGA Y/O CANSANCIO
A-2022-08-251,07/08/2022,09:00,DESPISTE,1,4,1,ICA,CHINCHA,GROCIO PRADO,RURAL,CARRETERA,NACIONAL,PE-1S,NO,-13.352225,-76.222516,DESPEJADO,RURAL,TRAMO RECTO,PLANA ,ASFALTADA,,,,,NO IDENTIFICA LA CAUSA,
A-2022-08-229,07/08/2022,09:40,DESPISTE,1,5,1,PIURA,PIURA,VEINTISEIS DE OCTUBRE,RURAL,CARRETERA,NACIONAL,PE-1N,NO,-5.149578,-80.696486,SOLEADO,RURAL,TRAMO RECTO,PLANA ,ASFALTADA,,,,,IMPRUDENCIA DEL CONDUCTOR,EXCESO DE VELOCIDAD
A-2022-08-128,07/08/2022,20:30,CHOQUE,1,0,2,PUNO,SAN ROMAN,JULIACA,RURAL,CARRETERA,DEPARTAMENTAL,PU-120,NO,-15.51290445,-70.0982892,DESPEJADO,RURAL,TRAMO RECTO,PLANA ,ASFALTADA,,,,,IMPRUDENCIA DEL CONDUCTOR,OTRO (IMPRUDENCIA DEL CONDUCTOR)
A-2022-08-27,07/08/2022,22:30,ATROPELLO,1,0,1,LA LIBERTAD,PATAZ,PATAZ,RURAL,CARRETERA,VECINAL,LI-857,NO,-7.7185449794727266,-77.63424160830954,DESPEJADO,RURAL,CURVA,INCLINADA,AFIRMADO,,,,,NO IDENTIFICA LA CAUSA,
A-2022-08-243,07/08/2022,22:31,CHOQUE CON OBJETO FIJO,1,0,1,MADRE DE DIOS,TAHUAMANU,TAHUAMANU,RURAL,CARRETERA,NACIONAL,PE-30C,NO,-11.859529,-69.147114,DESPEJADO,RURAL,TRAMO RECTO,PLANA ,ASFALTADA,,,,,EN PROCESO DE INVESTIGACIÓN,NO CUENTA CON CAUSA ESPECIFICA
A-2022-08-168,07/08/2022,22:50,ATROPELLO,1,0,,LIMA,LIMA,CHACLACAYO,URBANA,CARRETERA,NACIONAL,PE-22,NO,-11.97372633877707,-76.76030960606235,DESPEJADO,COMERCIAL,TRAMO RECTO,PLANA ,ASFALTADA,,,,,NO IDENTIFICA LA CAUSA,
A-2023-08-87,07/08/2023,00:45,ATROPELLO FUGA,1,0,,LIMA,LIMA,LOS OLIVOS,URBANA,CARRETERA,NACIONAL,PE-1N,NO,-11.938314,-77.071641,DESPEJADO,COMERCIAL,TRAMO RECTO,PLANA ,ASFALTADA,,,,,EN PROCESO DE INVESTIGACIÓN,NO CUENTA CON CAUSA ESPECIFICA
A-2023-08-2,07/08/2023,04:00,VOLCADURA,1,0,1,AREQUIPA,AREQUIPA,SACHACA,URBANA,CARRETERA,NACIONAL,PE-34A,NO,-16.405845,-71.588156,DESPEJADO,COMERCIAL,ÓVALO,PLANA ,CONCRETO,,,,,EN PROCESO DE INVESTIGACIÓN,NO CUENTA CON CAUSA ESPECIFICA
A-2023-08-130,07/08/2023,04:10,ATROPELLO,1,0,,JUNIN,HUANCAYO,PILCOMAYO,RURAL,CARRETERA,NACIONAL,PE-3SB,NO,-12.038147,-75.258643,DESPEJADO,RURAL,TRAMO RECTO,PLANA ,ASFALTADA,SI,REGULADORA (R),,SI,IMPRUDENCIA DEL PEATÓN,CRUCE INDEBIDO POR LA CALZADA
A-2023-08-88,07/08/2023,06:50,ATROPELLO,1,0,,LIMA,LIMA,LURIN,RURAL,CARRETERA,NACIONAL,PE-1S,NO,-12.254212,-76.924951,DESPEJADO,INDUSTRIAL,TRAMO RECTO,PLANA ,ASFALTADA,,,,,EN PROCESO DE INVESTIGACIÓN,NO CUENTA CON CAUSA ESPECIFICA
A-2023-08-6,07/08/2023,08:30,CHOQUE,1,0,2,ICA,PISCO,TUPAC AMARU INCA,URBANA,CARRETERA,NACIONAL,PE-1S,NO,-13.699091393151258,-76.15195586319028,DESPEJADO,COMERCIAL,TRAMO RECTO,PLANA ,ASFALTADA,,,,,IMPERICIA DEL CONDUCTOR,
A-2023-08-9,07/08/2023,08:40,ATROPELLO,1,0,1,AREQUIPA,AREQUIPA,MIRAFLORES,URBANA,OTRO,URBANO,NO CORRESPONDE,NO,-16.3937258,-71.5209207,DESPEJADO,COMERCIAL,INTERSECCIÓN,INCLINADA,ASFALTADA,,,,,EN PROCESO DE INVESTIGACIÓN,NO CUENTA CON CAUSA ESPECIFICA
A-2023-08-4,07/08/2023,10:30,DESPISTE,6,3,1,AREQUIPA,CAYLLOMA,CHIVAY,RURAL,CARRETERA,DEPARTAMENTAL,AR-109,NO,-15.679615,-71.588158,SOLEADO,RURAL,CURVA,INCLINADA,ASFALTADA,,,,,EN PROCESO DE INVESTIGACIÓN,NO CUENTA CON CAUSA ESPECIFICA
A-2023-08-74,07/08/2023,15:00,ATROPELLO,1,0,1,PUNO,SAN ROMAN,SAN MIGUEL,RURAL,CARRETERA,NACIONAL,PE-3S,SI,-15.477188065467091,-70.13652292797858,DESPEJADO,RURAL,TRAMO RECTO,PLANA ,ASFALTADA,,,,,IMPRUDENCIA DEL PEATÓN,CRUCE INDEBIDO POR LA CALZADA
A-2023-08-27,07/08/2023,18:30,DESPISTE,2,2,1,CUSCO,LA CONVENCION,HUAYOPATA,RURAL,CARRETERA,NACIONAL,PE-28B,NO,-13.136589,-72.303553,NIEBLA,RURAL,CURVA,INCLINADA,ASFALTADA,SI,PREVENTIVA (P),,SI,IMPRUDENCIA DEL CONDUCTOR,OTRO (IMPRUDENCIA DEL CONDUCTOR)
A-2023-08-90,07/08/2023,22:20,VOLCADURA,1,1,,LIMA,LIMA,LIMA,URBANA,AVENIDA,URBANO,NO CORRESPONDE,NO,-12.06408577,-77.03599514,DESPEJADO,COMERCIAL,CURVA,INCLINADA,ASFALTADA,,,,,EN PROCESO DE INVESTIGACIÓN,NO CUENTA CON CAUSA ESPECIFICA
A-2021-09-27,07/09/2021,01:10,CHOQUE,1,6,2,ICA,PISCO,SAN CLEMENTE,URBANA,CARRETERA,NACIONAL,PE-1S,NO,-13.676159,-76.15865,DESPEJADO,RURAL,TRAMO RECTO,PLANA ,ASFALTADA,,,,,IMPRUDENCIA DEL CONDUCTOR,OTRO (IMPRUDENCIA DEL CONDUCTOR)
A-2021-09-207,07/09/2021,05:05,CHOQUE CON OBJETO FIJO,1,0,1,AYACUCHO,HUAMANGA,VINCHOS,RURAL,CARRETERA,VECINAL,AY-811,NO,-13.249432,-74.346021,DESPEJADO,RURAL,TRAMO RECTO,PLANA ,ASFALTADA,NO,,,SI,IMPRUDENCIA DEL CONDUCTOR,EXCESO DE VELOCIDAD
A-2021-09-30,07/09/2021,13:00,ATROPELLO,1,0,0,APURIMAC,ANDAHUAYLAS,SAN ANTONIO DE CACHI,URBANA,CARRETERA,VECINAL,AP-728,NO,-13.791937,-73.654092,DESPEJADO,RURAL,TRAMO RECTO,INCLINADA,AFIRMADO,,,,,IMPRUDENCIA DEL PEATÓN,OTRO (IMPRUDENCIA DEL PEATÓN)
A-2021-09-122,07/09/2021,14:30,VOLCADURA,1,5,1,CUSCO,LA CONVENCION,ECHARATE,RURAL,CARRETERA,SIN CLASIFICAR,SIN CLASIFICAR,NO,-12.3831,-73.44,DESPEJADO,RURAL,SINUOSA,INCLINADA,AFIRMADO,,,,,IMPRUDENCIA DEL CONDUCTOR,EXCESO DE VELOCIDAD
A-2021-09-28,07/09/2021,17:40,ATROPELLO,1,0,1,ICA,CHINCHA,TAMBO DE MORA,RURAL,CARRETERA,NACIONAL,PE-1SE,NO,-13.477207,-76.184357,DESPEJADO,RURAL,INTERSECCIÓN,PLANA ,ASFALTADA,,,,,NO IDENTIFICA LA CAUSA,
A-2021-09-285,07/09/2021,18:00,CHOQUE,1,0,2,AREQUIPA,CARAVELI,YAUCA,RURAL,CARRETERA,NACIONAL,PE-1S,NO,-15.667729172402368,-74.54660298180991,DESPEJADO,RURAL,TRAMO RECTO,PLANA ,ASFALTADA,,,,,NO IDENTIFICA LA CAUSA,
A-2021-09-189,07/09/2021,18:32,CHOQUE,2,0,2,JUNIN,TARMA,PALCA,RURAL,CARRETERA,NACIONAL,PE-22B,NO,-11.33764144123931,-75.5575597232838,DESPEJADO,RURAL,TRAMO RECTO,PLANA ,ASFALTADA,,,,,,
A-2021-09-86,07/09/2021,19:16,CHOQUE,1,0,2,PUNO,LAMPA,PUCARA,RURAL,CARRETERA,NACIONAL,PE-3S,NO,-14.976911672207429,-70.4454168107595,DESPEJADO,RURAL,TRAMO RECTO,PLANA ,ASFALTADA,,,,,IMPRUDENCIA DEL CONDUCTOR,CONDUCIR EN SENTIDO CONTRARIO
A-2021-09-29,07/09/2021,21:55,ATROPELLO,1,1,1,ICA,PALPA,LLIPATA,RURAL,CARRETERA,NACIONAL,PE-1S,NO,-14.630707,-75.187448,DESPEJADO,RURAL,TRAMO RECTO,PLANA ,ASFALTADA,,REGULADORA (R),,,NO IDENTIFICA LA CAUSA,
A-2022-09-192,07/09/2022,12:10,DESPISTE,3,4,1,CAJAMARCA,HUALGAYOC,BAMBAMARCA,URBANA,CARRETERA,NACIONAL,PE-3NB,NO,-6.81184833,-78.52093,DESPEJADO,RESIDENCIAL,TRAMO RECTO,PLANA ,AFIRMADO,,,,,NO IDENTIFICA LA CAUSA,
A-2022-09-254,07/09/2022,12:30,ATROPELLO,1,0,1,ICA,CHINCHA,CHINCHA BAJA,URBANA,CARRETERA,NACIONAL,PE-1SE,NO,-13.52451224,-76.18294515,DESPEJADO,RESIDENCIAL,TRAMO RECTO,PLANA ,ASFALTADA,,,,,IMPRUDENCIA DEL CONDUCTOR,OTRO (IMPRUDENCIA DEL CONDUCTOR)
A-2022-09-253,07/09/2022,15:15,DESPISTE,1,6,2,ICA,CHINCHA,GROCIO PRADO,RURAL,CARRETERA,NACIONAL,PE-1S,NO,-13.37090848,-76.21061733,DESPEJADO,RURAL,TRAMO RECTO,PLANA ,ASFALTADA,,,,,IMPRUDENCIA DEL CONDUCTOR,INVASIÓN DE CARRIL
A-2022-09-244,07/09/2022,18:00,ATROPELLO,1,0,1,PIURA,PIURA,TAMBO GRANDE,RURAL,CARRETERA,NACIONAL,PE-1NU,NO,-4.937904985516145,-80.34658990521181,DESPEJADO,RURAL,TRAMO RECTO,PLANA ,ASFALTADA,,,,,EN PROCESO DE INVESTIGACIÓN,NO CUENTA CON CAUSA ESPECIFICA
A-2022-09-94,07/09/2022,19:20,ATROPELLO,1,0,1,LAMBAYEQUE,LAMBAYEQUE,MOTUPE,RURAL,CARRETERA,NACIONAL,PE-1NJ,NO,-6.1622747,-79.6995453,DESPEJADO,RURAL,TRAMO RECTO,PLANA ,ASFALTADA,,,,,NO IDENTIFICA LA CAUSA,
A-2023-09-17,07/09/2023,12:20,ATROPELLO FUGA,1,0,,AREQUIPA,AREQUIPA,AREQUIPA,URBANA,AVENIDA,URBANO,NO CORRESPONDE,NO,-16.41013373,-71.5510387,DESPEJADO,INDUSTRIAL,TRAMO RECTO,INCLINADA,ASFALTADA,,,,,NO IDENTIFICA LA CAUSA,
A-2023-09-106,07/09/2023,16:20,DESPISTE,1,1,,JUNIN,JAUJA,JULCAN,RURAL,CARRETERA,SIN CLASIFICAR,SIN CLASIFICAR,NO,-11.74488,-75.41777,SOLEADO,RURAL,TRAMO RECTO,INCLINADA,TROCHA,,,,,IMPRUDENCIA DEL CONDUCTOR,OTRO (IMPRUDENCIA DEL CONDUCTOR)
A-2021-10-86,07/10/2021,06:30,DESPISTE,1,0,,ANCASH,RECUAY,MARCA,RURAL,CARRETERA,VECINAL,AN-1239,NO,-10.15167951929115,-77.47552153014149,DESPEJADO,RURAL,TRAMO RECTO,INCLINADA,TROCHA,,,,,NO IDENTIFICA LA CAUSA,
A-2021-10-163,07/10/2021,06:40,ATROPELLO,1,0,1,CAJAMARCA,CAJAMARCA,CAJAMARCA,URBANA,AVENIDA,URBANO,NO CORRESPONDE,SI,-7.165672,-78.505686,DESPEJADO,RESIDENCIAL,TRAMO RECTO,PLANA ,ASFALTADA,SI,PREVENTIVA (P),,SI,NO IDENTIFICA LA CAUSA,
A-2021-10-222,07/10/2021,08:00,ATROPELLO FUGA,1,0,1,PIURA,PIURA,VEINTISEIS DE OCTUBRE,URBANA,CARRETERA,NACIONAL,PE-02,NO,-5.169773,-80.691237,DESPEJADO,INDUSTRIAL,PASE A DESNIVEL,PLANA ,ASFALTADA,SI,PREVENTIVA (P),INFORMATIVA (I),NO,NO IDENTIFICA LA CAUSA,
A-2021-10-34,07/10/2021,08:00,CHOQUE,2,2,,PIURA,MORROPON,CHULUCANAS,RURAL,CARRETERA,NACIONAL,PE-1NJ,NO,-5.14669,-80.269904,DESPEJADO,RURAL,TRAMO RECTO,PLANA ,ASFALTADA,,,,,NO IDENTIFICA LA CAUSA,
A-2021-10-74,07/10/2021,14:20,VOLCADURA,2,3,1,LA LIBERTAD,PACASMAYO,SAN PEDRO DE LLOC,RURAL,CARRETERA,VECINAL,LI-585,NO,-7.392739,-79.495388,DESPEJADO,RURAL,TRAMO RECTO,PLANA ,ASFALTADA,,,,,IMPRUDENCIA DEL PEATÓN,CRUCE INDEBIDO POR LA CALZADA
A-2021-10-49,07/10/2021,16:15,CHOQUE CON OBJETO FIJO,1,0,1,LIMA,LIMA,BARRANCO,URBANA,AVENIDA,URBANO,NO CORRESPONDE,NO,-12.139583151291832,-77.01778279949289,DESPEJADO,COMERCIAL,TRAMO RECTO,PLANA ,ASFALTADA,,,,,NO IDENTIFICA LA CAUSA,
A-2021-10-242,07/10/2021,17:00,CHOQUE,1,0,2,CAJAMARCA,JAEN,POMAHUACA,RURAL,CARRETERA,NACIONAL,PE-3N,NO,-5.952115307253124,-79.23049087953318,DESPEJADO,RURAL,CURVA,INCLINADA,ASFALTADA,NO,,,NO,NO IDENTIFICA LA CAUSA,
A-2021-10-27,07/10/2021,19:20,CHOQUE,1,1,2,AREQUIPA,AREQUIPA,CERRO COLORADO,URBANA,CALLE,URBANO,NO CORRESPONDE,NO,-16.32995,-71.557076,DESPEJADO,RESIDENCIAL,INTERSECCIÓN,PLANA ,ASFALTADA,NO,,,SI,NO IDENTIFICA LA CAUSA,
A-2021-10-50,07/10/2021,19:20,VOLCADURA,1,0,1,LIMA,LIMA,VILLA EL SALVADOR,URBANA,AVENIDA,URBANO,NO CORRESPONDE,NO,-12.210074,-76.938764,DESPEJADO,COMERCIAL,INTERSECCIÓN,PLANA ,ASFALTADA,,,,,NO IDENTIFICA LA CAUSA,
A-2021-10-51,07/10/2021,19:30,CHOQUE CON OBJETO FIJO,1,0,1,LIMA,LIMA,SANTIAGO DE SURCO,URBANA,CARRETERA,NACIONAL,PE-1S,NO,-12.096454474769404,-76.97998552236754,DESPEJADO,RESIDENCIAL,TRAMO RECTO,PLANA ,ASFALTADA,,,,,NO IDENTIFICA LA CAUSA,
A-2021-10-243,07/10/2021,20:30,CHOQUE,1,0,2,LAMBAYEQUE,CHICLAYO,POMALCA,RURAL,CARRETERA,NACIONAL,PE-06A,NO,-6.753705,-79.726366,DESPEJADO,RURAL,TRAMO RECTO,PLANA ,ASFALTADA,,,,,NO IDENTIFICA LA CAUSA,
A-2022-10-17,07/10/2022,06:30,DESPISTE,1,0,1,AREQUIPA,AREQUIPA,SANTA ISABEL DE SIGUAS,URBANA,CARRETERA,VECINAL,AR-730,NO,-16.342576,-72.12579,DESPEJADO,RESIDENCIAL,TRAMO RECTO,PLANA ,AFIRMADO,,,,,NO IDENTIFICA LA CAUSA,
A-2022-10-216,07/10/2022,08:35,CHOQUE,1,0,,PIURA,PIURA,CASTILLA,RURAL,CARRETERA,DEPARTAMENTAL,PI-126,NO,-5.100632,-80.596911,DESPEJADO,RURAL,TRAMO RECTO,PLANA ,AFIRMADO,,,,,,
A-2022-10-43,07/10/2022,16:10,DESPISTE,1,4,1,PUNO,HUANCANE,HUANCANE,RURAL,CARRETERA,NACIONAL,PE-34H,NO,-15.1974972,-69.8337977,DESPEJADO,RURAL,TRAMO RECTO,PLANA ,ASFALTADA,,,,,IMPRUDENCIA DEL CONDUCTOR,ADELANTAR INDEBIDAMENTE
A-2022-10-106,07/10/2022,18:00,ATROPELLO,1,0,0,APURIMAC,ANDAHUAYLAS,SANTA MARIA DE CHICMO,URBANA,AVENIDA,URBANO,NO CORRESPONDE,NO,-13.64757,-73.500326,DESPEJADO,RESIDENCIAL,TRAMO RECTO,INCLINADA,AFIRMADO,,,,,IMPERICIA DEL CONDUCTOR,
A-2022-10-42,07/10/2022,20:00,CHOQUE,3,8,2,PUNO,SAN ROMAN,CABANA,RURAL,CARRETERA,NACIONAL,PE-34A,NO,-15.5734434,-70.2555246,DESPEJADO,RURAL,TRAMO RECTO,PLANA ,ASFALTADA,,,,,IMPRUDENCIA DEL CONDUCTOR,EXCESO DE VELOCIDAD
A-2023-10-37,07/10/2023,13:40,ATROPELLO,1,0,1,LA LIBERTAD,VIRU,CHAO,RURAL,CARRETERA,NACIONAL,PE-1N,NO,-8.548686,-78.67475,DESPEJADO,RURAL,TRAMO RECTO,PLANA ,ASFALTADA,,,,,NO IDENTIFICA LA CAUSA,
A-2023-10-140,07/10/2023,18:00,CHOQUE,1,0,,CALLAO,CALLAO,BELLAVISTA,URBANA,AVENIDA,URBANO,NO CORRESPONDE,NO,-12.0657239490399,-77.1214311651844,DESPEJADO,COMERCIAL,TRAMO RECTO,PLANA ,CONCRETO,NO,,,SI,IMPRUDENCIA DEL CONDUCTOR,CONDUCIR EN ESTADO DE EBRIEDAD Y/O DROGADICCIÓN
A-2023-10-9,07/10/2023,19:00,ATROPELLO,1,0,1,CALLAO,CALLAO,VENTANILLA,URBANA,AVENIDA,URBANO,NO CORRESPONDE,NO,-11.8772184769745,-77.1166004247827,DESPEJADO,COMERCIAL,TRAMO RECTO,INCLINADA,ASFALTADA,,,,,IMPRUDENCIA DEL CONDUCTOR,OTRO (IMPRUDENCIA DEL CONDUCTOR)
A-2023-10-76,07/10/2023,20:50,CHOQUE,1,1,2,AMAZONAS,UTCUBAMBA,BAGUA GRANDE,RURAL,CARRETERA,NACIONAL,PE-5N,NO,-5.758099,-78.43166,DESPEJADO,RURAL,TRAMO RECTO,PLANA ,ASFALTADA,NO,,,SI,EN PROCESO DE INVESTIGACIÓN,NO CUENTA CON CAUSA ESPECIFICA
A-2023-10-13,07/10/2023,22:00,ATROPELLO,1,0,1,SAN MARTIN,LAMAS,ALONSO DE ALVARADO,URBANA,CARRETERA,NACIONAL,PE-5N,NO,-6.30653,-76.725493,DESPEJADO,RURAL,TRAMO RECTO,INCLINADA,ASFALTADA,,,,,IMPRUDENCIA DEL CONDUCTOR,OTRO (IMPRUDENCIA DEL CONDUCTOR)
A-2021-11-147,07/11/2021,02:00,ATROPELLO FUGA,1,0,0,LIMA,LIMA,COMAS,URBANA,AVENIDA,URBANO,NO CORRESPONDE,NO,-11.9530139,-77.05131443,DESPEJADO,COMERCIAL,INTERSECCIÓN,PLANA ,ASFALTADA,,,,,NO IDENTIFICA LA CAUSA,
A-2021-11-26,07/11/2021,03:00,ATROPELLO FUGA,1,0,,TUMBES,ZARUMILLA,PAPAYAL,RURAL,CARRETERA,NACIONAL,PE-1N,,-3.523786981441944,-80.35049360155682,,,,,,,,,,,
A-2021-11-176,07/11/2021,04:30,ATROPELLO FUGA,1,1,1,LIMA,HUARAL,CHANCAY,URBANA,CARRETERA,NACIONAL,PE-1N,NO,-11.595705,-77.254904,DESPEJADO,RURAL,TRAMO RECTO,PLANA ,ASFALTADA,,,,,NO IDENTIFICA LA CAUSA,
A-2021-11-59,07/11/2021,05:30,DESPISTE,1,0,1,LA LIBERTAD,OTUZCO,USQUIL,RURAL,CARRETERA,VECINAL,LI-1144,NO,-7.849949,-78.431857,DESPEJADO,RURAL,TRAMO RECTO,PLANA ,AFIRMADO,,,,,IMPRUDENCIA DEL CONDUCTOR,OTRO (IMPRUDENCIA DEL CONDUCTOR)
A-2021-11-125,07/11/2021,06:15,ATROPELLO FUGA,1,0,,PIURA,SULLANA,MIGUEL CHECA,URBANA,CARRETERA,NACIONAL,PE-02,NO,-5.14547,-80.797084,DESPEJADO,RURAL,TRAMO RECTO,PLANA ,ASFALTADA,,,,,NO IDENTIFICA LA CAUSA,
A-2021-11-175,07/11/2021,07:00,DESPISTE,1,0,1,LIMA,HUARAL,AUCALLAMA,RURAL,CARRETERA,VECINAL,LM-685,NO,-11.595899,-77.183451,DESPEJADO,RURAL,TRAMO RECTO,PLANA ,ASFALTADA,,,,,NO IDENTIFICA LA CAUSA,
A-2021-11-126,07/11/2021,07:30,CHOQUE,1,0,1,PIURA,TALARA,PARIÑAS,RURAL,CARRETERA,DEPARTAMENTAL,PI-100,NO,-4.56944356170388,-81.2322108967881,DESPEJADO,RURAL,TRAMO RECTO,INCLINADA,ASFALTADA,,,,,NO IDENTIFICA LA CAUSA,
A-2021-11-148,07/11/2021,10:40,ATROPELLO,1,0,0,LIMA,LIMA,LOS OLIVOS,URBANA,CARRETERA,NACIONAL,PE-1N,NO,-11.9377688,-77.0718313,DESPEJADO,COMERCIAL,INTERSECCIÓN,PLANA ,ASFALTADA,,,,,NO IDENTIFICA LA CAUSA,
A-2021-11-197,07/11/2021,14:00,DESPISTE,1,0,1,LAMBAYEQUE,CHICLAYO,NUEVA ARICA,RURAL,CARRETERA,NACIONAL,PE-1NI,NO,-6.881456,-79.364877,DESPEJADO,RURAL,TRAMO RECTO,PLANA ,ASFALTADA,,,,,NO IDENTIFICA LA CAUSA,
A-2021-11-151,07/11/2021,16:14,CHOQUE,1,0,0,LIMA,LIMA,SANTIAGO DE SURCO,URBANA,AVENIDA,URBANO,NO CORRESPONDE,NO,-12.1285414,-76.9849656,DESPEJADO,RESIDENCIAL,INTERSECCIÓN,PLANA ,ASFALTADA,,,,,NO IDENTIFICA LA CAUSA,
A-2021-11-149,07/11/2021,20:00,CHOQUE,1,0,0,LIMA,LIMA,LOS OLIVOS,URBANA,CARRETERA,NACIONAL,PE-1N,NO,-11.9625772,-77.06838513,DESPEJADO,ESCOLAR,ÓVALO,PLANA ,ASFALTADA,,,,,NO IDENTIFICA LA CAUSA,
A-2021-11-57,07/11/2021,20:00,DESPISTE,1,0,1,LA LIBERTAD,VIRU,VIRU,RURAL,CARRETERA,VECINAL,LI-1144,NO,-8.379761962603865,-78.67973731164133,DESPEJADO,RURAL,TRAMO RECTO,PLANA ,ASFALTADA,,,,,NO IDENTIFICA LA CAUSA,
A-2021-11-78,07/11/2021,20:25,CHOQUE,1,1,3,LA LIBERTAD,ASCOPE,CHICAMA,RURAL,CARRETERA,NACIONAL,PE-1N,NO,-7.97602,-79.080414,DESPEJADO,RURAL,TRAMO RECTO,PLANA ,ASFALTADA,,,,,IMPRUDENCIA DEL CONDUCTOR,NO ESTABLECER EL DERECHO DE PASO
A-2022-11-157,07/11/2022,05:30,CHOQUE,1,3,,LIMA,LIMA,PACHACAMAC,URBANA,JIRÓN,URBANO,NO CORRESPONDE,NO,-12.2306358913437,-76.86010973710609,DESPEJADO,RESIDENCIAL,TRAMO RECTO,PLANA ,ASFALTADA,,,,,NO IDENTIFICA LA CAUSA,
A-2022-11-136,07/11/2022,05:45,DESPISTE,1,0,,LIMA,LIMA,SAN MARTIN DE PORRES,URBANA,CARRETERA,NACIONAL,PE-1N,NO,-12.0333318,-77.0534675,DESPEJADO,COMERCIAL,TRAMO RECTO,PLANA ,ASFALTADA,,,,,NO IDENTIFICA LA CAUSA,
A-2022-11-21,07/11/2022,06:30,CHOQUE,1,1,2,CUSCO,CHUMBIVILCAS,COLQUEMARCA,URBANA,CARRETERA,DEPARTAMENTAL,CU-119,NO,-14.293708349379804,-72.03822521959923,DESPEJADO,RESIDENCIAL,TRAMO RECTO,INCLINADA,ASFALTADA,SI,PREVENTIVA (P),,NO,IMPRUDENCIA DEL CONDUCTOR,EXCESO DE VELOCIDAD
A-2022-11-49,07/11/2022,10:40,CHOQUE,1,0,2,PUNO,EL COLLAO,ILAVE,RURAL,CARRETERA,NACIONAL,PE-38A,NO,-16.15599462706685,-69.64763955560258,DESPEJADO,RURAL,TRAMO RECTO,PLANA ,ASFALTADA,,,,,IMPRUDENCIA DEL CONDUCTOR,GIRAR IMPRUDENTEMENTE
A-2022-11-189,07/11/2022,12:10,CHOQUE FUGA,1,0,,AMAZONAS,BAGUA,IMAZA,RURAL,CARRETERA,NACIONAL,PE-5NC,NO,-4.978891167603997,-78.22605997323991,DESPEJADO,RURAL,TRAMO RECTO,PLANA ,ASFALTADA,,,,,EN PROCESO DE INVESTIGACIÓN,NO CUENTA CON CAUSA ESPECIFICA