CÓDIGO SINIESTRO,FECHA SINIESTRO,HORA SINIESTRO,CLASE SINIESTRO,CANTIDAD DE FALLECIDOS,CANTIDAD DE LESIONADOS,CANTIDAD DE VEHICULOS DAÑADOS,DEPARTAMENTO,PROVINCIA,DISTRITO,ZONA,TIPO DE VÍA,RED VIAL,COD CARRETERA,EXISTE CICLOVÍA,COORDENADAS LATITUD,COORDENADAS  LONGITUD,CONDICIÓN CLIMÁTICA,ZONIFICACIÓN,CARACTERÍSTICAS DE VÍA,PERFIL LONGITUDINAL VÍA,SUPERFICIE DE CALZADA,¿EXISTE SEÑAL VERTICAL?,CLASIFICACIÓN DE LA SEÑAL VERTICAL Nº 1,CLASIFICACIÓN DE LA SEÑAL VERTICAL Nº 2,¿EXISTE SEÑAL HORIZONTAL?,CAUSA FACTOR PRINCIPAL,CAUSA ESPECÍFICA
A-2022-11-14,07/11/2022,12:30,ATROPELLO FUGA,1,0,1,AREQUIPA,CAYLLOMA,MAJES,URBANA,AVENIDA,URBANO,NO CORRESPONDE,NO,-16.362741,-72.189565,DESPEJADO,COMERCIAL,INTERSECCIÓN,PLANA ,ASFALTADA,NO,,,SI,NO IDENTIFICA LA CAUSA,
A-2022-11-36,07/11/2022,12:40,ATROPELLO,1,0,1,CUSCO,CANCHIS,SAN PABLO,RURAL,CARRETERA,NACIONAL,PE-3S,NO,-14.2069359,-71.3050337,DESPEJADO,RURAL,TRAMO RECTO,PLANA ,ASFALTADA,NO,,,SI,IMPRUDENCIA DEL CONDUCTOR,EXCESO DE VELOCIDAD
A-2022-11-61,07/11/2022,14:30,ATROPELLO,2,0,1,PUNO,AZANGARO,SAN ANTON,RURAL,CARRETERA,NACIONAL,PE-34B,NO,-14.47164,-70.2516024,DESPEJADO,RURAL,TRAMO RECTO,PLANA ,ASFALTADA,,,,,IMPRUDENCIA DEL CONDUCTOR,EXCESO DE VELOCIDAD
A-2022-11-37,07/11/2022,14:40,CHOQUE,1,1,1,CUSCO,QUISPICANCHI,QUIQUIJANA,RURAL,CARRETERA,NACIONAL,PE-3S,NO,-13.775057681298277,-71.57359153206748,DESPEJADO,RURAL,TRAMO RECTO,PLANA ,ASFALTADA,SI,PREVENTIVA (P),,SI,IMPRUDENCIA DEL CONDUCTOR,EXCESO DE VELOCIDAD
A-2022-11-183,07/11/2022,20:00,CHOQUE,1,1,,LORETO,MAYNAS,SAN JUAN BAUTISTA,URBANA,CARRETERA,DEPARTAMENTAL,LO-103,NO,-4.02704394576634,-73.4341585537898,DESPEJADO,RURAL,TRAMO RECTO,PLANA ,ASFALTADA,,,,,IMPRUDENCIA DEL CONDUCTOR,CONDUCIR EN ESTADO DE EBRIEDAD Y/O DROGADICCIÓN
A-2022-11-231,07/11/2022,21:50,ATROPELLO,1,0,,LIMA,LIMA,CARABAYLLO,URBANA,AVENIDA,URBANO,NO CORRESPONDE,NO,-11.87439302,-77.01407097,DESPEJADO,COMERCIAL,TRAMO RECTO,PLANA ,ASFALTADA,,,,,EN PROCESO DE INVESTIGACIÓN,NO CUENTA CON CAUSA ESPECIFICA
A-2022-11-137,07/11/2022,22:00,ATROPELLO FUGA,1,0,,LIMA,LIMA,LA VICTORIA,URBANA,VIA EXPRESA,URBANO,NO CORRESPONDE,NO,-12.070423831237946,-77.0312295190279,DESPEJADO,COMERCIAL,TRAMO RECTO,PLANA ,ASFALTADA,,,,,NO IDENTIFICA LA CAUSA,
A-2022-11-90,07/11/2022,23:59,DESPISTE,1,1,,APURIMAC,GRAU,GAMARRA,RURAL,CARRETERA,VECINAL,AP-907,,-13.840667678559251,-72.57725216737086,,,,,,,,,,,
A-2023-11-32,07/11/2023,08:00,CHOQUE,1,0,2,CUSCO,URUBAMBA,HUAYLLABAMBA,RURAL,CARRETERA,NACIONAL,PE-28B,NO,-13.329566,-72.05532,DESPEJADO,RURAL,TRAMO RECTO,PLANA ,ASFALTADA,NO,,,SI,IMPRUDENCIA DEL CONDUCTOR,EXCESO DE VELOCIDAD
A-2023-11-140,07/11/2023,10:30,DESPISTE,3,0,1,AYACUCHO,VILCAS HUAMAN,CONCEPCION,RURAL,CARRETERA,VECINAL,AY-953,NO,-13.599089,-73.85935,DESPEJADO,RURAL,CURVA,PLANA ,TROCHA,,,,,IMPRUDENCIA DEL CONDUCTOR,EXCESO DE VELOCIDAD
A-2023-11-46,07/11/2023,19:15,ATROPELLO,1,0,1,LA LIBERTAD,PACASMAYO,GUADALUPE,URBANA,AVENIDA,URBANO,NO CORRESPONDE,NO,-7.309388415851915,-79.48448321442999,DESPEJADO,COMERCIAL,TRAMO RECTO,PLANA ,ASFALTADA,,,,,NO IDENTIFICA LA CAUSA,
A-2021-12-119,07/12/2021,14:35,CHOQUE,1,0,2,LIMA,LIMA,CHACLACAYO,URBANA,CARRETERA,NACIONAL,PE-22,NO,-11.985720245080582,-76.80978528061422,SOLEADO,RESIDENCIAL,TRAMO RECTO,PLANA ,ASFALTADA,,,,,NO IDENTIFICA LA CAUSA,
A-2021-12-8,07/12/2021,18:00,CHOQUE,1,0,1,CALLAO,CALLAO,CALLAO,URBANA,CARRETERA,NACIONAL,PE-20,NO,-11.972424576844084,-77.1248169387054,DESPEJADO,INDUSTRIAL,TRAMO RECTO,PLANA ,ASFALTADA,,,,,NO IDENTIFICA LA CAUSA,
A-2021-12-7,07/12/2021,22:00,CHOQUE,1,0,1,CALLAO,CALLAO,CALLAO,URBANA,CARRETERA,NACIONAL,PE-20,NO,-12.038259793695234,-77.12717963582398,DESPEJADO,RESIDENCIAL,TRAMO RECTO,PLANA ,CONCRETO,,,,,NEGLIGENCIA DEL CONDUCTOR,OTRO (NEGLIGENCIA DEL CONDUCTOR)
A-2022-12-7,07/12/2022,05:00,CHOQUE,1,0,2,ICA,ICA,PARCONA,URBANA,CARRETERA,VECINAL,IC-653,NO,-14.067722,-75.683214,DESPEJADO,RESIDENCIAL,TRAMO RECTO,PLANA ,ASFALTADA,,,,,NO IDENTIFICA LA CAUSA,
A-2022-12-64,07/12/2022,08:10,DESPISTE,1,0,1,LA LIBERTAD,OTUZCO,OTUZCO,RURAL,CARRETERA,NACIONAL,PE-10A,NO,-7.961210168746557,-78.636891555716,DESPEJADO,RURAL,TRAMO RECTO,PLANA ,ASFALTADA,,,,,NEGLIGENCIA DEL CONDUCTOR,CONDUCIR CON FALLAS DE FRENOS
A-2022-12-94,07/12/2022,13:35,CHOQUE,2,0,5,PIURA,SECHURA,SECHURA,RURAL,CARRETERA,NACIONAL,PE-1N,NO,-6.0892981,-80.5001784,DESPEJADO,RURAL,TRAMO RECTO,PLANA ,ASFALTADA,,,,,NO IDENTIFICA LA CAUSA,
A-2022-12-35,07/12/2022,15:33,VOLCADURA,1,2,1,ANCASH,HUARAZ,INDEPENDENCIA,RURAL,CARRETERA,NACIONAL,PE-14,NO,-9.528202970424427,-77.54444130242483,DESPEJADO,RURAL,SINUOSA,INCLINADA,ASFALTADA,,,,,NO IDENTIFICA LA CAUSA,
A-2022-12-9,07/12/2022,19:00,DESPISTE,1,0,1,PUNO,CHUCUITO,KELLUYO,RURAL,CARRETERA,SIN CLASIFICAR,SIN CLASIFICAR,NO,-16.758,-69.325,DESPEJADO,RURAL,CURVA,PLANA ,TROCHA,,,,,IMPRUDENCIA DEL CONDUCTOR,EXCESO DE VELOCIDAD
A-2022-12-100,07/12/2022,20:30,ATROPELLO,1,0,1,AMAZONAS,UTCUBAMBA,JAMALCA,RURAL,CARRETERA,NACIONAL,PE-5N,NO,-5.883872401994309,-78.20081233978273,DESPEJADO,RURAL,SINUOSA,PLANA ,ASFALTADA,,,,,NO IDENTIFICA LA CAUSA,
A-2023-12-2,07/12/2023,04:00,CHOQUE FUGA,1,0,,PUNO,PUNO,MAÑAZO,RURAL,CARRETERA,DEPARTAMENTAL,PU-122,NO,-15.790874360629934,-70.32061636634705,DESPEJADO,RURAL,TRAMO RECTO,PLANA ,ASFALTADA,,,,,IMPRUDENCIA DEL CONDUCTOR,CONDUCIR EN ESTADO DE EBRIEDAD Y/O DROGADICCIÓN
A-2023-12-23,07/12/2023,05:10,DESPISTE,1,0,1,CUSCO,CANCHIS,PITUMARCA,RURAL,CARRETERA,DEPARTAMENTAL,CU-124,NO,-13.965871,-71.408326,NUBLADO,RURAL,TRAMO RECTO,PLANA ,TROCHA,,,,,IMPRUDENCIA DEL CONDUCTOR,FATIGA Y/O CANSANCIO
A-2023-12-40,07/12/2023,06:00,DESPISTE,1,0,1,LA LIBERTAD,ASCOPE,CHOCOPE,RURAL,CARRETERA,NACIONAL,PE-1N,NO,-7.786496,-79.239554,DESPEJADO,RURAL,TRAMO RECTO,PLANA ,ASFALTADA,,,,,NEGLIGENCIA DEL CONDUCTOR,OTRO (NEGLIGENCIA DEL CONDUCTOR)
A-2023-12-76,07/12/2023,07:10,CHOQUE,1,0,2,AREQUIPA,ISLAY,MOLLENDO,RURAL,CARRETERA,NACIONAL,PE-1SD,NO,-17.030132,-71.992784,DESPEJADO,RURAL,TRAMO RECTO,INCLINADA,ASFALTADA,SI,REGULADORA (R),,SI,NO IDENTIFICA LA CAUSA,
A-2023-12-17,07/12/2023,13:50,DESPISTE,2,0,1,PASCO,PASCO,NINACACA,RURAL,CARRETERA,DEPARTAMENTAL,PA-106,NO,-10.6355129803478,-75.9096359778084,DESPEJADO,RURAL,TRAMO RECTO,PLANA ,TROCHA,,,,,IMPRUDENCIA DEL CONDUCTOR,FATIGA Y/O CANSANCIO
A-2023-12-32,07/12/2023,19:10,DESPISTE,1,1,1,CUSCO,CALCA,YANATILE,RURAL,CARRETERA,VECINAL,CU-750,NO,-12.687034,-72.294879,DESPEJADO,RURAL,CURVA,INCLINADA,AFIRMADO,,,,,INFRAESTRUCTURA Y ENTORNO VIAL,OTRO (INFRAESTRUCTURA Y ENTORNO VIAL)
A-2023-12-93,07/12/2023,23:50,ATROPELLO,1,1,,LIMA,LIMA,VILLA EL SALVADOR,RURAL,CARRETERA,NACIONAL,PE-1S,NO,-12.229058,-76.968159,DESPEJADO,INDUSTRIAL,TRAMO RECTO,PLANA ,ASFALTADA,NO,,,SI,,
A-2021-01-35,08/01/2021,05:20,CHOQUE,1,0,1,ICA,ICA,PUEBLO NUEVO,URBANA,CARRETERA,NACIONAL,PE-1S,NO,-14.112803517367919,-75.71768884490805,DESPEJADO,RESIDENCIAL,TRAMO RECTO,PLANA ,ASFALTADA,,,,,IMPRUDENCIA DEL CONDUCTOR,EXCESO DE VELOCIDAD
A-2021-01-153,08/01/2021,20:00,CHOQUE,1,0,2,PUNO,SAN ROMAN,JULIACA,URBANA,AVENIDA,URBANO,NO CORRESPONDE,NO,-15.511687,-70.125365,LLUVIOSO,COMERCIAL,INTERSECCIÓN,PLANA ,ASFALTADA,SI,PREVENTIVA (P),REGULADORA (R),NO,IMPRUDENCIA DEL CONDUCTOR,CONDUCIR EN ESTADO DE EBRIEDAD Y/O DROGADICCIÓN
A-2022-01-195,08/01/2022,08:30,DESPISTE,3,1,,LIMA,HUAURA,HUACHO,RURAL,CARRETERA,NACIONAL,PE-1N,NO,-11.214710867714132,-77.55449110659245,DESPEJADO,RURAL,TRAMO RECTO,PLANA ,ASFALTADA,SI,REGULADORA (R),INFORMATIVA (I),NO,IMPRUDENCIA DEL CONDUCTOR,EXCESO DE VELOCIDAD
A-2022-01-35,08/01/2022,08:30,CHOQUE,1,0,2,SAN MARTIN,MOYOBAMBA,MOYOBAMBA,URBANA,CARRETERA,NACIONAL,PE-5N,NO,-6.054197,-76.938309,DESPEJADO,RURAL,TRAMO RECTO,PLANA ,ASFALTADA,,,,,IMPRUDENCIA DEL CONDUCTOR,CONDUCIR EN ESTADO DE EBRIEDAD Y/O DROGADICCIÓN
A-2022-01-17,08/01/2022,08:40,DESPISTE,1,0,1,ICA,PISCO,PARACAS,RURAL,CARRETERA,VECINAL,IC-602,NO,-13.884703,-76.3207,DESPEJADO,RURAL,TRAMO RECTO,PLANA ,TROCHA,,,,,NO IDENTIFICA LA CAUSA,
A-2023-01-10,08/01/2023,07:10,CHOQUE,1,0,2,PUNO,PUNO,PUNO,URBANA,JIRÓN,URBANO,NO CORRESPONDE,NO,-15.8463798,-70.0233266,DESPEJADO,COMERCIAL,OTRO,PLANA ,ASFALTADA,,,,,IMPRUDENCIA DEL CONDUCTOR,OTRO (IMPRUDENCIA DEL CONDUCTOR)
A-2023-01-135,08/01/2023,10:00,ATROPELLO,1,1,,LIMA,LIMA,CIENEGUILLA,URBANA,AVENIDA,URBANO,NO CORRESPONDE,NO,-12.08735903,-76.86337844,DESPEJADO,COMERCIAL,TRAMO RECTO,PLANA ,ASFALTADA,,,,,EN PROCESO DE INVESTIGACIÓN,NO CUENTA CON CAUSA ESPECIFICA
A-2023-01-38,08/01/2023,10:50,CHOQUE,1,0,2,LA LIBERTAD,PACASMAYO,PACASMAYO,URBANA,AVENIDA,URBANO,NO CORRESPONDE,NO,-7.412962230806217,-79.56325653905785,DESPEJADO,COMERCIAL,INTERSECCIÓN,PLANA ,ASFALTADA,,,,,IMPRUDENCIA DEL CONDUCTOR,EXCESO DE VELOCIDAD
A-2023-01-14,08/01/2023,15:05,VOLCADURA,1,0,1,AREQUIPA,ISLAY,ISLAY,RURAL,CARRETERA,NACIONAL,PE-34,NO,-16.963416,-72.056223,DESPEJADO,RURAL,CURVA,PLANA ,ASFALTADA,NO,,,SI,NO IDENTIFICA LA CAUSA,
A-2023-01-40,08/01/2023,18:00,DESPISTE,1,5,1,LA LIBERTAD,ASCOPE,CHOCOPE,RURAL,CARRETERA,NACIONAL,PE-1N,NO,-7.78548,-79.222592,DESPEJADO,RURAL,TRAMO RECTO,PLANA ,ASFALTADA,,,,,NO IDENTIFICA LA CAUSA,
A-2021-02-124,08/02/2021,11:30,CHOQUE,1,0,1,LIMA,LIMA,SAN JUAN DE LURIGANCHO,URBANA,AVENIDA,URBANO,NO CORRESPONDE,NO,-12.025888,-76.98613,DESPEJADO,COMERCIAL,INTERSECCIÓN,PLANA ,ASFALTADA,,,,,IMPRUDENCIA DEL CONDUCTOR,EXCESO DE VELOCIDAD
A-2021-02-171,08/02/2021,15:00,DESPISTE,1,3,1,CUSCO,LA CONVENCION,SANTA ANA,RURAL,CARRETERA,DEPARTAMENTAL,CU-118,NO,-12.9186583170426,-72.736736539381,DESPEJADO,RURAL,TRAMO RECTO,PLANA ,TROCHA,,,,,IMPRUDENCIA DEL CONDUCTOR,EXCESO DE VELOCIDAD
A-2021-02-40,08/02/2021,15:30,DESPISTE,1,0,1,APURIMAC,AYMARAES,CHALHUANCA,RURAL,CARRETERA,SIN CLASIFICAR,SIN CLASIFICAR,NO,-14.323716971911608,-73.24946437688853,LLUVIOSO,RURAL,TRAMO RECTO,PLANA ,CASCAJO/RIPIO,,,,,IMPRUDENCIA DEL CONDUCTOR,FATIGA Y/O CANSANCIO
A-2021-02-127,08/02/2021,15:40,ATROPELLO,1,0,1,LIMA,LIMA,EL AGUSTINO,URBANA,AVENIDA,URBANO,NO CORRESPONDE,NO,-12.029121,-76.99979,DESPEJADO,COMERCIAL,INTERSECCIÓN,PLANA ,ASFALTADA,,REGULADORA (R),,,IMPRUDENCIA DEL CONDUCTOR,CONDUCIR EN ESTADO DE EBRIEDAD Y/O DROGADICCIÓN
A-2021-02-42,08/02/2021,17:30,CHOQUE,1,0,2,ANCASH,HUAYLAS,CARAZ,RURAL,CARRETERA,NACIONAL,PE-3N,NO,-9.02562827779985,-77.8208550385728,NUBLADO,RURAL,CURVA,INCLINADA,ASFALTADA,SI,PREVENTIVA (P),PREVENTIVA (P),SI,NO IDENTIFICA LA CAUSA,
A-2021-02-45,08/02/2021,18:20,DESPISTE,2,0,1,APURIMAC,AYMARAES,YANACA,RURAL,CARRETERA,DEPARTAMENTAL,AP-108,NO,-14.20255817645848,-73.13044804455083,DESPEJADO,RURAL,PUENTE,INCLINADA,AFIRMADO,,,,,IMPRUDENCIA DEL CONDUCTOR,FATIGA Y/O CANSANCIO
A-2021-02-28,08/02/2021,18:30,CHOQUE,1,0,,MADRE DE DIOS,TAMBOPATA,TAMBOPATA,RURAL,CARRETERA,NACIONAL,PE-30C,,-12.6765051,-69.3684828,,,,,,,,,,,
A-2022-02-109,08/02/2022,01:45,DESPISTE,1,0,,PIURA,PIURA,PIURA,URBANA,AVENIDA,URBANO,NO CORRESPONDE,,-5.164371,-80.64665,,,,,,,,,,,
A-2022-02-278,08/02/2022,06:15,ATROPELLO,1,0,,JUNIN,SATIPO,SATIPO,RURAL,CARRETERA,NACIONAL,PE-5S,,-11.234711969836173,-74.5939974291448,,,,,,,,,,,
A-2022-02-93,08/02/2022,07:50,CHOQUE,1,1,3,LAMBAYEQUE,CHICLAYO,REQUE,RURAL,CARRETERA,NACIONAL,PE-1N,NO,-6.902120701832457,-79.78225346271503,DESPEJADO,RURAL,TRAMO RECTO,PLANA ,ASFALTADA,,,,,NO IDENTIFICA LA CAUSA,
A-2022-02-37,08/02/2022,08:30,CHOQUE,1,0,2,AREQUIPA,CAYLLOMA,MAJES,RURAL,CARRETERA,NACIONAL,PE-1S,NO,-16.390132,-72.200493,DESPEJADO,RURAL,TRAMO RECTO,PLANA ,ASFALTADA,,,,,NO IDENTIFICA LA CAUSA,
A-2022-02-27,08/02/2022,09:20,ATROPELLO FUGA,1,0,,AREQUIPA,AREQUIPA,MIRAFLORES,URBANA,AVENIDA,URBANO,NO CORRESPONDE,NO,-16.400653,-71.516359,DESPEJADO,COMERCIAL,TRAMO RECTO,INCLINADA,ASFALTADA,NO,,,SI,NO IDENTIFICA LA CAUSA,
A-2022-02-54,08/02/2022,14:30,DESPISTE,2,1,1,HUANCAVELICA,HUANCAVELICA,HUACHOCOLPA,RURAL,CARRETERA,DEPARTAMENTAL,HV-115,NO,-13.032857,-74.952973,DESPEJADO,RURAL,CURVA,INCLINADA,CASCAJO/RIPIO,,,,,NO IDENTIFICA LA CAUSA,
A-2022-02-137,08/02/2022,17:00,ATROPELLO,1,0,0,PUNO,CARABAYA,SAN GABAN,RURAL,CARRETERA,NACIONAL,PE-34B,NO,-13.506092,-70.422063,SOLEADO,RURAL,TRAMO RECTO,PLANA ,ASFALTADA,,,,,NEGLIGENCIA DEL CONDUCTOR,OTRO (NEGLIGENCIA DEL CONDUCTOR)
A-2022-02-167,08/02/2022,17:00,CAÍDA DE PASAJERO,1,0,0,LIMA,LIMA,LOS OLIVOS,URBANA,AVENIDA,URBANO,NO CORRESPONDE,NO,-11.963629,-77.077475,DESPEJADO,COMERCIAL,INTERSECCIÓN,PLANA ,ASFALTADA,,,,,NO IDENTIFICA LA CAUSA,
A-2022-02-157,08/02/2022,23:25,CHOQUE,2,7,2,CUSCO,QUISPICANCHI,ANDAHUAYLILLAS,RURAL,CARRETERA,NACIONAL,PE-3S,NO,-13.67468779683094,-71.66918807448901,DESPEJADO,RURAL,CURVA,PLANA ,ASFALTADA,SI,PREVENTIVA (P),,NO,IMPRUDENCIA DEL CONDUCTOR,INVASIÓN DE CARRIL
A-2022-02-168,08/02/2022,23:40,ATROPELLO,1,0,0,LIMA,LIMA,SAN BORJA,URBANA,AVENIDA,URBANO,NO CORRESPONDE,NO,-12.1056822,-77.0011375,DESPEJADO,COMERCIAL,TRAMO RECTO,PLANA ,ASFALTADA,,,,,NO IDENTIFICA LA CAUSA,
A-2023-02-138,08/02/2023,15:10,CHOQUE,1,1,,LIMA,LIMA,VILLA EL SALVADOR,URBANA,AVENIDA,URBANO,NO CORRESPONDE,NO,-12.19332227,-76.96688369,DESPEJADO,COMERCIAL,TRAMO RECTO,PLANA ,ASFALTADA,,,,,EN PROCESO DE INVESTIGACIÓN,NO CUENTA CON CAUSA ESPECIFICA
A-2023-02-126,08/02/2023,18:50,DESPISTE,1,1,1,PIURA,SECHURA,SECHURA,URBANA,CARRETERA,VECINAL,PI-1058,NO,-5.576148,-80.821413,DESPEJADO,COMERCIAL,TRAMO RECTO,PLANA ,ASFALTADA,,,,,IMPRUDENCIA DEL CONDUCTOR,EXCESO DE VELOCIDAD
A-2021-03-323,08/03/2021,02:30,CHOQUE,1,0,2,LAMBAYEQUE,LAMBAYEQUE,JAYANCA,RURAL,CARRETERA,NACIONAL,PE-1NJ,NO,-6.3450316,-79.770666,DESPEJADO,RURAL,TRAMO RECTO,PLANA ,ASFALTADA,SI,PREVENTIVA (P),INFORMATIVA (I),NO,NO IDENTIFICA LA CAUSA,
A-2021-03-60,08/03/2021,05:00,CHOQUE FUGA,1,0,2,LA LIBERTAD,ASCOPE,CASA GRANDE,RURAL,CARRETERA,VECINAL,LI-620,NO,-7.679810922969303,-79.23708866294055,DESPEJADO,RURAL,TRAMO RECTO,PLANA ,ASFALTADA,,,,,NO IDENTIFICA LA CAUSA,
A-2021-03-305,08/03/2021,06:00,CHOQUE CON OBJETO FIJO,1,0,,PIURA,SULLANA,MARCAVELICA,,CARRETERA,NACIONAL,PE-1N,,-4.8593905369304355,-80.77017540941709,,,,,,,,,,,
A-2021-03-372,08/03/2021,06:20,DESPISTE,1,0,,ANCASH,SANTA,CHIMBOTE,URBANA,AVENIDA,URBANO,NO CORRESPONDE,NO,-9.078415681082886,-78.59126234022105,DESPEJADO,RESIDENCIAL,INTERSECCIÓN,PLANA ,ASFALTADA,,,,,IMPRUDENCIA DEL CONDUCTOR,CONDUCIR EN ESTADO DE EBRIEDAD Y/O DROGADICCIÓN
A-2021-03-102,08/03/2021,06:30,VOLCADURA,3,2,1,LIMA,HUARAL,SAN MIGUEL DE ACOS,RURAL,CARRETERA,NACIONAL,PE-20C,NO,-11.276480953144809,-76.82007008530744,LLUVIOSO,RURAL,SINUOSA,INCLINADA,ASFALTADA,SI,PREVENTIVA (P),,NO,NO IDENTIFICA LA CAUSA,
A-2021-03-61,08/03/2021,11:10,CHOQUE,1,0,2,LA LIBERTAD,PACASMAYO,GUADALUPE,RURAL,CARRETERA,NACIONAL,PE-1N,NO,-7.238599,-79.459271,DESPEJADO,RURAL,TRAMO RECTO,PLANA ,ASFALTADA,,,,,IMPRUDENCIA DEL CONDUCTOR,INVASIÓN DE CARRIL
A-2021-03-112,08/03/2021,15:30,CHOQUE,1,7,2,PUNO,AZANGARO,SAN ANTON,RURAL,CARRETERA,NACIONAL,PE-34B,NO,-14.4807473,-70.2578329,DESPEJADO,RURAL,CURVA,PLANA ,ASFALTADA,SI,PREVENTIVA (P),REGULADORA (R),SI,IMPRUDENCIA DEL CONDUCTOR,EXCESO DE VELOCIDAD
A-2021-03-300,08/03/2021,15:30,DESPISTE,1,0,1,AMAZONAS,RODRIGUEZ DE MENDOZA,CHIRIMOTO,RURAL,CARRETERA,VECINAL,AM-693,NO,-6.528155635882059,-77.41589920908366,LLUVIOSO,RURAL,CURVA,INCLINADA,TROCHA,,,,,NO IDENTIFICA LA CAUSA,
A-2021-03-28,08/03/2021,16:30,CHOQUE,1,0,2,PUNO,CHUCUITO,JULI,RURAL,CARRETERA,NACIONAL,PE-3S,NO,-16.18222040768753,-69.53192410164623,DESPEJADO,RURAL,TRAMO RECTO,PLANA ,ASFALTADA,,,,,IMPRUDENCIA DEL CONDUCTOR,GIRAR IMPRUDENTEMENTE
A-2021-03-336,08/03/2021,17:00,CHOQUE,1,0,2,CAJAMARCA,JAEN,JAEN,RURAL,CARRETERA,NACIONAL,PE-5N,NO,-5.685918175899451,-78.79005609596572,DESPEJADO,RURAL,TRAMO RECTO,PLANA ,ASFALTADA,,,,,NO IDENTIFICA LA CAUSA,
A-2021-03-194,08/03/2021,17:40,DESPISTE,1,3,1,LIMA,HUAURA,SAYAN,RURAL,CARRETERA,NACIONAL,PE-18,NO,-11.209470868955776,-77.30811335932076,DESPEJADO,RURAL,TRAMO RECTO,PLANA ,ASFALTADA,,,,,NO IDENTIFICA LA CAUSA,
A-2021-03-83,08/03/2021,19:45,CHOQUE,1,8,2,LAMBAYEQUE,CHICLAYO,PICSI,RURAL,CARRETERA,DEPARTAMENTAL,LA-111,NO,-6.687525,-79.779782,LLUVIOSO,RURAL,TRAMO RECTO,PLANA ,ASFALTADA,,,,,IMPRUDENCIA DEL CONDUCTOR,INVASIÓN DE CARRIL
A-2021-03-106,08/03/2021,19:50,ATROPELLO FUGA,1,0,0,LIMA,BARRANCA,SUPE,URBANA,CARRETERA,NACIONAL,PE-1N,NO,-10.847684232280363,-77.69390695701968,DESPEJADO,RURAL,TRAMO RECTO,PLANA ,ASFALTADA,,,,,NO IDENTIFICA LA CAUSA,
A-2021-03-80,08/03/2021,20:00,CHOQUE CON OBJETO FIJO,1,0,1,LAMBAYEQUE,LAMBAYEQUE,OLMOS,RURAL,CARRETERA,NACIONAL,PE-1N,NO,-6.154283393625945,-80.4744833231973,DESPEJADO,RURAL,OTRO,PLANA ,ASFALTADA,SI,PREVENTIVA (P),REGULADORA (R),NO,NO IDENTIFICA LA CAUSA,
A-2021-03-42,08/03/2021,21:30,DESPISTE,1,0,1,LAMBAYEQUE,LAMBAYEQUE,MOTUPE,RURAL,CARRETERA,VECINAL,LA-535,NO,-6.299153,-79.758988,LLUVIOSO,RURAL,SINUOSA,PLANA ,TROCHA,,,,,NO IDENTIFICA LA CAUSA,
A-2022-03-215,08/03/2022,06:00,CHOQUE,1,0,2,LIMA,LIMA,EL AGUSTINO,URBANA,CARRETERA,NACIONAL,PE-1N,NO,-12.02946,-76.999036,DESPEJADO,COMERCIAL,TRAMO RECTO,PLANA ,ASFALTADA,,,,,NO IDENTIFICA LA CAUSA,
A-2022-03-137,08/03/2022,08:30,CHOQUE,1,0,2,PUNO,SAN ROMAN,JULIACA,URBANA,CARRETERA,NACIONAL,PE-34A,NO,-15.492,-70.144125,SOLEADO,COMERCIAL,INTERSECCIÓN,PLANA ,ASFALTADA,,,,,IMPRUDENCIA DEL CONDUCTOR,NO DAR PASO PREFERENTE AL PEATÓN
A-2022-03-252,08/03/2022,09:40,CHOQUE,3,2,2,ICA,CHINCHA,CHINCHA ALTA,RURAL,CARRETERA,NACIONAL,PE-26,NO,-13.412786,-76.084959,DESPEJADO,RURAL,CURVA,INCLINADA,ASFALTADA,,,,,IMPRUDENCIA DEL CONDUCTOR,INVASIÓN DE CARRIL
A-2022-03-247,08/03/2022,14:00,CHOQUE,1,0,,AYACUCHO,HUAMANGA,JESUS NAZARENO,URBANA,AVENIDA,URBANO,NO CORRESPONDE,NO,-13.14284649,-74.22042649,DESPEJADO,RESIDENCIAL,TRAMO RECTO,PLANA ,ASFALTADA,SI,PREVENTIVA (P),,NO,IMPRUDENCIA DEL CONDUCTOR,NO ESTABLECER EL DERECHO DE PASO
A-2023-03-167,08/03/2023,04:45,CHOQUE,1,0,,CAJAMARCA,CAJAMARCA,CAJAMARCA,URBANA,JIRÓN,URBANO,NO CORRESPONDE,NO,-7.15959,-78.514515,LLUVIOSO,COMERCIAL,INTERSECCIÓN,INCLINADA,AFIRMADO,SI,REGULADORA (R),,SI,IMPRUDENCIA DEL CONDUCTOR,CONDUCIR EN ESTADO DE EBRIEDAD Y/O DROGADICCIÓN
A-2023-03-57,08/03/2023,06:30,CHOQUE FUGA,1,0,1,CUSCO,CANCHIS,SICUANI,RURAL,CARRETERA,NACIONAL,PE-3S,NO,-14.2263873,-71.282296,DESPEJADO,RURAL,TRAMO RECTO,PLANA ,ASFALTADA,,,,,NO IDENTIFICA LA CAUSA,