CÓDIGO SINIESTRO,FECHA SINIESTRO,HORA SINIESTRO,CLASE SINIESTRO,CANTIDAD DE FALLECIDOS,CANTIDAD DE LESIONADOS,CANTIDAD DE VEHICULOS DAÑADOS,DEPARTAMENTO,PROVINCIA,DISTRITO,ZONA,TIPO DE VÍA,RED VIAL,COD CARRETERA,EXISTE CICLOVÍA,COORDENADAS LATITUD,COORDENADAS  LONGITUD,CONDICIÓN CLIMÁTICA,ZONIFICACIÓN,CARACTERÍSTICAS DE VÍA,PERFIL LONGITUDINAL VÍA,SUPERFICIE DE CALZADA,¿EXISTE SEÑAL VERTICAL?,CLASIFICACIÓN DE LA SEÑAL VERTICAL Nº 1,CLASIFICACIÓN DE LA SEÑAL VERTICAL Nº 2,¿EXISTE SEÑAL HORIZONTAL?,CAUSA FACTOR PRINCIPAL,CAUSA ESPECÍFICA
A-2023-03-16,08/03/2023,09:40,ATROPELLO,1,0,0,HUANCAVELICA,HUANCAVELICA,HUANDO,URBANA,AVENIDA,URBANO,NO CORRESPONDE,NO,-12.56733320410152,-74.94995344023523,DESPEJADO,ESCOLAR,TRAMO RECTO,PLANA ,ASFALTADA,,,,,NO IDENTIFICA LA CAUSA,
A-2023-03-114,08/03/2023,14:30,DESPISTE,2,3,1,PIURA,PIURA,CASTILLA,RURAL,CARRETERA,NACIONAL,PE-1NU,NO,-5.139239044625019,-80.44386807118774,DESPEJADO,RURAL,TRAMO RECTO,PLANA ,ASFALTADA,,,,,NEGLIGENCIA DEL CONDUCTOR,CONDUCIR CON FALLAS DE NEUMÁTICOS
A-2023-03-138,08/03/2023,15:00,CHOQUE,1,0,,LIMA,LIMA,LURIN,URBANA,CARRETERA,NACIONAL,PE-1S,NO,-12.24646301046602,-76.93613311515227,DESPEJADO,INDUSTRIAL,TRAMO RECTO,PLANA ,ASFALTADA,,,,,IMPRUDENCIA DEL CONDUCTOR,OTRO (IMPRUDENCIA DEL CONDUCTOR)
A-2023-03-101,08/03/2023,21:45,ATROPELLO,1,0,,APURIMAC,COTABAMBAS,TAMBOBAMBA,RURAL,CARRETERA,VECINAL,AP-940,,-14.001840472222595,-72.2451444188574,,,,,,,,,,,
A-2021-04-124,08/04/2021,01:00,DESPISTE,1,1,0,CUSCO,CHUMBIVILCAS,LIVITACA,RURAL,CARRETERA,DEPARTAMENTAL,CU-126,NO,-14.317023,-71.736049,DESPEJADO,RURAL,TRAMO RECTO,PLANA ,ASFALTADA,,,,,IMPRUDENCIA DEL CONDUCTOR,EXCESO DE VELOCIDAD
A-2021-04-71,08/04/2021,04:45,DESPISTE,1,1,1,LORETO,MAYNAS,SAN JUAN BAUTISTA,RURAL,CARRETERA,DEPARTAMENTAL,LO-103,NO,-4.091061573355892,-73.45173545621408,SOLEADO,RURAL,PUENTE,PLANA ,ASFALTADA,,,,,NO IDENTIFICA LA CAUSA,
A-2021-04-299,08/04/2021,06:00,DESPISTE,11,19,1,AYACUCHO,PARINACOCHAS,CORACORA,RURAL,CARRETERA,NACIONAL,PE-30A,NO,-14.6399303,-73.71511169,DESPEJADO,RURAL,CURVA,INCLINADA,ASFALTADA,SI,PREVENTIVA (P),PREVENTIVA (P),NO,IMPRUDENCIA DEL CONDUCTOR,FATIGA Y/O CANSANCIO
A-2021-04-247,08/04/2021,09:00,DESPISTE,1,1,1,LIMA,BARRANCA,PARAMONGA,RURAL,CARRETERA,NACIONAL,PE-16,NO,-10.56150256814494,-77.75940758797587,SOLEADO,RURAL,TRAMO RECTO,PLANA ,TROCHA,,,,,IMPRUDENCIA DEL CONDUCTOR,EXCESO DE VELOCIDAD
A-2021-04-29,08/04/2021,10:00,DESPISTE,1,0,1,AREQUIPA,AREQUIPA,UCHUMAYO,RURAL,CARRETERA,DEPARTAMENTAL,AR-115,NO,-16.485472868789834,-71.62227539440323,DESPEJADO,RURAL,TRAMO RECTO,INCLINADA,ASFALTADA,NO,,,SI,IMPRUDENCIA DEL CONDUCTOR,CONDUCIR EN ESTADO DE EBRIEDAD Y/O DROGADICCIÓN
A-2021-04-40,08/04/2021,12:33,DESPISTE,1,0,1,JUNIN,TARMA,SAN PEDRO DE CAJAS,RURAL,CARRETERA,DEPARTAMENTAL,JU-105,NO,-11.256094405732266,-75.90572115138157,NUBLADO,RURAL,CURVA,INCLINADA,AFIRMADO,,,,,,
A-2021-04-55,08/04/2021,14:50,ATROPELLO,1,1,1,SAN MARTIN,RIOJA,NUEVA CAJAMARCA,URBANA,CARRETERA,NACIONAL,PE-5N,NO,-5.821697,-77.378454,DESPEJADO,RURAL,TRAMO RECTO,PLANA ,ASFALTADA,,,,,IMPRUDENCIA DEL PEATÓN,OTRO (IMPRUDENCIA DEL PEATÓN)
A-2021-04-31,08/04/2021,17:50,CHOQUE,2,0,2,PUNO,CHUCUITO,JULI,RURAL,CARRETERA,NACIONAL,PE-3S,NO,-16.16267320425616,-69.54302245792485,DESPEJADO,RURAL,TRAMO RECTO,PLANA ,ASFALTADA,,,,,IMPRUDENCIA DEL CONDUCTOR,NO ESTABLECER EL DERECHO DE PASO
A-2021-04-87,08/04/2021,18:45,CHOQUE,1,2,2,CUSCO,QUISPICANCHI,OCONGATE,RURAL,CARRETERA,NACIONAL,PE-30C,NO,-13.6114352,-71.2451296,NUBLADO,RURAL,CURVA,INCLINADA,ASFALTADA,,,,,IMPRUDENCIA DEL CONDUCTOR,EXCESO DE VELOCIDAD
A-2022-04-194,08/04/2022,05:00,ATROPELLO,1,1,,LIMA,LIMA,SAN JUAN DE LURIGANCHO,URBANA,AVENIDA,URBANO,NO CORRESPONDE,,-11.989493,-77.007477,,,,,,,,,,,
A-2022-04-21,08/04/2022,08:00,CHOQUE,1,1,2,PUNO,EL COLLAO,SANTA ROSA,RURAL,CARRETERA,NACIONAL,PE-36A,NO,-16.706640482593375,-69.56922224540719,DESPEJADO,RURAL,TRAMO RECTO,PLANA ,ASFALTADA,NO,,,SI,IMPRUDENCIA DEL CONDUCTOR,INVASIÓN DE CARRIL
A-2022-04-24,08/04/2022,09:20,CHOQUE,2,1,1,CALLAO,CALLAO,MI PERU,URBANA,AVENIDA,URBANO,NO CORRESPONDE,NO,-11.856807219474502,-77.1215880720264,DESPEJADO,RESIDENCIAL,TRAMO RECTO,INCLINADA,ASFALTADA,NO,,,SI,IMPRUDENCIA DEL CONDUCTOR,OTRO (IMPRUDENCIA DEL CONDUCTOR)
A-2022-04-181,08/04/2022,18:30,ATROPELLO,1,0,1,HUANUCO,LEONCIO PRADO,MARIANO DAMASO BERAUN,URBANA,CARRETERA,NACIONAL,PE-18A,NO,-9.443688,-75.973703,DESPEJADO,RURAL,TRAMO RECTO,PLANA ,ASFALTADA,SI,PREVENTIVA (P),,NO,IMPRUDENCIA DEL CONDUCTOR,FATIGA Y/O CANSANCIO
A-2022-04-86,08/04/2022,19:08,ATROPELLO,1,0,,LAMBAYEQUE,CHICLAYO,POMALCA,URBANA,CARRETERA,VECINAL,LA-816,NO,-6.77097,-79.78715,DESPEJADO,ESCOLAR,TRAMO RECTO,PLANA ,ASFALTADA,SI,PREVENTIVA (P),,NO,NO IDENTIFICA LA CAUSA,
A-2023-04-152,08/04/2023,06:50,ATROPELLO,1,0,,LIMA,LIMA,ANCON,URBANA,CARRETERA,NACIONAL,PE-1N,NO,-11.75884746,-77.15368618,DESPEJADO,INDUSTRIAL,TRAMO RECTO,PLANA ,ASFALTADA,,,,,IMPRUDENCIA DEL CONDUCTOR,OTRO (IMPRUDENCIA DEL CONDUCTOR)
A-2023-04-85,08/04/2023,08:30,CHOQUE,1,0,2,LA LIBERTAD,PACASMAYO,GUADALUPE,RURAL,CARRETERA,NACIONAL,PE-1N,NO,-7.2659762,-79.4835611,DESPEJADO,RURAL,TRAMO RECTO,PLANA ,ASFALTADA,,,,,NO IDENTIFICA LA CAUSA,
A-2023-04-153,08/04/2023,10:40,ATROPELLO,1,0,,LIMA,LIMA,CHORRILLOS,URBANA,CARRETERA,NACIONAL,PE-1S,NO,-12.214472,-76.976484,DESPEJADO,INDUSTRIAL,TRAMO RECTO,PLANA ,ASFALTADA,,,,,IMPRUDENCIA DEL PEATÓN,OTRO (IMPRUDENCIA DEL PEATÓN)
A-2023-04-82,08/04/2023,13:00,CHOQUE,1,0,2,PUNO,SAN ROMAN,CABANILLAS,RURAL,CARRETERA,DEPARTAMENTAL,PU-121,NO,-15.638069029468696,-70.32816940960026,DESPEJADO,RURAL,CURVA,INCLINADA,ASFALTADA,,,,,IMPRUDENCIA DEL CONDUCTOR,OTRO (IMPRUDENCIA DEL CONDUCTOR)
A-2023-04-9,08/04/2023,13:30,DESPISTE,1,1,1,AREQUIPA,CAYLLOMA,SAN ANTONIO DE CHUCA,RURAL,CARRETERA,NACIONAL,PE-34A,NO,-15.9735405,-71.24066382,DESPEJADO,RURAL,TRAMO RECTO,PLANA ,ASFALTADA,NO,,,SI,NO IDENTIFICA LA CAUSA,
A-2023-04-59,08/04/2023,14:45,CHOQUE,1,1,2,CUSCO,LA CONVENCION,ECHARATE,RURAL,CARRETERA,VECINAL,CU-598,NO,-12.563522,-73.091159,DESPEJADO,RURAL,CURVA,PLANA ,AFIRMADO,SI,PREVENTIVA (P),,NO,IMPRUDENCIA DEL CONDUCTOR,EXCESO DE VELOCIDAD
A-2023-04-15,08/04/2023,16:30,CHOQUE,1,1,2,ICA,ICA,SANTIAGO,URBANA,CARRETERA,NACIONAL,PE-1S,NO,-14.3741487,-75.6221788,DESPEJADO,RURAL,TRAMO RECTO,PLANA ,ASFALTADA,,,,,NO IDENTIFICA LA CAUSA,
A-2023-04-10,08/04/2023,18:15,ATROPELLO,1,1,1,AREQUIPA,CAYLLOMA,MAJES,URBANA,CARRETERA,DEPARTAMENTAL,AR-108,NO,-16.3399346,-72.1962545,DESPEJADO,COMERCIAL,TRAMO RECTO,PLANA ,ASFALTADA,NO,,,SI,NO IDENTIFICA LA CAUSA,
A-2023-04-44,08/04/2023,21:30,ATROPELLO,1,0,1,CUSCO,CANCHIS,TINTA,URBANA,CARRETERA,NACIONAL,PE-3S,NO,-14.117321,-71.415777,DESPEJADO,RURAL,CURVA,PLANA ,ASFALTADA,SI,PREVENTIVA (P),,SI,IMPRUDENCIA DEL PEATÓN,ESTADO DE EBRIEDAD Y/O DROGADICCIÓN
A-2023-04-4,08/04/2023,22:30,ATROPELLO,1,0,,PUNO,YUNGUYO,UNICACHI,RURAL,CARRETERA,DEPARTAMENTAL,PU-151,NO,-16.206632,-68.963393,DESPEJADO,RURAL,TRAMO RECTO,PLANA ,ASFALTADA,,,,,IMPRUDENCIA DEL PEATÓN,OTRO (IMPRUDENCIA DEL PEATÓN)
A-2023-04-154,08/04/2023,23:00,DESPISTE,1,0,,LIMA,LIMA,SANTIAGO DE SURCO,URBANA,AVENIDA,URBANO,NO CORRESPONDE,NO,-12.147633905434658,-76.98657473392949,DESPEJADO,COMERCIAL,TRAMO RECTO,PLANA ,ASFALTADA,,,,,IMPRUDENCIA DEL CONDUCTOR,OTRO (IMPRUDENCIA DEL CONDUCTOR)
A-2021-05-109,08/05/2021,03:50,CHOQUE,1,0,2,JUNIN,CHANCHAMAYO,PICHANAQUI,RURAL,CARRETERA,NACIONAL,PE-5S,NO,-10.932901566892642,-74.86769527334864,DESPEJADO,RURAL,TRAMO RECTO,PLANA ,ASFALTADA,,,,,,
A-2021-05-43,08/05/2021,04:45,CHOQUE,1,1,2,APURIMAC,ABANCAY,CURAHUASI,RURAL,CARRETERA,NACIONAL,PE-3S,NO,-13.541964783452272,-72.80367104108937,DESPEJADO,RURAL,CURVA,INCLINADA,ASFALTADA,SI,REGULADORA (R),PREVENTIVA (P),SI,IMPRUDENCIA DEL CONDUCTOR,EXCESO DE VELOCIDAD
A-2021-05-153,08/05/2021,05:40,ATROPELLO,1,0,0,AYACUCHO,HUAMANGA,SAN JUAN BAUTISTA,URBANA,CARRETERA,NACIONAL,PE-3S,NO,-13.203862,-74.217087,DESPEJADO,RURAL,CURVA,INCLINADA,ASFALTADA,,,,,IMPRUDENCIA DEL CONDUCTOR,EXCESO DE VELOCIDAD
A-2021-05-20,08/05/2021,07:45,CHOQUE,1,0,2,PUNO,CHUCUITO,POMATA,RURAL,CARRETERA,NACIONAL,PE-3S,NO,-16.260407,-69.296237,DESPEJADO,RURAL,TRAMO RECTO,PLANA ,ASFALTADA,,,,,,
A-2021-05-27,08/05/2021,17:30,CHOQUE,1,0,2,SAN MARTIN,MOYOBAMBA,CALZADA,URBANA,CARRETERA,NACIONAL,PE-5N,NO,-6.0414216,-77.1308047,DESPEJADO,RESIDENCIAL,TRAMO RECTO,PLANA ,ASFALTADA,,,,,IMPRUDENCIA DEL CONDUCTOR,OTRO (IMPRUDENCIA DEL CONDUCTOR)
A-2021-05-23,08/05/2021,19:20,CHOQUE,1,0,2,LA LIBERTAD,VIRU,GUADALUPITO,RURAL,CARRETERA,NACIONAL,PE-1N,NO,-8.954141,-78.629623,DESPEJADO,RURAL,TRAMO RECTO,PLANA ,ASFALTADA,,,,,IMPRUDENCIA DEL CONDUCTOR,EXCESO DE VELOCIDAD
A-2021-05-269,08/05/2021,19:20,ATROPELLO,1,0,,LIMA,HUARAL,HUARAL,URBANA,AVENIDA,URBANO,NO CORRESPONDE,,-11.491536,-77.211604,,,,,,,,,,,
A-2021-05-26,08/05/2021,19:50,CHOQUE,2,3,2,LA LIBERTAD,VIRU,VIRU,RURAL,CARRETERA,NACIONAL,PE-1N,NO,-8.415622,-78.789251,DESPEJADO,RURAL,TRAMO RECTO,PLANA ,ASFALTADA,,,,,IMPRUDENCIA DEL CONDUCTOR,FATIGA Y/O CANSANCIO
A-2021-05-48,08/05/2021,20:30,DESPISTE,1,1,1,APURIMAC,ABANCAY,CURAHUASI,RURAL,CARRETERA,NACIONAL,PE-3S,NO,-13.540684,-72.690852,DESPEJADO,RURAL,CURVA,PLANA ,ASFALTADA,,,,,IMPRUDENCIA DEL CONDUCTOR,CONDUCIR EN ESTADO DE EBRIEDAD Y/O DROGADICCIÓN
A-2022-05-152,08/05/2022,01:30,DESPISTE,1,1,1,CAJAMARCA,HUALGAYOC,BAMBAMARCA,URBANA,CARRETERA,NACIONAL,PE-3N,NO,-6.68165931,-78.53031906,DESPEJADO,RURAL,OTRO,INCLINADA,ASFALTADA,,,,,NO IDENTIFICA LA CAUSA,
A-2022-05-270,08/05/2022,02:00,DESPISTE,1,0,,LORETO,MAYNAS,BELEN,URBANA,AVENIDA,URBANO,NO CORRESPONDE,NO,-3.7655843,-73.2715448,DESPEJADO,RURAL,TRAMO RECTO,PLANA ,ASFALTADA,,,,,IMPRUDENCIA DEL CONDUCTOR,CONDUCIR EN ESTADO DE EBRIEDAD Y/O DROGADICCIÓN
A-2022-05-29,08/05/2022,02:20,DESPISTE,1,1,1,LA LIBERTAD,CHEPEN,CHEPEN,RURAL,CARRETERA,NACIONAL,PE-1N,NO,-7.214381,-79.429597,DESPEJADO,RURAL,TRAMO RECTO,PLANA ,ASFALTADA,,,,,IMPRUDENCIA DEL CONDUCTOR,CONDUCIR EN ESTADO DE EBRIEDAD Y/O DROGADICCIÓN
A-2022-05-210,08/05/2022,02:30,ATROPELLO,1,0,0,LIMA,LIMA,LA VICTORIA,URBANA,AVENIDA,URBANO,NO CORRESPONDE,NO,-12.081611,-77.017685,DESPEJADO,COMERCIAL,INTERSECCIÓN,PLANA ,ASFALTADA,,,,,NO IDENTIFICA LA CAUSA,
A-2022-05-58,08/05/2022,02:45,CHOQUE CON OBJETO FIJO,1,0,1,ANCASH,YUNGAY,MANCOS,URBANA,CARRETERA,NACIONAL,PE-3N,NO,-9.191041264832544,-77.71195251202728,DESPEJADO,RURAL,CURVA,PLANA ,ASFALTADA,SI,PREVENTIVA (P),,NO,NO IDENTIFICA LA CAUSA,
A-2022-05-35,08/05/2022,07:45,CHOQUE CON OBJETO FIJO,1,1,1,ICA,PISCO,HUMAY,URBANA,CARRETERA,NACIONAL,PE-28A,NO,-13.7184738,-75.8668238,DESPEJADO,RURAL,CURVA,INCLINADA,ASFALTADA,SI,PREVENTIVA (P),,SI,NO IDENTIFICA LA CAUSA,
A-2022-05-126,08/05/2022,10:00,DESPISTE,1,0,1,CAJAMARCA,SAN PABLO,SAN BERNARDINO,URBANA,CARRETERA,NACIONAL,PE-08,NO,-7.21591823,-78.77398246,SOLEADO,RURAL,CURVA,PLANA ,AFIRMADO,,,,,NO IDENTIFICA LA CAUSA,
A-2022-05-42,08/05/2022,10:00,ATROPELLO,1,0,,PASCO,DANIEL ALCIDES CARRION,TAPUC,URBANA,CARRETERA,VECINAL,PA-514,NO,-10.454451273390127,-76.46249945011253,SOLEADO,COMERCIAL,INTERSECCIÓN,INCLINADA,CONCRETO,,,,,NO IDENTIFICA LA CAUSA,
A-2022-05-209,08/05/2022,12:45,ATROPELLO FUGA,1,0,,LIMA,LIMA,COMAS,URBANA,AVENIDA,URBANO,NO CORRESPONDE,NO,-11.964631,-77.055373,DESPEJADO,COMERCIAL,TRAMO RECTO,PLANA ,ASFALTADA,,,,,NO IDENTIFICA LA CAUSA,
A-2022-05-24,08/05/2022,13:15,CHOQUE FUGA,1,0,1,PUNO,PUNO,VILQUE,RURAL,CARRETERA,DEPARTAMENTAL,PU-122,NO,-15.765046400944327,-70.25579796032056,DESPEJADO,RURAL,CURVA,INCLINADA,ASFALTADA,SI,PREVENTIVA (P),INFORMATIVA (I),SI,IMPRUDENCIA DEL CONDUCTOR,CONDUCIR EN SENTIDO CONTRARIO
A-2022-05-62,08/05/2022,13:55,ATROPELLO,1,0,,SAN MARTIN,RIOJA,PARDO MIGUEL,RURAL,CARRETERA,NACIONAL,PE-5N,NO,-5.704024,-77.594965,DESPEJADO,ESCOLAR,TRAMO RECTO,PLANA ,ASFALTADA,,,,,IMPRUDENCIA DEL PEATÓN,CRUCE INDEBIDO POR LA CALZADA
A-2022-05-77,08/05/2022,16:50,DESPISTE,1,2,1,AREQUIPA,AREQUIPA,YURA,RURAL,CARRETERA,VECINAL,AR-706,NO,-16.239712,-71.71059,DESPEJADO,RURAL,TRAMO RECTO,INCLINADA,TROCHA,,,,,NO IDENTIFICA LA CAUSA,
A-2023-05-141,08/05/2023,01:00,DESPISTE,2,0,,APURIMAC,ABANCAY,CIRCA,RURAL,CARRETERA,NACIONAL,PE-30A,,-13.78832022,-72.94705484,,,,,,,,,,,
A-2023-05-60,08/05/2023,04:00,CHOQUE,1,0,3,LA LIBERTAD,TRUJILLO,LAREDO,RURAL,CARRETERA,NACIONAL,PE-10A,NO,-8.073092,-78.867206,DESPEJADO,RURAL,TRAMO RECTO,PLANA ,ASFALTADA,,,,,IMPRUDENCIA DEL CONDUCTOR,OTRO (IMPRUDENCIA DEL CONDUCTOR)
A-2023-05-136,08/05/2023,05:00,CHOQUE,1,24,,LIMA,LIMA,SAN BORJA,URBANA,CARRETERA,NACIONAL,PE-1S,NO,-12.094176,-76.980606,DESPEJADO,COMERCIAL,TRAMO RECTO,PLANA ,ASFALTADA,,,,,EN PROCESO DE INVESTIGACIÓN,NO CUENTA CON CAUSA ESPECIFICA
A-2023-05-61,08/05/2023,07:10,DESPISTE,2,12,1,LA LIBERTAD,SANTIAGO DE CHUCO,QUIRUVILCA,RURAL,CARRETERA,VECINAL,LI-931,NO,-8.010683371367584,-78.31100065209786,DESPEJADO,RURAL,CURVA,INCLINADA,TROCHA,,,,,IMPRUDENCIA DEL CONDUCTOR,ADELANTAR INDEBIDAMENTE
A-2023-05-30,08/05/2023,16:30,CHOQUE,3,0,3,CUSCO,QUISPICANCHI,URCOS,RURAL,CARRETERA,NACIONAL,PE-3S,NO,-13.710043,-71.597223,LLUVIOSO,RURAL,TRAMO RECTO,PLANA ,ASFALTADA,SI,REGULADORA (R),,SI,IMPRUDENCIA DEL CONDUCTOR,EXCESO DE VELOCIDAD
A-2023-05-88,08/05/2023,19:00,DESPISTE,1,0,1,PUNO,LAMPA,SANTA LUCIA,RURAL,CARRETERA,NACIONAL,PE-34A,NO,-15.6507989,-70.7334132,DESPEJADO,RURAL,CURVA,PLANA ,ASFALTADA,,,,,NEGLIGENCIA DEL CONDUCTOR,OTRO (NEGLIGENCIA DEL CONDUCTOR)
A-2021-06-23,08/06/2021,05:00,DESPISTE,1,0,1,PUNO,EL COLLAO,ILAVE,RURAL,CARRETERA,NACIONAL,PE-3S,NO,-16.051474030645352,-69.58550825342667,DESPEJADO,RURAL,TRAMO RECTO,PLANA ,ASFALTADA,,,,,IMPRUDENCIA DEL CONDUCTOR,FATIGA Y/O CANSANCIO
A-2021-06-343,08/06/2021,05:00,DESPISTE,1,1,1,APURIMAC,ANDAHUAYLAS,PACOBAMBA,RURAL,CARRETERA,DEPARTAMENTAL,AP-100,NO,-13.52841509995434,-73.19722648326862,DESPEJADO,RURAL,TRAMO RECTO,INCLINADA,AFIRMADO,,,,,IMPRUDENCIA DEL CONDUCTOR,FATIGA Y/O CANSANCIO
A-2021-06-278,08/06/2021,06:37,ESPECIAL,1,1,0,LAMBAYEQUE,CHICLAYO,JOSE LEONARDO ORTIZ,URBANA,AVENIDA,URBANO,NO CORRESPONDE,NO,-6.745098892742482,-79.8669147096859,LLUVIOSO,INDUSTRIAL,TRAMO RECTO,PLANA ,ASFALTADA,,,,,NO IDENTIFICA LA CAUSA,
A-2021-06-79,08/06/2021,16:30,DESPISTE,18,5,1,LA LIBERTAD,PATAZ,PARCOY,RURAL,CARRETERA,NACIONAL,PE-10C,NO,-7.891157,-77.629046,LLUVIOSO,RURAL,SINUOSA,PLANA ,AFIRMADO,,,,,IMPRUDENCIA DEL CONDUCTOR,EXCESO DE VELOCIDAD
A-2021-06-334,08/06/2021,17:24,CHOQUE,1,0,2,LIMA,BARRANCA,BARRANCA,RURAL,CARRETERA,VECINAL,LM-521,SI,-10.6873665820082,-77.67925674740714,SOLEADO,RURAL,TRAMO RECTO,INCLINADA,AFIRMADO,,,,,NO IDENTIFICA LA CAUSA,
A-2022-06-19,08/06/2022,08:00,ATROPELLO,1,0,1,LA LIBERTAD,TRUJILLO,TRUJILLO,URBANA,AVENIDA,URBANO,NO CORRESPONDE,NO,-8.12523,-79.025426,DESPEJADO,COMERCIAL,INTERSECCIÓN,PLANA ,ASFALTADA,,,,,NO IDENTIFICA LA CAUSA,
A-2022-06-12,08/06/2022,14:00,VOLCADURA,1,0,1,PUNO,PUNO,PUNO,URBANA,AVENIDA,URBANO,NO CORRESPONDE,NO,-15.8843,-69.972199,DESPEJADO,RURAL,PUENTE,INCLINADA,CASCAJO/RIPIO,,,,,IMPRUDENCIA DEL CONDUCTOR,EXCESO DE VELOCIDAD
A-2022-06-20,08/06/2022,15:40,DESPISTE,1,0,1,LA LIBERTAD,ASCOPE,RAZURI,RURAL,CARRETERA,NACIONAL,PE-1N,NO,-7.574973071313438,-79.3699211119346,DESPEJADO,RURAL,TRAMO RECTO,PLANA ,ASFALTADA,,,,,NO IDENTIFICA LA CAUSA,
A-2022-06-30,08/06/2022,18:20,DESPISTE,1,10,1,ANCASH,POMABAMBA,POMABAMBA,RURAL,CARRETERA,VECINAL,AN-585,NO,-8.706511334204723,-77.49953307562446,DESPEJADO,RURAL,SINUOSA,PLANA ,AFIRMADO,,,,,NO IDENTIFICA LA CAUSA,
A-2022-06-258,08/06/2022,19:30,ATROPELLO,1,0,1,LIMA,HUARAL,HUARAL,URBANA,CARRETERA,NACIONAL,PE-1NB,NO,-11.503774232574075,-77.22944492817412,DESPEJADO,COMERCIAL,TRAMO RECTO,PLANA ,ASFALTADA,,,,,IMPRUDENCIA DEL PEATÓN,ESTADO DE EBRIEDAD Y/O DROGADICCIÓN
A-2022-06-72,08/06/2022,20:00,ATROPELLO FUGA,1,0,,CUSCO,ESPINAR,ESPINAR,RURAL,CARRETERA,NACIONAL,PE-34F,NO,-14.772371,-71.390948,DESPEJADO,RURAL,TRAMO RECTO,PLANA ,ASFALTADA,,,,,IMPRUDENCIA DEL PEATÓN,ESTADO DE EBRIEDAD Y/O DROGADICCIÓN
A-2023-06-125,08/06/2023,05:00,DESPISTE,1,0,,LIMA,LIMA,SAN MARTIN DE PORRES,URBANA,AVENIDA,URBANO,NO CORRESPONDE,SI,-12.01662094,-77.07794638,DESPEJADO,COMERCIAL,TRAMO RECTO,PLANA ,ASFALTADA,,,,,EN PROCESO DE INVESTIGACIÓN,NO CUENTA CON CAUSA ESPECIFICA
A-2023-06-126,08/06/2023,08:30,ATROPELLO,1,0,,LIMA,LIMA,MIRAFLORES,URBANA,AVENIDA,URBANO,NO CORRESPONDE,NO,-12.12991394,-77.02370858,DESPEJADO,RESIDENCIAL,TRAMO RECTO,PLANA ,ASFALTADA,,,,,IMPRUDENCIA DEL CONDUCTOR,OTRO (IMPRUDENCIA DEL CONDUCTOR)
A-2023-06-158,08/06/2023,10:10,ATROPELLO,1,0,,JUNIN,CONCEPCION,ORCOTUNA,RURAL,CARRETERA,VECINAL,JU-851,NO,-11.9909706584115,-75.3289445052482,SOLEADO,RURAL,OTRO,PLANA ,AFIRMADO,,,,,IMPRUDENCIA DEL PEATÓN,OTRO (IMPRUDENCIA DEL PEATÓN)
A-2023-06-169,08/06/2023,12:35,DESPISTE,1,1,,TACNA,JORGE BASADRE,ITE,RURAL,CARRETERA,SIN CLASIFICAR,SIN CLASIFICAR,NO,-17.878886,-70.977804,DESPEJADO,RURAL,TRAMO RECTO,INCLINADA,TROCHA,,,,,IMPERICIA DEL CONDUCTOR,
A-2023-06-14,08/06/2023,13:30,CHOQUE,1,4,2,ANCASH,CARHUAZ,CARHUAZ,URBANA,CARRETERA,VECINAL,AN-1103,NO,-9.298273000383661,-77.6300837337406,NUBLADO,RURAL,TRAMO RECTO,PLANA ,ASFALTADA,SI,PREVENTIVA (P),REGULADORA (R),SI,NO IDENTIFICA LA CAUSA,
A-2023-06-86,08/06/2023,18:30,ATROPELLO,1,0,,CALLAO,CALLAO,CALLAO,URBANA,CARRETERA,NACIONAL,PE-20,NO,-12.0446162274835,-77.126587086002,DESPEJADO,COMERCIAL,TRAMO RECTO,PLANA ,ASFALTADA,SI,REGULADORA (R),,SI,IMPRUDENCIA DEL PEATÓN,OTRO (IMPRUDENCIA DEL PEATÓN)
A-2023-06-179,08/06/2023,20:00,CHOQUE CON OBJETO FIJO,1,0,1,CAJAMARCA,CHOTA,CHOTA,URBANA,CARRETERA,NACIONAL,PE-3N,NO,-6.61159,-78.584688,DESPEJADO,INDUSTRIAL,TRAMO RECTO,INCLINADA,ASFALTADA,SI,PREVENTIVA (P),,SI,IMPRUDENCIA DEL CONDUCTOR,CONDUCIR EN ESTADO DE EBRIEDAD Y/O DROGADICCIÓN
A-2021-07-34,08/07/2021,02:10,CHOQUE,1,2,2,ANCASH,HUAYLAS,CARAZ,RURAL,CARRETERA,NACIONAL,PE-3N,NO,-9.072865102671805,-77.78696410785597,DESPEJADO,RURAL,TRAMO RECTO,INCLINADA,ASFALTADA,SI,PREVENTIVA (P),,SI,IMPRUDENCIA DEL CONDUCTOR,INVASIÓN DE CARRIL
A-2021-07-46,08/07/2021,14:31,DESPISTE,1,3,1,TACNA,TACNA,ALTO DE LA ALIANZA,RURAL,CARRETERA,NACIONAL,PE-38,NO,-17.995197,-70.262317,DESPEJADO,RURAL,CURVA,INCLINADA,ASFALTADA,SI,PREVENTIVA (P),PREVENTIVA (P),NO,IMPRUDENCIA DEL CONDUCTOR,EXCESO DE VELOCIDAD