CÓDIGO SINIESTRO,FECHA SINIESTRO,HORA SINIESTRO,CLASE SINIESTRO,CANTIDAD DE FALLECIDOS,CANTIDAD DE LESIONADOS,CANTIDAD DE VEHICULOS DAÑADOS,DEPARTAMENTO,PROVINCIA,DISTRITO,ZONA,TIPO DE VÍA,RED VIAL,COD CARRETERA,EXISTE CICLOVÍA,COORDENADAS LATITUD,COORDENADAS  LONGITUD,CONDICIÓN CLIMÁTICA,ZONIFICACIÓN,CARACTERÍSTICAS DE VÍA,PERFIL LONGITUDINAL VÍA,SUPERFICIE DE CALZADA,¿EXISTE SEÑAL VERTICAL?,CLASIFICACIÓN DE LA SEÑAL VERTICAL Nº 1,CLASIFICACIÓN DE LA SEÑAL VERTICAL Nº 2,¿EXISTE SEÑAL HORIZONTAL?,CAUSA FACTOR PRINCIPAL,CAUSA ESPECÍFICA
A-2022-11-119,08/11/2022,16:00,CHOQUE,1,0,,CALLAO,CALLAO,CALLAO,URBANA,CARRETERA,NACIONAL,PE-20,NO,-11.989341,-77.1259525195,DESPEJADO,COMERCIAL,TRAMO RECTO,PLANA ,ASFALTADA,SI,INFORMATIVA (I),PREVENTIVA (P),NO,NO IDENTIFICA LA CAUSA,
A-2022-11-138,08/11/2022,16:00,CHOQUE,1,0,,LIMA,LIMA,LURIGANCHO,URBANA,AVENIDA,URBANO,NO CORRESPONDE,NO,-12.007566328955926,-76.88740436673737,DESPEJADO,INDUSTRIAL,INTERSECCIÓN,PLANA ,ASFALTADA,,,,,NO IDENTIFICA LA CAUSA,
A-2022-11-199,08/11/2022,22:00,CHOQUE,1,0,,PIURA,AYABACA,SUYO,RURAL,CARRETERA,NACIONAL,PE-1NL,NO,-4.482080425046179,-79.98689501037242,DESPEJADO,RURAL,TRAMO RECTO,PLANA ,ASFALTADA,,,,,IMPRUDENCIA DEL CONDUCTOR,INVASIÓN DE CARRIL
A-2023-11-115,08/11/2023,12:00,ATROPELLO,1,0,,LIMA,LIMA,LA VICTORIA,URBANA,JIRÓN,URBANO,NO CORRESPONDE,NO,-12.06099302,-77.02302769,DESPEJADO,COMERCIAL,INTERSECCIÓN,PLANA ,ASFALTADA,SI,PREVENTIVA (P),,SI,,
A-2021-12-69,08/12/2021,06:00,ATROPELLO FUGA,1,0,,PASCO,PASCO,VICCO,URBANA,CARRETERA,NACIONAL,PE-20A,NO,-10.810985467282695,-76.23864765339725,DESPEJADO,RURAL,OTRO,PLANA ,ASFALTADA,SI,REGULADORA (R),,NO,IMPRUDENCIA DEL CONDUCTOR,EXCESO DE VELOCIDAD
A-2021-12-170,08/12/2021,06:30,CHOQUE,1,0,2,LAMBAYEQUE,CHICLAYO,PIMENTEL,URBANA,CARRETERA,NACIONAL,PE-1N,NO,-6.751879484350171,-79.8676442770372,DESPEJADO,COMERCIAL,TRAMO RECTO,PLANA ,ASFALTADA,,,,,NO IDENTIFICA LA CAUSA,
A-2021-12-99,08/12/2021,06:30,CHOQUE,1,0,2,UCAYALI,CORONEL PORTILLO,YARINACOCHA,RURAL,CARRETERA,NACIONAL,PE-18C,NO,-8.409770,-74.650205,DESPEJADO,RURAL,TRAMO RECTO,PLANA ,ASFALTADA,SI,REGULADORA (R),,NO,IMPRUDENCIA DEL CONDUCTOR,CONDUCIR EN SENTIDO CONTRARIO
A-2021-12-238,08/12/2021,07:20,VOLCADURA,1,0,2,SAN MARTIN,SAN MARTIN,LA BANDA DE SHILCAYO,RURAL,CARRETERA,NACIONAL,PE-5NB,NO,-6.46513,-76.31393,DESPEJADO,RURAL,CURVA,INCLINADA,ASFALTADA,SI,PREVENTIVA (P),,SI,IMPRUDENCIA DEL CONDUCTOR,EXCESO DE VELOCIDAD
A-2021-12-216,08/12/2021,10:00,CAÍDA DE PASAJERO,1,0,0,LIMA,LIMA,VILLA MARIA DEL TRIUNFO,URBANA,JIRÓN,URBANO,NO CORRESPONDE,NO,-12.183116,-76.924735,SOLEADO,RESIDENCIAL,TRAMO RECTO,PLANA ,ASFALTADA,,,,,NO IDENTIFICA LA CAUSA,
A-2021-12-26,08/12/2021,15:30,DESPISTE,2,2,1,ICA,ICA,YAUCA DEL ROSARIO,RURAL,CARRETERA,DEPARTAMENTAL,IC-107,NO,-14.1745787,-75.5859515,SOLEADO,RURAL,TRAMO RECTO,PLANA ,TROCHA,,,,,NO IDENTIFICA LA CAUSA,
A-2021-12-66,08/12/2021,19:50,ATROPELLO,1,1,,LORETO,MAYNAS,IQUITOS,URBANA,AVENIDA,URBANO,NO CORRESPONDE,,-3.731932130476979,-73.25876824469772,,,,,,,,,,,
A-2022-12-120,08/12/2022,01:30,DESPISTE,1,6,1,CAJAMARCA,CHOTA,COCHABAMBA,RURAL,CARRETERA,VECINAL,CA-844,NO,-6.49356833,-78.87548333,DESPEJADO,RURAL,CURVA,INCLINADA,AFIRMADO,,,,,NEGLIGENCIA DEL CONDUCTOR,OTRO (NEGLIGENCIA DEL CONDUCTOR)
A-2022-12-141,08/12/2022,04:50,DESPISTE,1,0,,LIMA,LIMA,CHORRILLOS,URBANA,AVENIDA,URBANO,NO CORRESPONDE,NO,-12.1961847637265,-77.00054599573585,DESPEJADO,COMERCIAL,TRAMO RECTO,PLANA ,ASFALTADA,,,,,NO IDENTIFICA LA CAUSA,
A-2022-12-234,08/12/2022,09:30,ESPECIAL,1,0,1,AYACUCHO,LUCANAS,PUQUIO,RURAL,CARRETERA,NACIONAL,PE-30A,NO,-14.64194,-74.047936,DESPEJADO,RURAL,CURVA,INCLINADA,ASFALTADA,SI,PREVENTIVA (P),REGULADORA (R),NO,INFRAESTRUCTURA Y ENTORNO VIAL,OTRO (INFRAESTRUCTURA Y ENTORNO VIAL)
A-2022-12-42,08/12/2022,13:00,VOLCADURA,2,2,1,CUSCO,LA CONVENCION,HUAYOPATA,RURAL,CARRETERA,NACIONAL,PE-28B,NO,-13.124599798851245,-72.33221523548895,DESPEJADO,RURAL,CURVA,INCLINADA,ASFALTADA,SI,PREVENTIVA (P),,SI,NO IDENTIFICA LA CAUSA,
A-2022-12-119,08/12/2022,14:00,DESPISTE,1,1,,CAJAMARCA,CHOTA,COCHABAMBA,RURAL,CARRETERA,NACIONAL,PE-3N,NO,-6.49894333,-78.82061,DESPEJADO,RURAL,CURVA,PLANA ,ASFALTADA,SI,PREVENTIVA (P),REGULADORA (R),SI,NO IDENTIFICA LA CAUSA,
A-2022-12-13,08/12/2022,22:40,CHOQUE,3,6,2,PUNO,PUNO,PICHACANI,RURAL,CARRETERA,VECINAL,PU-1097,NO,-16.19722114894739,-70.13273287750263,LLUVIOSO,RURAL,TRAMO RECTO,PLANA ,ASFALTADA,,,,,IMPRUDENCIA DEL CONDUCTOR,VEHÍCULO MAL ESTACIONADO
A-2022-12-102,08/12/2022,23:20,DESPISTE,1,0,1,PUNO,HUANCANE,TARACO,RURAL,CARRETERA,NACIONAL,PE-34H,NO,-15.299009076997503,-69.98580957023911,DESPEJADO,RURAL,TRAMO RECTO,PLANA ,ASFALTADA,,,,,IMPRUDENCIA DEL CONDUCTOR,EXCESO DE VELOCIDAD
A-2023-12-10,08/12/2023,05:30,CHOQUE,1,1,3,ICA,ICA,LOS AQUIJES,RURAL,CARRETERA,VECINAL,IC-653,NO,-14.09797832,-75.68375776,DESPEJADO,RURAL,TRAMO RECTO,PLANA ,ASFALTADA,,,,,NO IDENTIFICA LA CAUSA,
A-2023-12-54,08/12/2023,17:04,ATROPELLO,1,0,1,TACNA,TACNA,CORONEL GREGORIO ALBARRACIN LANCHIPA,URBANA,AVENIDA,URBANO,NO CORRESPONDE,NO,-18.05367,-70.242646,DESPEJADO,RESIDENCIAL,TRAMO RECTO,PLANA ,ASFALTADA,,,,,IMPRUDENCIA DEL CONDUCTOR,CONDUCIR EN ESTADO DE EBRIEDAD Y/O DROGADICCIÓN
A-2023-12-94,08/12/2023,19:15,CHOQUE,1,0,,LIMA,LIMA,LOS OLIVOS,URBANA,CARRETERA,NACIONAL,PE-1N,NO,-11.97016,-77.067188,DESPEJADO,INDUSTRIAL,TRAMO RECTO,PLANA ,ASFALTADA,,,,,,
A-2023-12-75,08/12/2023,22:00,DESPISTE,5,1,1,AREQUIPA,CAYLLOMA,YANQUE,RURAL,CARRETERA,DEPARTAMENTAL,AR-109,SI,-15.650821, -71.641526,DESPEJADO,RURAL,TRAMO RECTO,INCLINADA,ASFALTADA,NO,,,SI,NO IDENTIFICA LA CAUSA,
A-2021-01-335,09/01/2021,06:20,CHOQUE,2,0,2,AREQUIPA,CARAVELI,LOMAS,RURAL,CARRETERA,NACIONAL,PE-1S,NO,-15.296713,-74.915512,DESPEJADO,RURAL,TRAMO RECTO,PLANA ,ASFALTADA,,,,,NO IDENTIFICA LA CAUSA,
A-2021-01-188,09/01/2021,08:00,CHOQUE,1,1,2,CUSCO,CHUMBIVILCAS,COLQUEMARCA,RURAL,CARRETERA,VECINAL,CU-1542,NO,-14.255447,-72.051308,DESPEJADO,RURAL,TRAMO RECTO,PLANA ,ASFALTADA,,,,,NO IDENTIFICA LA CAUSA,
A-2021-01-264,09/01/2021,10:00,DESPISTE,1,0,0,LIMA,LIMA,SAN JUAN DE LURIGANCHO,URBANA,AVENIDA,URBANO,NO CORRESPONDE,NO,-11.980617,-77.012747,DESPEJADO,COMERCIAL,TRAMO RECTO,PLANA ,ASFALTADA,,,,,NEGLIGENCIA DEL CONDUCTOR,OTRO (NEGLIGENCIA DEL CONDUCTOR)
A-2021-01-71,09/01/2021,15:30,DESPISTE,1,0,1,LAMBAYEQUE,CHICLAYO,LA VICTORIA,RURAL,CARRETERA,VECINAL,LA-778,NO,-6.821616,-79.855199,DESPEJADO,RURAL,TRAMO RECTO,PLANA ,ASFALTADA,,,,,NO IDENTIFICA LA CAUSA,
A-2021-01-49,09/01/2021,16:20,CHOQUE,1,4,2,LIMA,BARRANCA,PATIVILCA,RURAL,CARRETERA,NACIONAL,PE-16A,NO,-10.658884060554785,-77.6526383087629,SOLEADO,RURAL,CURVA,PLANA ,ASFALTADA,NO,,,SI,IMPRUDENCIA DEL CONDUCTOR,INVASIÓN DE CARRIL
A-2021-01-63,09/01/2021,19:50,CHOQUE,1,0,2,ICA,ICA,SAN JOSE DE LOS MOLINOS,URBANA,CARRETERA,NACIONAL,PE-1SC,NO,-13.963668753161592,-75.69515216658996,DESPEJADO,ESCOLAR,TRAMO RECTO,PLANA ,ASFALTADA,,,,,IMPRUDENCIA DEL CONDUCTOR,EXCESO DE VELOCIDAD
A-2022-01-16,09/01/2022,04:34,ATROPELLO,1,0,1,PUNO,EL COLLAO,ILAVE,RURAL,CARRETERA,NACIONAL,PE-38A,NO,-16.135414213373448,-69.64369664845323,DESPEJADO,RURAL,TRAMO RECTO,PLANA ,ASFALTADA,NO,,,SI,IMPRUDENCIA DEL CONDUCTOR,OTRO (IMPRUDENCIA DEL CONDUCTOR)
A-2022-01-178,09/01/2022,08:10,DESPISTE,1,0,1,LA LIBERTAD,PACASMAYO,GUADALUPE,RURAL,CARRETERA,NACIONAL,PE-08,NO,-7.299342,-79.415822,DESPEJADO,RURAL,TRAMO RECTO,PLANA ,ASFALTADA,,,,,NO IDENTIFICA LA CAUSA,
A-2022-01-289,09/01/2022,09:20,CHOQUE,3,2,2,AREQUIPA,CARAVELI,LOMAS,RURAL,CARRETERA,NACIONAL,PE-1S,NO,-15.481438476431407,-74.85966725034878,DESPEJADO,RURAL,TRAMO RECTO,INCLINADA,ASFALTADA,,,,,NO IDENTIFICA LA CAUSA,
A-2022-01-57,09/01/2022,14:40,DESPISTE,2,1,1,CAJAMARCA,CUTERVO,SOCOTA,RURAL,CARRETERA,VECINAL,CA-788,NO,-6.30739,-78.663099,DESPEJADO,RURAL,TRAMO RECTO,PLANA ,AFIRMADO,,,,,NO IDENTIFICA LA CAUSA,
A-2022-01-111,09/01/2022,19:10,ATROPELLO,1,0,0,LIMA,LIMA,SAN BARTOLO,URBANA,CARRETERA,NACIONAL,PE-1S,SI,-12.385164664801556,-76.77044923432662,DESPEJADO,INDUSTRIAL,PUENTE,PLANA ,ASFALTADA,,,,,IMPRUDENCIA DEL PEATÓN,CRUCE INDEBIDO POR LA CALZADA
A-2022-01-63,09/01/2022,19:30,CHOQUE,1,0,1,SAN MARTIN,RIOJA,AWAJUN,RURAL,CARRETERA,NACIONAL,PE-5N,NO,-5.790776,-77.41728,DESPEJADO,RURAL,TRAMO RECTO,PLANA ,ASFALTADA,,,,,IMPRUDENCIA DEL CONDUCTOR,OTRO (IMPRUDENCIA DEL CONDUCTOR)
A-2022-01-311,09/01/2022,20:05,CHOQUE,1,0,2,JUNIN,SATIPO,PANGOA,RURAL,CARRETERA,NACIONAL,PE-28C,NO,-11.471638466456701,-74.48098550820917,DESPEJADO,RURAL,TRAMO RECTO,INCLINADA,ASFALTADA,SI,PREVENTIVA (P),,NO,IMPRUDENCIA DEL CONDUCTOR,EXCESO DE VELOCIDAD
A-2022-01-180,09/01/2022,20:14,ATROPELLO,1,0,1,LA LIBERTAD,VIRU,CHAO,RURAL,AVENIDA,URBANO,NO CORRESPONDE,NO,-8.504148,-78.686039,DESPEJADO,RURAL,TRAMO RECTO,PLANA ,AFIRMADO,,,,,IMPRUDENCIA DEL CONDUCTOR,OTRO (IMPRUDENCIA DEL CONDUCTOR)
A-2022-01-282,09/01/2022,23:50,DESPISTE,1,2,1,PIURA,HUANCABAMBA,HUANCABAMBA,RURAL,CARRETERA,VECINAL,PI-848,NO,-5.236725,-79.416748,DESPEJADO,RURAL,CURVA,INCLINADA,TROCHA,,,,,NO IDENTIFICA LA CAUSA,
A-2022-01-77,09/01/2022,23:50,DESPISTE,1,0,1,PIURA,SECHURA,CRISTO NOS VALGA,RURAL,CALLE,URBANO,NO CORRESPONDE,NO,-5.49806,-80.7408,DESPEJADO,RURAL,TRAMO RECTO,INCLINADA,TROCHA,,,,,NO IDENTIFICA LA CAUSA,
A-2021-02-46,09/02/2021,08:30,DESPISTE,1,1,1,APURIMAC,COTABAMBAS,HAQUIRA,RURAL,CARRETERA,NACIONAL,PE-3SG,NO,-14.223052227128651,-72.15168099959223,LLUVIOSO,RURAL,TRAMO RECTO,PLANA ,ASFALTADA,,,,,NO IDENTIFICA LA CAUSA,
A-2021-02-249,09/02/2021,20:00,ATROPELLO,1,0,0,LIMA,LIMA,SAN JUAN DE MIRAFLORES,URBANA,CARRETERA,NACIONAL,PE-1S,NO,-12.156762275040453,-76.98325306177139,DESPEJADO,RESIDENCIAL,TRAMO RECTO,PLANA ,ASFALTADA,,,,,IMPRUDENCIA DEL PEATÓN,ESTADO DE EBRIEDAD Y/O DROGADICCIÓN
A-2021-02-250,09/02/2021,21:12,DESPISTE,1,0,,LIMA,LIMA,LA VICTORIA,URBANA,AVENIDA,URBANO,NO CORRESPONDE,NO,-12.076163677993936,-77.02763028722859,DESPEJADO,RESIDENCIAL,TRAMO RECTO,INCLINADA,ASFALTADA,,,,,IMPRUDENCIA DEL CONDUCTOR,EXCESO DE VELOCIDAD
A-2022-02-56,09/02/2022,03:00,DESPISTE,1,0,,LORETO,MAYNAS,IQUITOS,URBANA,AVENIDA,URBANO,NO CORRESPONDE,NO,-3.756961,-73.251322,LLUVIOSO,COMERCIAL,ÓVALO,PLANA ,ASFALTADA,,,,,IMPRUDENCIA DEL CONDUCTOR,CONDUCIR EN ESTADO DE EBRIEDAD Y/O DROGADICCIÓN
A-2022-02-259,09/02/2022,04:30,ATROPELLO FUGA,1,0,,LIMA,HUARAL,HUARAL,URBANA,CARRETERA,NACIONAL,PE-20C,NO,-11.509562,-77.205765,DESPEJADO,RURAL,TRAMO RECTO,PLANA ,ASFALTADA,,,,,NO IDENTIFICA LA CAUSA,
A-2022-02-82,09/02/2022,14:45,DESPISTE,17,7,1,LA LIBERTAD,PATAZ,TAYABAMBA,RURAL,CARRETERA,NACIONAL,PE-10C,NO,-8.384521,-77.284063,LLUVIOSO,RURAL,CURVA,INCLINADA,TROCHA,,,,,NO IDENTIFICA LA CAUSA,
A-2022-02-95,09/02/2022,18:20,CHOQUE,1,1,2,LA LIBERTAD,ASCOPE,PAIJAN,RURAL,CARRETERA,VECINAL,LI-610,NO,-7.728846904117775,-79.32433734883507,DESPEJADO,RURAL,TRAMO RECTO,PLANA ,ASFALTADA,,,,,NO IDENTIFICA LA CAUSA,
A-2022-02-216,09/02/2022,20:00,ATROPELLO,1,0,0,LIMA,LIMA,PACHACAMAC,URBANA,AVENIDA,URBANO,NO CORRESPONDE,NO,-12.101285,-76.874275,DESPEJADO,INDUSTRIAL,TRAMO RECTO,PLANA ,ASFALTADA,,,,,NO IDENTIFICA LA CAUSA,
A-2022-02-169,09/02/2022,21:40,ATROPELLO FUGA,1,0,0,LAMBAYEQUE,LAMBAYEQUE,JAYANCA,RURAL,CARRETERA,NACIONAL,PE-1NJ,NO,-6.3304186,-79.7639598,NUBLADO,RURAL,TRAMO RECTO,PLANA ,ASFALTADA,,,,,NO IDENTIFICA LA CAUSA,
A-2023-02-102,09/02/2023,04:40,DESPISTE,1,6,1,JUNIN,YAULI,LA OROYA,RURAL,CARRETERA,NACIONAL,PE-3S,NO,-11.602835,-75.872645,DESPEJADO,RURAL,TRAMO RECTO,PLANA ,ASFALTADA,SI,REGULADORA (R),,NO,IMPRUDENCIA DEL CONDUCTOR,OTRO (IMPRUDENCIA DEL CONDUCTOR)
A-2023-02-103,09/02/2023,09:30,ATROPELLO FUGA,1,0,,JUNIN,JAUJA,MUQUIYAUYO,URBANA,CARRETERA,NACIONAL,PE-3SB,NO,-11.818533,-75.453981,DESPEJADO,RURAL,TRAMO RECTO,PLANA ,ASFALTADA,SI,REGULADORA (R),,NO,NO IDENTIFICA LA CAUSA,
A-2021-03-315,09/03/2021,03:00,DESPISTE,1,0,1,PIURA,AYABACA,AYABACA,,CARRETERA,NACIONAL,PE-1NT,NO,-4.704679385931243,-79.79501006503793,LLUVIOSO,RURAL,TRAMO RECTO,INCLINADA,ASFALTADA,,,,,NO IDENTIFICA LA CAUSA,
A-2021-03-62,09/03/2021,20:30,CHOQUE FUGA,1,0,2,LA LIBERTAD,TRUJILLO,HUANCHACO,RURAL,CARRETERA,NACIONAL,PE-1N,NO,-7.99302,-79.074555,DESPEJADO,RURAL,TRAMO RECTO,PLANA ,ASFALTADA,,,,,NO IDENTIFICA LA CAUSA,
A-2021-03-74,09/03/2021,21:30,DESPISTE,2,1,1,CAJAMARCA,CHOTA,QUEROCOTO,RURAL,CARRETERA,VECINAL,CA-827,NO,-6.40624446,-79.03196898,LLUVIOSO,RURAL,CURVA,PLANA ,AFIRMADO,,,,,NO IDENTIFICA LA CAUSA,
A-2022-03-90,09/03/2022,00:00,ATROPELLO,1,0,1,LA LIBERTAD,VIRU,CHAO,RURAL,CARRETERA,NACIONAL,PE-1N,NO,-8.539943,-78.67644,DESPEJADO,RURAL,TRAMO RECTO,PLANA ,ASFALTADA,,,,,NO IDENTIFICA LA CAUSA,
A-2022-03-254,09/03/2022,01:15,DESPISTE,2,5,1,ICA,CHINCHA,GROCIO PRADO,RURAL,CARRETERA,NACIONAL,PE-1S,NO,-13.353544938238635,-76.22172841728349,DESPEJADO,RURAL,TRAMO RECTO,PLANA ,ASFALTADA,,,,,NEGLIGENCIA DEL CONDUCTOR,OTRO (NEGLIGENCIA DEL CONDUCTOR)
A-2022-03-76,09/03/2022,04:50,DESPISTE,4,0,1,LA LIBERTAD,BOLIVAR,BAMBAMARCA,RURAL,CARRETERA,DEPARTAMENTAL,LI-125,NO,-7.54598524765243,-77.71371781842402,LLUVIOSO,RURAL,TRAMO RECTO,PLANA ,TROCHA,,,,,IMPRUDENCIA DEL CONDUCTOR,FATIGA Y/O CANSANCIO
A-2022-03-104,09/03/2022,06:50,CHOQUE,1,0,2,LAMBAYEQUE,LAMBAYEQUE,LAMBAYEQUE,URBANA,CARRETERA,NACIONAL,PE-1N,NO,-6.723075,-79.892557,DESPEJADO,INDUSTRIAL,TRAMO RECTO,PLANA ,ASFALTADA,,,,,NO IDENTIFICA LA CAUSA,
A-2022-03-216,09/03/2022,14:00,CHOQUE,1,0,2,LIMA,LIMA,RIMAC,URBANA,CARRETERA,NACIONAL,PE-1N,NO,-12.04027,-77.01653,DESPEJADO,INDUSTRIAL,TRAMO RECTO,PLANA ,ASFALTADA,,,,,NO IDENTIFICA LA CAUSA,
A-2022-03-53,09/03/2022,15:15,ATROPELLO,1,0,,CAJAMARCA,CAJABAMBA,CACHACHI,RURAL,CARRETERA,SIN CLASIFICAR,SIN CLASIFICAR,,-7.62635833,-78.21360167,,,,,,,,,,,
A-2022-03-42,09/03/2022,16:00,DESPISTE,1,0,1,AREQUIPA,CARAVELI,QUICACHA,RURAL,CARRETERA,NACIONAL,PE-32,NO,-15.6174880857991,-73.80546071012532,LLUVIOSO,RURAL,SINUOSA,INCLINADA,TROCHA,,,,,NO IDENTIFICA LA CAUSA,
A-2023-03-29,09/03/2023,10:00,CHOQUE,1,2,3,CAJAMARCA,CHOTA,CHOTA,URBANA,CARRETERA,NACIONAL,PE-3N,NO,-6.567786,-78.648946,SOLEADO,RESIDENCIAL,TRAMO RECTO,INCLINADA,CONCRETO,,,,,NO IDENTIFICA LA CAUSA,
A-2023-03-139,09/03/2023,13:30,CHOQUE,1,1,,LIMA,LIMA,SAN JUAN DE LURIGANCHO,URBANA,AVENIDA,URBANO,NO CORRESPONDE,NO,-12.01803437,-77.00198335,DESPEJADO,COMERCIAL,INTERSECCIÓN,PLANA ,ASFALTADA,,,,,IMPRUDENCIA DEL CONDUCTOR,OTRO (IMPRUDENCIA DEL CONDUCTOR)
A-2023-03-140,09/03/2023,14:00,ATROPELLO FUGA,1,0,,LIMA,LIMA,SAN JUAN DE LURIGANCHO,URBANA,AVENIDA,URBANO,NO CORRESPONDE,NO,-12.01920608,-76.98685732,DESPEJADO,RESIDENCIAL,TRAMO RECTO,PLANA ,ASFALTADA,,,,,IMPRUDENCIA DEL PEATÓN,OTRO (IMPRUDENCIA DEL PEATÓN)
A-2023-03-53,09/03/2023,14:10,CHOQUE,1,0,2,CUSCO,ANTA,ANTA,URBANA,CARRETERA,NACIONAL,PE-3S,NO,-13.477006,-72.120795,DESPEJADO,COMERCIAL,CURVA,INCLINADA,ASFALTADA,SI,PREVENTIVA (P),,SI,IMPRUDENCIA DEL CONDUCTOR,GIRAR IMPRUDENTEMENTE
A-2023-03-19,09/03/2023,17:10,DESPISTE,2,1,1,LA LIBERTAD,SANCHEZ CARRION,COCHORCO,RURAL,CARRETERA,NACIONAL,PE-10C,NO,-7.774657,-77.776896,DESPEJADO,RURAL,CURVA,PLANA ,AFIRMADO,,,,,NO IDENTIFICA LA CAUSA,
A-2021-04-234,09/04/2021,08:10,DESPISTE,1,0,0,LIMA,LIMA,SAN MARTIN DE PORRES,URBANA,CARRETERA,NACIONAL,PE-1N,NO,-12.0208394,-77.0591224,DESPEJADO,COMERCIAL,TRAMO RECTO,PLANA ,ASFALTADA,,,,,NO IDENTIFICA LA CAUSA,
A-2021-04-63,09/04/2021,09:00,VOLCADURA,1,0,1,PUNO,PUNO,PAUCARCOLLA,RURAL,CARRETERA,SIN CLASIFICAR,SIN CLASIFICAR,NO,-15.786983164153632,-70.08120213017172,DESPEJADO,RURAL,CURVA,INCLINADA,TROCHA,,,,,NEGLIGENCIA DEL CONDUCTOR,CONDUCIR CON FALLAS DE FRENOS
A-2021-04-42,09/04/2021,14:30,CHOQUE,1,3,2,AREQUIPA,AREQUIPA,SAN JUAN DE TARUCANI,RURAL,CARRETERA,NACIONAL,PE-34A,NO,-16.019093,-71.2838097,LLUVIOSO,RURAL,CURVA,PLANA ,ASFALTADA,,,,,IMPRUDENCIA DEL CONDUCTOR,OTRO (IMPRUDENCIA DEL CONDUCTOR)
A-2021-04-88,09/04/2021,18:00,CHOQUE,1,2,2,CAJAMARCA,CONTUMAZA,CONTUMAZA,URBANA,CARRETERA,NACIONAL,PE-08,NO,-7.23580207,-78.70758406,DESPEJADO,COMERCIAL,CURVA,INCLINADA,ASFALTADA,SI,PREVENTIVA (P),PREVENTIVA (P),SI,IMPRUDENCIA DEL CONDUCTOR,CONDUCIR EN ESTADO DE EBRIEDAD Y/O DROGADICCIÓN
A-2021-04-316,09/04/2021,18:20,DESPISTE,1,1,1,HUANUCO,HUANUCO,CHINCHAO,RURAL,CARRETERA,NACIONAL,PE-18A,NO,-9.525074,-75.954437,DESPEJADO,RURAL,TRAMO RECTO,PLANA ,ASFALTADA,,,,,IMPRUDENCIA DEL CONDUCTOR,OTRO (IMPRUDENCIA DEL CONDUCTOR)
A-2021-04-233,09/04/2021,20:20,ATROPELLO FUGA,1,0,,LIMA,LIMA,SAN JUAN DE LURIGANCHO,URBANA,AVENIDA,URBANO,NO CORRESPONDE,NO,-11.969483,-77.005295,DESPEJADO,INDUSTRIAL,TRAMO RECTO,PLANA ,ASFALTADA,,,,,IMPRUDENCIA DEL PEATÓN,OTRO (IMPRUDENCIA DEL PEATÓN)
A-2021-04-326,09/04/2021,20:50,ATROPELLO,1,0,0,SAN MARTIN,SAN MARTIN,TARAPOTO,URBANA,CARRETERA,NACIONAL,PE-5N,NO,-6.533466,-76.373776,SOLEADO,COMERCIAL,OTRO,PLANA ,ASFALTADA,NO,,,SI,NO IDENTIFICA LA CAUSA,
A-2021-04-104,09/04/2021,21:30,CHOQUE,1,0,2,APURIMAC,ANDAHUAYLAS,ANDAHUAYLAS,URBANA,CARRETERA,NACIONAL,PE-3S,NO,-13.664063,-73.406394,DESPEJADO,COMERCIAL,TRAMO RECTO,PLANA ,ASFALTADA,NO,,,SI,IMPRUDENCIA DEL CONDUCTOR,CONDUCIR EN ESTADO DE EBRIEDAD Y/O DROGADICCIÓN
A-2022-04-198,09/04/2022,09:40,ATROPELLO,1,0,,LIMA,LIMA,ATE,URBANA,AVENIDA,URBANO,NO CORRESPONDE,,-11.997173,-76.834487,,,,,,,,,,,
A-2022-04-73,09/04/2022,12:51,ESPECIAL,1,0,1,AREQUIPA,AREQUIPA,CERRO COLORADO,URBANA,OTRO,URBANO,NO CORRESPONDE,NO,-16.338482,-71.609659,DESPEJADO,COMERCIAL,OTRO,PLANA ,CONCRETO,,,,,NO IDENTIFICA LA CAUSA,
A-2022-04-126,09/04/2022,13:40,DESPISTE,1,0,1,CUSCO,ESPINAR,CONDOROMA,RURAL,CARRETERA,NACIONAL,PE-34J,NO,-15.35757714745863,-71.09403047319799,DESPEJADO,RURAL,CURVA,PLANA ,ASFALTADA,SI,PREVENTIVA (P),INFORMATIVA (I),NO,IMPRUDENCIA DEL CONDUCTOR,EXCESO DE VELOCIDAD
A-2022-04-105,09/04/2022,21:30,CAÍDA DE PASAJERO,1,0,1,LA LIBERTAD,TRUJILLO,MOCHE,RURAL,CARRETERA,VECINAL,LI-1093,NO,-8.147617,-79.005415,DESPEJADO,RURAL,TRAMO RECTO,PLANA ,ASFALTADA,,,,,NO IDENTIFICA LA CAUSA,
A-2022-04-199,09/04/2022,22:10,CHOQUE,1,8,,LIMA,LIMA,ATE,URBANA,AVENIDA,URBANO,NO CORRESPONDE,,-12.039388,-76.932605,,,,,,,,,,,
A-2022-04-197,09/04/2022,23:30,ATROPELLO,1,0,,LIMA,LIMA,ANCON,URBANA,CARRETERA,NACIONAL,PE-1N,,-11.814028,-77.128788,,,,,,,,,,,
A-2023-04-111,09/04/2023,01:10,CHOQUE,1,0,,ICA,CHINCHA,EL CARMEN,RURAL,CARRETERA,NACIONAL,PE-1S,,-13.553249,-76.133279,,,,,,,,,,,