CÓDIGO SINIESTRO,FECHA SINIESTRO,HORA SINIESTRO,CLASE SINIESTRO,CANTIDAD DE FALLECIDOS,CANTIDAD DE LESIONADOS,CANTIDAD DE VEHICULOS DAÑADOS,DEPARTAMENTO,PROVINCIA,DISTRITO,ZONA,TIPO DE VÍA,RED VIAL,COD CARRETERA,EXISTE CICLOVÍA,COORDENADAS LATITUD,COORDENADAS  LONGITUD,CONDICIÓN CLIMÁTICA,ZONIFICACIÓN,CARACTERÍSTICAS DE VÍA,PERFIL LONGITUDINAL VÍA,SUPERFICIE DE CALZADA,¿EXISTE SEÑAL VERTICAL?,CLASIFICACIÓN DE LA SEÑAL VERTICAL Nº 1,CLASIFICACIÓN DE LA SEÑAL VERTICAL Nº 2,¿EXISTE SEÑAL HORIZONTAL?,CAUSA FACTOR PRINCIPAL,CAUSA ESPECÍFICA
A-2022-08-183,09/08/2022,12:10,DESPISTE,1,0,,APURIMAC,AYMARAES,CHALHUANCA,RURAL,CARRETERA,VECINAL,AP-767,,-14.288665464113869,-73.27030864658343,,,,,,,,,,,
A-2022-08-173,09/08/2022,14:30,DESPISTE,1,0,,PIURA,AYABACA,FRIAS,RURAL,CARRETERA,VECINAL,PI-780,NO,-4.963296190950989,-80.0037082415946,DESPEJADO,RURAL,TRAMO RECTO,PLANA ,AFIRMADO,,,,,NO IDENTIFICA LA CAUSA,
A-2023-08-15,09/08/2023,09:00,DESPISTE,1,1,1,PUNO,CHUCUITO,JULI,RURAL,CARRETERA,NACIONAL,PE-38A,NO,-16.366658,-69.648655,DESPEJADO,RURAL,CURVA,PLANA ,ASFALTADA,,,,,INFRAESTRUCTURA Y ENTORNO VIAL,OBRAS TEMPORALES
A-2023-08-50,09/08/2023,11:00,ATROPELLO FUGA,1,0,,LA LIBERTAD,TRUJILLO,LA ESPERANZA,URBANA,AVENIDA,URBANO,NO CORRESPONDE,NO,-8.062354,-79.052461,DESPEJADO,RURAL,INTERSECCIÓN,PLANA ,ASFALTADA,,,,,NO IDENTIFICA LA CAUSA,
A-2023-08-7,09/08/2023,11:00,ATROPELLO,1,0,1,ICA,ICA,ICA,URBANA,CARRETERA,NACIONAL,PE-1S,NO,-14.065311578681898,-75.74055852250488,DESPEJADO,COMERCIAL,TRAMO RECTO,PLANA ,ASFALTADA,,,,,IMPRUDENCIA DEL PEATÓN,CRUCE INDEBIDO POR LA CALZADA
A-2023-08-26,09/08/2023,13:30,DESPISTE,1,0,1,LA LIBERTAD,OTUZCO,SALPO,RURAL,CARRETERA,NACIONAL,PE-10A,NO,-7.992525,-78.672074,DESPEJADO,RURAL,TRAMO RECTO,PLANA ,ASFALTADA,,,,,IMPRUDENCIA DEL CONDUCTOR,OTRO (IMPRUDENCIA DEL CONDUCTOR)
A-2023-08-131,09/08/2023,14:05,ATROPELLO,1,0,,JUNIN,HUANCAYO,EL TAMBO,URBANA,AVENIDA,URBANO,NO CORRESPONDE,NO,-12.06247,-75.226215,DESPEJADO,COMERCIAL,INTERSECCIÓN,PLANA ,ASFALTADA,SI,REGULADORA (R),,SI,IMPRUDENCIA DEL PEATÓN,DESACATO DE SEÑAL DE TRÁNSITO
A-2023-08-91,09/08/2023,16:15,CHOQUE,1,0,,LIMA,LIMA,LA VICTORIA,URBANA,AVENIDA,URBANO,NO CORRESPONDE,NO,-12.065917635872879,-77.0289471205931,DESPEJADO,COMERCIAL,INTERSECCIÓN,PLANA ,ASFALTADA,NO,,,SI,IMPRUDENCIA DEL CONDUCTOR,OTRO (IMPRUDENCIA DEL CONDUCTOR)
A-2023-08-92,09/08/2023,19:10,ATROPELLO,1,0,,LIMA,LIMA,CARABAYLLO,URBANA,AVENIDA,URBANO,NO CORRESPONDE,NO,-11.88095939,-77.02393787,DESPEJADO,RESIDENCIAL,TRAMO RECTO,PLANA ,ASFALTADA,,,,,EN PROCESO DE INVESTIGACIÓN,NO CUENTA CON CAUSA ESPECIFICA
A-2021-09-200,09/09/2021,06:30,ATROPELLO FUGA,1,0,1,LIMA,HUARAL,CHANCAY,RURAL,CARRETERA,NACIONAL,PE-1N,NO,-11.457522,-77.321459,DESPEJADO,RURAL,TRAMO RECTO,PLANA ,ASFALTADA,,,,,NO IDENTIFICA LA CAUSA,
A-2021-09-114,09/09/2021,08:50,ATROPELLO,1,0,,LIMA,LIMA,EL AGUSTINO,URBANA,AVENIDA,URBANO,NO CORRESPONDE,NO,-12.029105679812279,-76.99168294364385,SOLEADO,COMERCIAL,TRAMO RECTO,PLANA ,ASFALTADA,,,,,IMPRUDENCIA DEL PEATÓN,CRUCE INDEBIDO POR LA CALZADA
A-2021-09-179,09/09/2021,09:30,CHOQUE,1,0,2,CUSCO,CALCA,TARAY,RURAL,CARRETERA,NACIONAL,PE-28G,NO,-13.429176,-71.863166,DESPEJADO,RURAL,TRAMO RECTO,PLANA ,ASFALTADA,,,,,IMPRUDENCIA DEL CONDUCTOR,GIRAR IMPRUDENTEMENTE
A-2021-09-250,09/09/2021,12:00,CHOQUE,1,0,2,JUNIN,CHANCHAMAYO,PERENE,RURAL,CARRETERA,NACIONAL,PE-5S,NO,-10.946973812713598,-75.2221705341921,DESPEJADO,RURAL,TRAMO RECTO,PLANA ,ASFALTADA,,,,,NO IDENTIFICA LA CAUSA,
A-2021-09-242,09/09/2021,14:10,ATROPELLO,1,0,1,LIMA,BARRANCA,SUPE PUERTO,RURAL,CARRETERA,DEPARTAMENTAL,LM-100,NO,-10.793471,-77.729742,DESPEJADO,RURAL,TRAMO RECTO,INCLINADA,ASFALTADA,,,,,NO IDENTIFICA LA CAUSA,
A-2021-09-61,09/09/2021,17:20,ATROPELLO,1,0,1,CUSCO,QUISPICANCHI,QUIQUIJANA,RURAL,CARRETERA,SIN CLASIFICAR,SIN CLASIFICAR,NO,-13.760977,-71.5462627,DESPEJADO,RURAL,CURVA,INCLINADA,TROCHA,,,,,NEGLIGENCIA DEL CONDUCTOR,OTRO (NEGLIGENCIA DEL CONDUCTOR)
A-2021-09-26,09/09/2021,20:30,CHOQUE,1,0,2,AREQUIPA,AREQUIPA,YURA,URBANA,CARRETERA,DEPARTAMENTAL,AR-123,NO,-16.3818322,-71.6574499,DESPEJADO,INDUSTRIAL,TRAMO RECTO,PLANA ,ASFALTADA,,,,,IMPRUDENCIA DEL CONDUCTOR,FATIGA Y/O CANSANCIO
A-2022-09-18,09/09/2022,01:20,CHOQUE,1,0,1,TUMBES,TUMBES,TUMBES,RURAL,CARRETERA,NACIONAL,PE-1N,NO,-3.546450350732249,-80.39683026628057,DESPEJADO,RURAL,TRAMO RECTO,PLANA ,ASFALTADA,SI,PREVENTIVA (P),,NO,IMPRUDENCIA DEL CONDUCTOR,EXCESO DE VELOCIDAD
A-2022-09-151,09/09/2022,04:20,ATROPELLO,1,0,,LIMA,LIMA,VILLA EL SALVADOR,URBANA,AVENIDA,URBANO,NO CORRESPONDE,NO,-12.233369129098184,-76.94168413314078,DESPEJADO,COMERCIAL,INTERSECCIÓN,PLANA ,ASFALTADA,,,,,NO IDENTIFICA LA CAUSA,
A-2022-09-39,09/09/2022,06:15,DESPISTE,1,0,1,AREQUIPA,AREQUIPA,UCHUMAYO,RURAL,CARRETERA,NACIONAL,PE-34A,NO,-16.4473730886001,-71.6987912068164,DESPEJADO,RURAL,CURVA,INCLINADA,ASFALTADA,NO,,,SI,NO IDENTIFICA LA CAUSA,
A-2022-09-100,09/09/2022,06:40,DESPISTE,1,4,1,CUSCO,CHUMBIVILCAS,COLQUEMARCA,RURAL,CARRETERA,VECINAL,CU-1535,NO,-14.19716441,-72.0473002,DESPEJADO,RURAL,TRAMO RECTO,PLANA ,TROCHA,,,,,IMPRUDENCIA DEL CONDUCTOR,EXCESO DE VELOCIDAD
A-2022-09-186,09/09/2022,08:00,DESPISTE,3,0,,LIMA,CAJATAMBO,HUANCAPON,RURAL,CARRETERA,NACIONAL,PE-16A,NO,-10.463511,-77.098645,DESPEJADO,RURAL,SINUOSA,INCLINADA,TROCHA,,,,,,
A-2022-09-219,09/09/2022,08:40,ATROPELLO,1,0,,CAJAMARCA,CAJAMARCA,CAJAMARCA,RURAL,CARRETERA,NACIONAL,PE-3N,,-7.1889496,-78.472057,,,,,,,,,,,
A-2022-09-40,09/09/2022,08:50,ATROPELLO,1,0,1,AREQUIPA,AREQUIPA,LA JOYA,RURAL,CARRETERA,NACIONAL,PE-1S,NO,-16.643654,-71.8715585,DESPEJADO,RURAL,OTRO,PLANA ,TROCHA,,,,,NO IDENTIFICA LA CAUSA,
A-2022-09-92,09/09/2022,18:50,ATROPELLO,1,1,1,LAMBAYEQUE,CHICLAYO,CHICLAYO,URBANA,CARRETERA,NACIONAL,PE-1N,NO,-6.767848,-79.872157,DESPEJADO,RESIDENCIAL,TRAMO RECTO,PLANA ,ASFALTADA,,,,,NO IDENTIFICA LA CAUSA,
A-2022-09-217,09/09/2022,22:00,CHOQUE,2,0,,AMAZONAS,LUYA,SAN JERONIMO,RURAL,CARRETERA,NACIONAL,PE-5N,NO,-5.9214044,-78.1221324,SOLEADO,RURAL,TRAMO RECTO,PLANA ,ASFALTADA,,,,,NO IDENTIFICA LA CAUSA,
A-2022-09-49,09/09/2022,22:30,CHOQUE,1,0,2,TUMBES,TUMBES,TUMBES,RURAL,CARRETERA,DEPARTAMENTAL,TU-103,NO,-3.5331077251061815,-80.3779871480488,DESPEJADO,RURAL,TRAMO RECTO,PLANA ,ASFALTADA,,,,,IMPRUDENCIA DEL CONDUCTOR,CONDUCIR EN ESTADO DE EBRIEDAD Y/O DROGADICCIÓN
A-2023-09-31,09/09/2023,02:30,ESPECIAL,1,1,1,CUSCO,URUBAMBA,OLLANTAYTAMBO,RURAL,CARRETERA,VECINAL,CU-917,NO,-13.218509,-72.354399,DESPEJADO,RURAL,CURVA,INCLINADA,TROCHA,,,,,INFRAESTRUCTURA Y ENTORNO VIAL,OTRO (INFRAESTRUCTURA Y ENTORNO VIAL)
A-2023-09-22,09/09/2023,03:10,DESPISTE,3,2,,AREQUIPA,CAYLLOMA,SAN ANTONIO DE CHUCA,RURAL,CARRETERA,NACIONAL,PE-34J,NO,-15.734174,-71.031393,DESPEJADO,RURAL,TRAMO RECTO,PLANA ,ASFALTADA,,,,,NO IDENTIFICA LA CAUSA,
A-2023-09-124,09/09/2023,06:30,CHOQUE,1,0,,LIMA,LIMA,SAN JUAN DE MIRAFLORES,URBANA,CARRETERA,NACIONAL,PE-1S,NO,-12.18818944,-76.97369258,DESPEJADO,RESIDENCIAL,TRAMO RECTO,PLANA ,ASFALTADA,,,,,IMPRUDENCIA DEL CONDUCTOR,OTRO (IMPRUDENCIA DEL CONDUCTOR)
A-2023-09-69,09/09/2023,18:40,ATROPELLO FUGA,1,0,,PUNO,AZANGARO,SAMAN,RURAL,AVENIDA,URBANO,NO CORRESPONDE,NO,-15.2962592,-70.0206447,DESPEJADO,RURAL,TRAMO RECTO,PLANA ,ASFALTADA,,,,,NO IDENTIFICA LA CAUSA,
A-2023-09-107,09/09/2023,19:30,CHOQUE,1,2,,JUNIN,JUNIN,JUNIN,RURAL,CARRETERA,NACIONAL,PE-3N,NO,-11.0874824,-75.9970533,DESPEJADO,RURAL,TRAMO RECTO,PLANA ,ASFALTADA,NO,,,SI,IMPRUDENCIA DEL CONDUCTOR,OTRO (IMPRUDENCIA DEL CONDUCTOR)
A-2021-10-28,09/10/2021,02:40,ATROPELLO,1,0,1,ICA,PALPA,PALPA,RURAL,CARRETERA,NACIONAL,PE-30D,NO,-14.531044,-75.187675,DESPEJADO,RURAL,TRAMO RECTO,PLANA ,ASFALTADA,,,,,NO IDENTIFICA LA CAUSA,
A-2021-10-26,09/10/2021,03:49,ATROPELLO,1,0,1,AREQUIPA,AREQUIPA,CERRO COLORADO,URBANA,CARRETERA,NACIONAL,PE-34A,NO,-16.342429,-71.585874,DESPEJADO,COMERCIAL,INTERSECCIÓN,PLANA ,ASFALTADA,NO,,,SI,NO IDENTIFICA LA CAUSA,
A-2021-10-145,09/10/2021,07:40,CHOQUE,1,0,1,CUSCO,CANCHIS,TINTA,RURAL,CARRETERA,NACIONAL,PE-3S,NO,-14.152643949371454,-71.39154812679948,DESPEJADO,RURAL,TRAMO RECTO,INCLINADA,ASFALTADA,,,,,IMPRUDENCIA DEL CONDUCTOR,EXCESO DE VELOCIDAD
A-2021-10-174,09/10/2021,08:09,DESPISTE,2,19,1,CUSCO,LA CONVENCION,HUAYOPATA,RURAL,CARRETERA,NACIONAL,PE-28B,NO,-13.100004191349283,-72.37735462678407,DESPEJADO,RURAL,CURVA,PLANA ,ASFALTADA,,,,,IMPRUDENCIA DEL CONDUCTOR,EXCESO DE VELOCIDAD
A-2021-10-151,09/10/2021,08:15,CHOQUE,1,0,2,CUSCO,CANCHIS,SAN PEDRO,URBANA,CARRETERA,NACIONAL,PE-3S,NO,-14.184457,-71.350138,DESPEJADO,RURAL,TRAMO RECTO,PLANA ,ASFALTADA,,,,,IMPRUDENCIA DEL CONDUCTOR,EXCESO DE VELOCIDAD
A-2021-10-281,09/10/2021,09:00,DESPISTE,1,1,1,ANCASH,SANTA,NUEVO CHIMBOTE,URBANA,CARRETERA,NACIONAL,PE-1N,NO,-9.12566274667016,-78.534261575131,DESPEJADO,RESIDENCIAL,TRAMO RECTO,PLANA ,ASFALTADA,,,,,NO IDENTIFICA LA CAUSA,
A-2021-10-280,09/10/2021,14:10,ATROPELLO,1,0,1,ANCASH,SANTA,SAMANCO,RURAL,CARRETERA,NACIONAL,PE-1N,NO,-9.277351779240735,-78.41748933380784,DESPEJADO,RURAL,TRAMO RECTO,PLANA ,ASFALTADA,,,,,IMPRUDENCIA DEL PEATÓN,ESTADO DE EBRIEDAD Y/O DROGADICCIÓN
A-2021-10-166,09/10/2021,19:40,DESPISTE,2,0,1,CUSCO,ESPINAR,PALLPATA,RURAL,CARRETERA,NACIONAL,PE-3SG,NO,-14.897640632862313,-71.20320446892045,DESPEJADO,RURAL,TRAMO RECTO,PLANA ,ASFALTADA,SI,REGULADORA (R),PREVENTIVA (P),NO,IMPRUDENCIA DEL CONDUCTOR,EXCESO DE VELOCIDAD
A-2021-10-53,09/10/2021,20:15,CHOQUE,1,0,0,LIMA,LIMA,LURIN,URBANA,AVENIDA,URBANO,NO CORRESPONDE,SI,-12.250217031834625,-76.86691741288067,DESPEJADO,RESIDENCIAL,TRAMO RECTO,PLANA ,ASFALTADA,,,,,IMPRUDENCIA DEL CONDUCTOR,EXCESO DE VELOCIDAD
A-2021-10-120,09/10/2021,21:00,ATROPELLO FUGA,1,0,,LIMA,HUAURA,HUAURA,RURAL,CARRETERA,NACIONAL,PE-1N,,-11.069352186346695,-77.5858579607905,,,,,,,,,,,
A-2022-10-139,09/10/2022,03:00,ATROPELLO,1,0,,LIMA,LIMA,SAN JUAN DE MIRAFLORES,URBANA,CARRETERA,NACIONAL,PE-1S,NO,-12.18412895251892,-76.9750320403075,DESPEJADO,COMERCIAL,TRAMO RECTO,PLANA ,ASFALTADA,,,,,NO IDENTIFICA LA CAUSA,
A-2022-10-63,09/10/2022,05:00,ATROPELLO FUGA,2,0,,ANCASH,SANTA,SANTA,URBANA,CARRETERA,NACIONAL,PE-1N,NO,-8.98506,-78.617104,DESPEJADO,RESIDENCIAL,TRAMO RECTO,PLANA ,ASFALTADA,,,,,NO IDENTIFICA LA CAUSA,
A-2022-10-69,09/10/2022,07:10,DESPISTE,1,1,1,LA LIBERTAD,SANCHEZ CARRION,CHUGAY,RURAL,CARRETERA,NACIONAL,PE-10C,NO,-7.819402,-77.883862,DESPEJADO,RURAL,CURVA,PLANA ,TROCHA,,,,,NO IDENTIFICA LA CAUSA,
A-2022-10-194,09/10/2022,12:30,CHOQUE FUGA,1,0,,MADRE DE DIOS,TAMBOPATA,INAMBARI,,CARRETERA,NACIONAL,PE-30C,,-12.908503,-69.917314,,,,,,,,,,,
A-2022-10-174,09/10/2022,15:50,VOLCADURA,1,0,,JUNIN,HUANCAYO,PUCARA,RURAL,CARRETERA,NACIONAL,PE-3SC,NO,-12.181194,-75.140513,DESPEJADO,RURAL,CURVA,INCLINADA,ASFALTADA,,,,,IMPRUDENCIA DEL CONDUCTOR,CONDUCIR EN ESTADO DE EBRIEDAD Y/O DROGADICCIÓN
A-2022-10-38,09/10/2022,17:30,DESPISTE,1,0,1,CUSCO,LA CONVENCION,ECHARATE,RURAL,CARRETERA,SIN CLASIFICAR,SIN CLASIFICAR,NO,-12.648293445410891,-72.56421178579332,DESPEJADO,RURAL,OTRO,PLANA ,TROCHA,,,,,IMPRUDENCIA DEL CONDUCTOR,CONDUCIR EN ESTADO DE EBRIEDAD Y/O DROGADICCIÓN
A-2022-10-10,09/10/2022,18:32,CHOQUE FUGA,1,0,,PUNO,YUNGUYO,YUNGUYO,URBANA,CARRETERA,DEPARTAMENTAL,PU-130,NO,-16.2489088,-69.1005303,DESPEJADO,RURAL,TRAMO RECTO,PLANA ,ASFALTADA,,,,,NO IDENTIFICA LA CAUSA,
A-2022-10-119,09/10/2022,19:10,ATROPELLO,1,0,1,LIMA,HUAURA,VEGUETA,URBANA,CARRETERA,NACIONAL,PE-1N,NO,-10.94224418532031,-77.64774076130703,DESPEJADO,COMERCIAL,TRAMO RECTO,PLANA ,ASFALTADA,SI,REGULADORA (R),PREVENTIVA (P),NO,NO IDENTIFICA LA CAUSA,
A-2022-10-217,09/10/2022,20:19,ATROPELLO FUGA,1,0,,LIMA,LIMA,SAN JUAN DE LURIGANCHO,URBANA,CARRETERA,NACIONAL,PE-22,NO,-12.022451784997166,-76.95885835454386,DESPEJADO,RESIDENCIAL,TRAMO RECTO,PLANA ,ASFALTADA,,,,,EN PROCESO DE INVESTIGACIÓN,NO CUENTA CON CAUSA ESPECIFICA
A-2023-10-59,09/10/2023,01:30,ATROPELLO,1,0,1,CUSCO,CANCHIS,COMBAPATA,RURAL,CARRETERA,NACIONAL,PE-3S,NO,-14.107019,-71.421132,DESPEJADO,RURAL,TRAMO RECTO,PLANA ,ASFALTADA,SI,PREVENTIVA (P),,SI,IMPRUDENCIA DEL PEATÓN,OTRO (IMPRUDENCIA DEL PEATÓN)
A-2023-10-6,09/10/2023,03:30,DESPISTE,1,0,1,TUMBES,CONTRALMIRANTE VILLAR,CASITAS,RURAL,CARRETERA,VECINAL,TU-548,NO,-3.9716658460065672,-80.6539337766366,DESPEJADO,RURAL,TRAMO RECTO,PLANA ,TROCHA,,,,,IMPRUDENCIA DEL CONDUCTOR,OTRO (IMPRUDENCIA DEL CONDUCTOR)
A-2023-10-87,09/10/2023,09:30,DESPISTE,3,0,,JUNIN,YAULI,LA OROYA,RURAL,CARRETERA,NACIONAL,PE-3S,NO,-11.544940357566531,-75.88144236359715,LLUVIOSO,RURAL,CURVA,PLANA ,ASFALTADA,SI,PREVENTIVA (P),,SI,IMPRUDENCIA DEL CONDUCTOR,OTRO (IMPRUDENCIA DEL CONDUCTOR)
A-2023-10-77,09/10/2023,14:00,DESPISTE,1,0,1,AMAZONAS,UTCUBAMBA,BAGUA GRANDE,URBANA,CARRETERA,NACIONAL,PE-5N,NO,-5.7141033,-78.553582,DESPEJADO,RURAL,CURVA,INCLINADA,ASFALTADA,NO,,,SI,EN PROCESO DE INVESTIGACIÓN,NO CUENTA CON CAUSA ESPECIFICA
A-2023-10-100,09/10/2023,14:10,ATROPELLO,1,0,,LIMA,LIMA,LA VICTORIA,URBANA,AVENIDA,URBANO,NO CORRESPONDE,NO,-12.06244303,-77.01280273,DESPEJADO,COMERCIAL,INTERSECCIÓN,PLANA ,ASFALTADA,,,,,EN PROCESO DE INVESTIGACIÓN,NO CUENTA CON CAUSA ESPECIFICA
A-2023-10-7,09/10/2023,15:00,CHOQUE,1,1,2,TUMBES,ZARUMILLA,PAPAYAL,RURAL,CARRETERA,DEPARTAMENTAL,TU-101,NO,-3.5456365203265623,-80.22734484128469,SOLEADO,RURAL,TRAMO RECTO,PLANA ,ASFALTADA,,,,,IMPRUDENCIA DEL CONDUCTOR,INVASIÓN DE CARRIL
A-2023-10-99,09/10/2023,18:35,ATROPELLO,1,0,,LIMA,LIMA,SANTA ROSA,RURAL,AVENIDA,URBANO,NO CORRESPONDE,NO,-11.7963214,-77.16488888,DESPEJADO,RURAL,TRAMO RECTO,PLANA ,ASFALTADA,,,,,NO IDENTIFICA LA CAUSA,
A-2023-10-101,09/10/2023,19:30,ATROPELLO,1,0,,LIMA,LIMA,SAN JUAN DE LURIGANCHO,URBANA,CARRETERA,NACIONAL,PE-22,NO,-12.02049653,-76.95266395,DESPEJADO,INDUSTRIAL,TRAMO RECTO,PLANA ,ASFALTADA,,,,,IMPRUDENCIA DEL PEATÓN,OTRO (IMPRUDENCIA DEL PEATÓN)
A-2021-11-153,09/11/2021,05:30,ATROPELLO,1,0,0,LIMA,LIMA,SAN JUAN DE LURIGANCHO,URBANA,AVENIDA,URBANO,NO CORRESPONDE,NO,-11.941629,-76.999188,DESPEJADO,INDUSTRIAL,INTERSECCIÓN,PLANA ,ASFALTADA,,,,,NO IDENTIFICA LA CAUSA,
A-2021-11-210,09/11/2021,14:45,CHOQUE,1,2,2,SAN MARTIN,SAN MARTIN,LA BANDA DE SHILCAYO,RURAL,CARRETERA,NACIONAL,PE-5N,NO,-6.52479,-76.36075,DESPEJADO,RURAL,TRAMO RECTO,PLANA ,ASFALTADA,,,,,IMPRUDENCIA DEL CONDUCTOR,CONDUCIR EN ESTADO DE EBRIEDAD Y/O DROGADICCIÓN
A-2021-11-23,09/11/2021,22:40,DESPISTE,2,0,1,CAJAMARCA,HUALGAYOC,BAMBAMARCA,RURAL,CARRETERA,VECINAL,CA-965,NO,-6.59445671,-78.44585445,DESPEJADO,RURAL,CURVA,PLANA ,AFIRMADO,,,,,NEGLIGENCIA DEL CONDUCTOR,OTRO (NEGLIGENCIA DEL CONDUCTOR)
A-2022-11-59,09/11/2022,00:30,DESPISTE,1,3,1,ANCASH,HUARAZ,HUARAZ,RURAL,CARRETERA,NACIONAL,PE-3N,NO,-9.542851144952717,-77.53317436122363,DESPEJADO,RURAL,TRAMO RECTO,INCLINADA,ASFALTADA,SI,INFORMATIVA (I),,NO,IMPRUDENCIA DEL CONDUCTOR,EXCESO DE VELOCIDAD
A-2022-11-169,09/11/2022,15:00,ESPECIAL,1,0,1,PASCO,PASCO,CHAUPIMARCA,RURAL,CARRETERA,NACIONAL,PE-3N,NO,-10.723588252502376,-76.25115200296258,DESPEJADO,RURAL,OTRO,PLANA ,TROCHA,,,,,IMPRUDENCIA DEL CONDUCTOR,VEHÍCULO MAL ESTACIONADO
A-2022-11-75,09/11/2022,20:10,ATROPELLO FUGA,1,0,,TACNA,TACNA,CIUDAD NUEVA,URBANA,AVENIDA,URBANO,NO CORRESPONDE,NO,-17.986016,-70.233182,DESPEJADO,COMERCIAL,INTERSECCIÓN,PLANA ,ASFALTADA,,,,,NO IDENTIFICA LA CAUSA,
A-2023-11-116,09/11/2023,17:40,CHOQUE FUGA,1,0,,LIMA,LIMA,CARABAYLLO,URBANA,CARRETERA,NACIONAL,PE-20A,NO,-11.83463782,-76.99971482,DESPEJADO,COMERCIAL,CURVA,INCLINADA,ASFALTADA,SI,PREVENTIVA (P),,SI,,
A-2023-11-139,09/11/2023,18:00,DESPISTE,1,12,1,AYACUCHO,SUCRE,QUEROBAMBA,RURAL,CARRETERA,NACIONAL,PE-32A,NO,-13.986602,-73.850651,DESPEJADO,RURAL,CURVA,INCLINADA,CASCAJO/RIPIO,,,,,IMPRUDENCIA DEL CONDUCTOR,EXCESO DE VELOCIDAD
A-2021-12-9,09/12/2021,04:22,ATROPELLO FUGA,1,0,0,PUNO,PUNO,PAUCARCOLLA,RURAL,CARRETERA,NACIONAL,PE-3S,NO,-15.752785753272578,-70.05233133972958,DESPEJADO,RURAL,TRAMO RECTO,PLANA ,ASFALTADA,SI,REGULADORA (R),,SI,NO IDENTIFICA LA CAUSA,
A-2021-12-70,09/12/2021,18:00,CHOQUE,1,1,,LORETO,MAYNAS,SAN JUAN BAUTISTA,URBANA,CARRETERA,DEPARTAMENTAL,LO-103,,-3.7667262172295444,-73.27312225655557,,,,,,,,,,,
A-2021-12-23,09/12/2021,23:30,DESPISTE,1,2,1,APURIMAC,ANDAHUAYLAS,SANTA MARIA DE CHICMO,RURAL,CARRETERA,NACIONAL,PE-3S,NO,-13.611073,-73.575278,NUBLADO,RURAL,TRAMO RECTO,PLANA ,ASFALTADA,,,,,IMPRUDENCIA DEL CONDUCTOR,EXCESO DE VELOCIDAD
A-2022-12-31,09/12/2022,01:00,DESPISTE,1,0,1,ICA,ICA,SALAS,RURAL,CARRETERA,NACIONAL,PE-1S,NO,-13.931783,-75.914188,DESPEJADO,RURAL,TRAMO RECTO,PLANA ,ASFALTADA,,,,,NO IDENTIFICA LA CAUSA,
A-2022-12-28,09/12/2022,16:00,DESPISTE,1,1,1,CUSCO,CHUMBIVILCAS,QUIÑOTA,RURAL,CARRETERA,VECINAL,CU-1904,NO,-14.346908513778697,-72.16547963483764,DESPEJADO,RURAL,TRAMO RECTO,INCLINADA,AFIRMADO,,,,,IMPRUDENCIA DEL CONDUCTOR,FATIGA Y/O CANSANCIO
A-2022-12-14,09/12/2022,20:10,ATROPELLO,1,0,,PUNO,CHUCUITO,ZEPITA,RURAL,CARRETERA,NACIONAL,PE-36A,NO,-16.5830728,-69.2295886,DESPEJADO,RURAL,TRAMO RECTO,PLANA ,ASFALTADA,,,,,IMPRUDENCIA DEL PEATÓN,CRUCE INDEBIDO POR LA CALZADA
A-2022-12-15,09/12/2022,20:20,ATROPELLO FUGA,1,0,,SAN MARTIN,RIOJA,NUEVA CAJAMARCA,URBANA,CARRETERA,NACIONAL,PE-5N,NO,-5.80581,-77.39851,DESPEJADO,RURAL,TRAMO RECTO,PLANA ,ASFALTADA,,,,,NO IDENTIFICA LA CAUSA,
A-2023-12-96,09/12/2023,04:20,ATROPELLO FUGA,1,0,,LIMA,LIMA,CARABAYLLO,URBANA,AVENIDA,URBANO,NO CORRESPONDE,NO,-11.8753391,-77.02459206,DESPEJADO,COMERCIAL,TRAMO RECTO,PLANA ,ASFALTADA,,,,,,
A-2023-12-14,09/12/2023,06:05,CHOQUE,1,0,2,AMAZONAS,RODRIGUEZ DE MENDOZA,SAN NICOLAS,RURAL,CARRETERA,NACIONAL,PE-08B,NO,-6.395578,-77.479176,DESPEJADO,RURAL,INTERSECCIÓN,INCLINADA,CONCRETO,NO,,,SI,EN PROCESO DE INVESTIGACIÓN,NO CUENTA CON CAUSA ESPECIFICA
A-2023-12-85,09/12/2023,15:35,CHOQUE,1,1,,PIURA,HUANCABAMBA,CANCHAQUE,RURAL,CARRETERA,NACIONAL,PE-02A,NO,-5.389598,-79.609396,DESPEJADO,RURAL,TRAMO RECTO,PLANA ,ASFALTADA,,,,,,
A-2023-12-133,09/12/2023,18:20,CHOQUE,2,17,2,TACNA,TACNA,SAMA,RURAL,CARRETERA,NACIONAL,PE-1S,NO,-17.7888694,-70.666925,DESPEJADO,RURAL,TRAMO RECTO,PLANA ,ASFALTADA,,,,,IMPRUDENCIA DEL CONDUCTOR,CONDUCIR EN ESTADO DE EBRIEDAD Y/O DROGADICCIÓN
A-2023-12-97,09/12/2023,20:55,ATROPELLO,1,0,,LIMA,LIMA,LOS OLIVOS,URBANA,AVENIDA,URBANO,NO CORRESPONDE,NO,-11.99063659,-77.07175319,DESPEJADO,COMERCIAL,TRAMO RECTO,PLANA ,ASFALTADA,,,,,,