CÓDIGO SINIESTRO,FECHA SINIESTRO,HORA SINIESTRO,CLASE SINIESTRO,CANTIDAD DE FALLECIDOS,CANTIDAD DE LESIONADOS,CANTIDAD DE VEHICULOS DAÑADOS,DEPARTAMENTO,PROVINCIA,DISTRITO,ZONA,TIPO DE VÍA,RED VIAL,COD CARRETERA,EXISTE CICLOVÍA,COORDENADAS LATITUD,COORDENADAS  LONGITUD,CONDICIÓN CLIMÁTICA,ZONIFICACIÓN,CARACTERÍSTICAS DE VÍA,PERFIL LONGITUDINAL VÍA,SUPERFICIE DE CALZADA,¿EXISTE SEÑAL VERTICAL?,CLASIFICACIÓN DE LA SEÑAL VERTICAL Nº 1,CLASIFICACIÓN DE LA SEÑAL VERTICAL Nº 2,¿EXISTE SEÑAL HORIZONTAL?,CAUSA FACTOR PRINCIPAL,CAUSA ESPECÍFICA
A-2021-05-34,10/05/2021,21:00,CHOQUE,1,1,3,ICA,ICA,SANTIAGO,RURAL,CARRETERA,NACIONAL,PE-1S,NO,-14.218953,-75.707239,DESPEJADO,RURAL,TRAMO RECTO,PLANA ,ASFALTADA,,,,,NO IDENTIFICA LA CAUSA,
A-2021-05-54,10/05/2021,21:15,CHOQUE,1,0,2,PIURA,PIURA,CATACAOS,RURAL,CARRETERA,NACIONAL,PE-1N,NO,-5.276932,-80.613759,DESPEJADO,RURAL,TRAMO RECTO,PLANA ,ASFALTADA,NO,,,SI,,
A-2021-05-131,10/05/2021,22:00,ATROPELLO FUGA,1,0,0,LIMA,LIMA,LOS OLIVOS,URBANA,CARRETERA,NACIONAL,PE-1N,NO,-11.965534,-77.067883,DESPEJADO,INDUSTRIAL,TRAMO RECTO,PLANA ,CONCRETO,,,,,NO IDENTIFICA LA CAUSA,
A-2021-05-69,10/05/2021,23:30,CHOQUE,1,0,2,PIURA,TALARA,EL ALTO,,CARRETERA,SIN CLASIFICAR,SIN CLASIFICAR,NO,-4.235331377255618,-81.12563250127883,DESPEJADO,INDUSTRIAL,TRAMO RECTO,PLANA ,ASFALTADA,,,,,NO IDENTIFICA LA CAUSA,
A-2022-05-121,10/05/2022,09:35,DESPISTE,1,2,1,CUSCO,PAUCARTAMBO,CHALLABAMBA,RURAL,CARRETERA,VECINAL,CU-991,NO,-13.13389062520789,-71.7717922828925,DESPEJADO,RURAL,SINUOSA,INCLINADA,AFIRMADO,SI,PREVENTIVA (P),,NO,IMPERICIA DEL CONDUCTOR,
A-2022-05-128,10/05/2022,12:00,DESPISTE,1,4,1,CAJAMARCA,CAJAMARCA,MAGDALENA,RURAL,CARRETERA,SIN CLASIFICAR,SIN CLASIFICAR,NO,-7.219264,-78.611895,SOLEADO,RURAL,CURVA,PLANA ,AFIRMADO,,,,,NO IDENTIFICA LA CAUSA,
A-2022-05-156,10/05/2022,15:30,CHOQUE,7,1,2,PUNO,HUANCANE,HUANCANE,RURAL,CARRETERA,NACIONAL,PE-34H,NO,-15.2355974,-69.8292837,DESPEJADO,RURAL,CURVA,PLANA ,ASFALTADA,,,,,IMPRUDENCIA DEL CONDUCTOR,INVASIÓN DE CARRIL
A-2022-05-170,10/05/2022,18:30,VOLCADURA,1,0,1,PUNO,HUANCANE,COJATA,RURAL,CARRETERA,DEPARTAMENTAL,PU-148,NO,-15.142520990632432,-69.21831837040257,DESPEJADO,RURAL,TRAMO RECTO,PLANA ,TROCHA,,,,,IMPRUDENCIA DEL CONDUCTOR,EXCESO DE VELOCIDAD
A-2023-05-45,10/05/2023,11:15,ESPECIAL,1,2,1,CUSCO,ANTA,HUAROCONDO,RURAL,CARRETERA,DEPARTAMENTAL,CU-110,NO,-13.3700266,-72.2351484,DESPEJADO,RURAL,CURVA,PLANA ,TROCHA,,,,,INFRAESTRUCTURA Y ENTORNO VIAL,OTRO (INFRAESTRUCTURA Y ENTORNO VIAL)
A-2023-05-135,10/05/2023,13:50,ATROPELLO FUGA,1,0,,LIMA,LIMA,VILLA EL SALVADOR,RURAL,CARRETERA,NACIONAL,PE-1S,NO,-12.24054167,-76.9477022,DESPEJADO,INDUSTRIAL,TRAMO RECTO,PLANA ,ASFALTADA,,,,,NO IDENTIFICA LA CAUSA,
A-2023-05-36,10/05/2023,14:30,DESPISTE,2,4,1,APURIMAC,ANDAHUAYLAS,TALAVERA,RURAL,CARRETERA,DEPARTAMENTAL,AP-102,NO,-13.589089,-73.46085,SOLEADO,RURAL,TRAMO RECTO,INCLINADA,CASCAJO/RIPIO,,,,,IMPRUDENCIA DEL CONDUCTOR,EXCESO DE VELOCIDAD
A-2023-05-63,10/05/2023,20:00,ATROPELLO,1,0,1,LA LIBERTAD,VIRU,CHAO,RURAL,CARRETERA,NACIONAL,PE-1N,NO,-8.688299568046988,-78.63463067085851,DESPEJADO,RURAL,TRAMO RECTO,PLANA ,ASFALTADA,,,,,NO IDENTIFICA LA CAUSA,
A-2023-05-13,10/05/2023,22:00,DESPISTE,1,2,1,ANCASH,CARHUAZ,CARHUAZ,RURAL,CARRETERA,NACIONAL,PE-3N,NO,-9.283060554239968,-77.64921018219094,DESPEJADO,RURAL,CURVA,INCLINADA,TROCHA,,,,,NO IDENTIFICA LA CAUSA,
A-2021-06-179,10/06/2021,07:00,DESPISTE,2,0,1,PUNO,MELGAR,NUÑOA,RURAL,CARRETERA,DEPARTAMENTAL,PU-100,NO,-14.590233773503877,-70.64968048017467,DESPEJADO,RURAL,CURVA,INCLINADA,AFIRMADO,,,,,IMPRUDENCIA DEL CONDUCTOR,EXCESO DE VELOCIDAD
A-2021-06-207,10/06/2021,11:30,CHOQUE,1,2,2,APURIMAC,AYMARAES,COLCABAMBA,RURAL,CARRETERA,NACIONAL,PE-3SA,NO,-14.034292517777958,-73.22030496516825,DESPEJADO,RURAL,PASE A DESNIVEL,INCLINADA,ASFALTADA,SI,PREVENTIVA (P),REGULADORA (R),SI,IMPRUDENCIA DEL CONDUCTOR,OTRO (IMPRUDENCIA DEL CONDUCTOR)
A-2021-06-345,10/06/2021,17:30,DESPISTE,1,0,2,HUANUCO,HUANUCO,CHINCHAO,RURAL,CARRETERA,NACIONAL,PE-18A,NO,-9.711524,-76.094453,DESPEJADO,RURAL,SINUOSA,INCLINADA,ASFALTADA,,,,,IMPRUDENCIA DEL CONDUCTOR,EXCESO DE VELOCIDAD
A-2022-06-22,10/06/2022,01:20,CHOQUE,1,0,2,LA LIBERTAD,CHEPEN,PACANGA,RURAL,CARRETERA,NACIONAL,PE-1N,NO,-7.183863,-79.43292,DESPEJADO,RURAL,TRAMO RECTO,PLANA ,ASFALTADA,,,,,IMPRUDENCIA DEL CONDUCTOR,INVASIÓN DE CARRIL
A-2022-06-23,10/06/2022,07:00,DESPISTE,1,0,,HUANCAVELICA,HUAYTARA,HUAYTARA,URBANA,CARRETERA,NACIONAL,PE-28A,NO,-13.562104,-75.242429,DESPEJADO,RURAL,TRAMO RECTO,PLANA ,ASFALTADA,,,,,NO IDENTIFICA LA CAUSA,
A-2022-06-242,10/06/2022,08:35,CHOQUE,1,0,2,PIURA,SULLANA,SULLANA,URBANA,CARRETERA,NACIONAL,PE-1NL,NO,-4.913425684076633,-80.6722321698199,DESPEJADO,RURAL,TRAMO RECTO,PLANA ,ASFALTADA,,,,,IMPRUDENCIA DEL CONDUCTOR,OTRO (IMPRUDENCIA DEL CONDUCTOR)
A-2022-06-115,10/06/2022,16:30,ATROPELLO FUGA,1,0,0,PUNO,HUANCANE,HUANCANE,RURAL,CARRETERA,DEPARTAMENTAL,PU-114,NO,-15.174420260186656,-69.85716288307462,DESPEJADO,RURAL,TRAMO RECTO,PLANA ,ASFALTADA,,,,,NO IDENTIFICA LA CAUSA,
A-2023-06-44,10/06/2023,03:00,ATROPELLO FUGA,1,0,,CUSCO,CUSCO,SAYLLA,RURAL,CARRETERA,NACIONAL,PE-3S,NO,-13.558364481137904,-71.85124396798871,DESPEJADO,RURAL,TRAMO RECTO,PLANA ,ASFALTADA,NO,,,SI,EN PROCESO DE INVESTIGACIÓN,NO CUENTA CON CAUSA ESPECIFICA
A-2023-06-128,10/06/2023,07:10,CHOQUE,1,1,,LIMA,LIMA,SAN BORJA,URBANA,AVENIDA,URBANO,NO CORRESPONDE,NO,-12.08725484,-76.99614485,DESPEJADO,COMERCIAL,TRAMO RECTO,PLANA ,ASFALTADA,,,,,EN PROCESO DE INVESTIGACIÓN,NO CUENTA CON CAUSA ESPECIFICA
A-2023-06-45,10/06/2023,07:12,ATROPELLO,1,1,1,CUSCO,URUBAMBA,URUBAMBA,URBANA,CARRETERA,NACIONAL,PE-28B,NO,-13.282029,-72.158012,DESPEJADO,RESIDENCIAL,TRAMO RECTO,PLANA ,ASFALTADA,,,,,IMPRUDENCIA DEL CONDUCTOR,CONDUCIR EN ESTADO DE EBRIEDAD Y/O DROGADICCIÓN
A-2023-06-20,10/06/2023,11:53,CHOQUE,5,0,,AREQUIPA,CAYLLOMA,SAN ANTONIO DE CHUCA,RURAL,CARRETERA,NACIONAL,PE-34A,NO,-15.786562,-71.037052,DESPEJADO,RURAL,TRAMO RECTO,PLANA ,ASFALTADA,,,,,EN PROCESO DE INVESTIGACIÓN,NO CUENTA CON CAUSA ESPECIFICA
A-2023-06-170,10/06/2023,17:50,VOLCADURA,1,3,1,AYACUCHO,HUAMANGA,TAMBILLO,RURAL,CARRETERA,NACIONAL,PE-3SL,NO,-13.1709764552515,-74.1685308709823,DESPEJADO,RURAL,TRAMO RECTO,PLANA ,AFIRMADO,SI,PREVENTIVA (P),,NO,INFRAESTRUCTURA Y ENTORNO VIAL,OBRAS TEMPORALES
A-2023-06-131,10/06/2023,20:40,ATROPELLO FUGA,1,0,,LIMA,LIMA,ATE,URBANA,CARRETERA,NACIONAL,PE-22,NO,-12.009093,-76.864798,DESPEJADO,INDUSTRIAL,TRAMO RECTO,PLANA ,ASFALTADA,,,,,EN PROCESO DE INVESTIGACIÓN,NO CUENTA CON CAUSA ESPECIFICA
A-2023-06-90,10/06/2023,22:10,DESPISTE,1,0,1,PUNO,SAN ROMAN,JULIACA,URBANA,AVENIDA,URBANO,NO CORRESPONDE,NO,-15.487217,-70.150391,DESPEJADO,RESIDENCIAL,TRAMO RECTO,PLANA ,ASFALTADA,,,,,IMPRUDENCIA DEL CONDUCTOR,FATIGA Y/O CANSANCIO
A-2023-06-180,10/06/2023,22:30,ATROPELLO FUGA,1,0,0,TACNA,TACNA,LA YARADA LOS PALOS,RURAL,CARRETERA,VECINAL,TA-642,NO,-18.219615,-70.391654,DESPEJADO,RURAL,TRAMO RECTO,PLANA ,ASFALTADA,,,,,NO IDENTIFICA LA CAUSA,
A-2023-06-181,10/06/2023,22:30,CHOQUE,1,3,2,TACNA,JORGE BASADRE,LOCUMBA,RURAL,CARRETERA,NACIONAL,PE-1S,NO,-17.692287,-70.85954,DESPEJADO,RURAL,CURVA,PLANA ,ASFALTADA,,,,,IMPRUDENCIA DEL CONDUCTOR,INVASIÓN DE CARRIL
A-2023-06-129,10/06/2023,23:30,ATROPELLO,1,0,,LIMA,LIMA,ANCON,RURAL,CARRETERA,NACIONAL,PE-1N,NO,-11.806201,-77.134166,DESPEJADO,RURAL,TRAMO RECTO,PLANA ,ASFALTADA,,,,,IMPRUDENCIA DEL PEATÓN,OTRO (IMPRUDENCIA DEL PEATÓN)
A-2021-07-62,10/07/2021,01:30,DESPISTE,1,0,1,LA LIBERTAD,ASCOPE,PAIJAN,RURAL,CARRETERA,VECINAL,LI-610,NO,-7.7275,-79.321517,DESPEJADO,RURAL,TRAMO RECTO,PLANA ,ASFALTADA,,,,,NEGLIGENCIA DEL CONDUCTOR,OTRO (NEGLIGENCIA DEL CONDUCTOR)
A-2021-07-296,10/07/2021,04:00,CHOQUE,1,0,2,ANCASH,CASMA,CASMA,RURAL,CARRETERA,NACIONAL,PE-1N,NO,-9.459112972216419,-78.33128691074788,DESPEJADO,RURAL,TRAMO RECTO,PLANA ,ASFALTADA,,,,,NO IDENTIFICA LA CAUSA,
A-2021-07-44,10/07/2021,05:00,DESPISTE,2,1,1,HUANCAVELICA,TAYACAJA,QUICHUAS,RURAL,CARRETERA,NACIONAL,PE-3SD,NO,-12.4899538,-74.6548915,DESPEJADO,RURAL,CURVA,PLANA ,CASCAJO/RIPIO,,,,,NO IDENTIFICA LA CAUSA,
A-2021-07-36,10/07/2021,05:45,CHOQUE,1,0,1,CALLAO,CALLAO,CALLAO,URBANA,CARRETERA,NACIONAL,PE-20,NO,-12.038659507054833,-77.12718311012668,DESPEJADO,INDUSTRIAL,TRAMO RECTO,PLANA ,ASFALTADA,SI,REGULADORA (R),,SI,IMPRUDENCIA DEL CONDUCTOR,GIRAR IMPRUDENTEMENTE
A-2021-07-134,10/07/2021,07:45,DESPISTE,1,0,1,CUSCO,QUISPICANCHI,CCATCA,RURAL,CARRETERA,VECINAL,CU-1036,NO,-13.537243,-71.499815,DESPEJADO,RURAL,CURVA,INCLINADA,TROCHA,,,,,IMPRUDENCIA DEL CONDUCTOR,EXCESO DE VELOCIDAD
A-2021-07-63,10/07/2021,10:15,ATROPELLO,2,0,0,PIURA,PIURA,CASTILLA,URBANA,AVENIDA,URBANO,NO CORRESPONDE,NO,-5.191074,-80.583146,DESPEJADO,RURAL,TRAMO RECTO,INCLINADA,TROCHA,,,,,IMPRUDENCIA DEL CONDUCTOR,OTRO (IMPRUDENCIA DEL CONDUCTOR)
A-2021-07-42,10/07/2021,11:00,DESPISTE,1,1,1,AREQUIPA,AREQUIPA,YARABAMBA,RURAL,CARRETERA,DEPARTAMENTAL,AR-117,NO,-16.579011,-71.423802,DESPEJADO,RURAL,CURVA,INCLINADA,ASFALTADA,NO,,,SI,NO IDENTIFICA LA CAUSA,
A-2021-07-97,10/07/2021,15:30,VOLCADURA,1,0,1,PIURA,SECHURA,SECHURA,RURAL,CARRETERA,SIN CLASIFICAR,SIN CLASIFICAR,NO,-5.6338193,-80.8510544,DESPEJADO,RURAL,ÓVALO,PLANA ,ASFALTADA,SI,PREVENTIVA (P),INFORMATIVA (I),NO,,
A-2021-07-183,10/07/2021,22:55,CHOQUE,1,0,2,CUSCO,ANTA,ANTA,URBANA,CARRETERA,NACIONAL,PE-3S,NO,-13.463102,-72.147352,DESPEJADO,RESIDENCIAL,TRAMO RECTO,PLANA ,ASFALTADA,,,,,NEGLIGENCIA DEL CONDUCTOR,OTRO (NEGLIGENCIA DEL CONDUCTOR)
A-2021-07-64,10/07/2021,23:50,ATROPELLO FUGA,1,0,1,LA LIBERTAD,TRUJILLO,HUANCHACO,URBANA,CARRETERA,NACIONAL,PE-1N,NO,-8.126609,-79.075534,DESPEJADO,INDUSTRIAL,TRAMO RECTO,PLANA ,ASFALTADA,,,,,NO IDENTIFICA LA CAUSA,
A-2022-07-15,10/07/2022,01:40,CHOQUE FUGA,1,3,2,SAN MARTIN,RIOJA,PARDO MIGUEL,URBANA,CARRETERA,NACIONAL,PE-5N,NO,-5.738795,-77.501768,DESPEJADO,COMERCIAL,TRAMO RECTO,PLANA ,ASFALTADA,,,,,IMPRUDENCIA DEL CONDUCTOR,OTRO (IMPRUDENCIA DEL CONDUCTOR)
A-2022-07-203,10/07/2022,02:30,ATROPELLO FUGA,1,0,,ANCASH,SANTA,CHIMBOTE,URBANA,CARRETERA,NACIONAL,PE-1N,NO,-9.10585030813847,-78.55573139992703,DESPEJADO,INDUSTRIAL,TRAMO RECTO,PLANA ,ASFALTADA,,,,,NO IDENTIFICA LA CAUSA,
A-2022-07-264,10/07/2022,02:50,CHOQUE CON OBJETO FIJO,1,1,1,LIMA,HUAURA,HUAURA,RURAL,CARRETERA,DEPARTAMENTAL,LM-101,NO,-11.055576392366431,-77.60122056017393,DESPEJADO,RURAL,TRAMO RECTO,PLANA ,ASFALTADA,,,,,IMPRUDENCIA DEL CONDUCTOR,CONDUCIR EN ESTADO DE EBRIEDAD Y/O DROGADICCIÓN
A-2022-07-204,10/07/2022,03:40,DESPISTE,1,0,,ANCASH,SANTA,NUEVO CHIMBOTE,RURAL,AVENIDA,URBANO,NO CORRESPONDE,NO,-9.128416272535498,-78.5184979617348,DESPEJADO,COMERCIAL,TRAMO RECTO,PLANA ,ASFALTADA,,,,,NO IDENTIFICA LA CAUSA,
A-2022-07-16,10/07/2022,05:00,ATROPELLO,1,0,1,SAN MARTIN,RIOJA,AWAJUN,URBANA,CARRETERA,NACIONAL,PE-5N,NO,-5.818199,-77.382588,DESPEJADO,COMERCIAL,TRAMO RECTO,PLANA ,ASFALTADA,NO,,,NO,IMPRUDENCIA DEL PEATÓN,OTRO (IMPRUDENCIA DEL PEATÓN)
A-2022-07-49,10/07/2022,05:19,ATROPELLO,1,0,1,CUSCO,QUISPICANCHI,HUARO,RURAL,CARRETERA,NACIONAL,PE-3S,NO,-13.68964,-71.6455726,DESPEJADO,RURAL,OTRO,PLANA ,ASFALTADA,NO,,,SI,IMPRUDENCIA DEL PEATÓN,ESTADO DE EBRIEDAD Y/O DROGADICCIÓN
A-2022-07-17,10/07/2022,05:20,CHOQUE FUGA,1,0,1,SAN MARTIN,RIOJA,AWAJUN,URBANA,CARRETERA,NACIONAL,PE-5N,NO,-5.81718,-77.383978,DESPEJADO,COMERCIAL,TRAMO RECTO,PLANA ,ASFALTADA,,,,,IMPRUDENCIA DEL CONDUCTOR,OTRO (IMPRUDENCIA DEL CONDUCTOR)
A-2022-07-202,10/07/2022,05:45,ATROPELLO,1,0,,ANCASH,SANTA,CHIMBOTE,URBANA,CARRETERA,NACIONAL,PE-1N,NO,-9.10589784811372,-78.5557733535328,DESPEJADO,INDUSTRIAL,TRAMO RECTO,PLANA ,ASFALTADA,,,,,IMPRUDENCIA DEL CONDUCTOR,CONDUCIR EN ESTADO DE EBRIEDAD Y/O DROGADICCIÓN
A-2022-07-64,10/07/2022,06:30,CHOQUE,1,0,2,LA LIBERTAD,PACASMAYO,GUADALUPE,RURAL,CARRETERA,NACIONAL,PE-1N,NO,-7.303484,-79.478253,DESPEJADO,RURAL,TRAMO RECTO,PLANA ,ASFALTADA,,,,,IMPRUDENCIA DEL CONDUCTOR,CONDUCIR EN ESTADO DE EBRIEDAD Y/O DROGADICCIÓN
A-2022-07-86,10/07/2022,07:00,DESPISTE,1,0,1,CUSCO,CHUMBIVILCAS,LIVITACA,RURAL,CARRETERA,DEPARTAMENTAL,CU-126,NO,-14.3055985,-71.674153,DESPEJADO,RURAL,TRAMO RECTO,PLANA ,AFIRMADO,,,,,IMPRUDENCIA DEL CONDUCTOR,CONDUCIR EN ESTADO DE EBRIEDAD Y/O DROGADICCIÓN
A-2022-07-118,10/07/2022,15:30,DESPISTE,1,5,1,CAJAMARCA,CAJAMARCA,ENCAÑADA,RURAL,CARRETERA,VECINAL,CA-1089,NO,-7.07326707,-78.34429079,DESPEJADO,RURAL,SINUOSA,INCLINADA,AFIRMADO,,,,,NO IDENTIFICA LA CAUSA,
A-2022-07-270,10/07/2022,16:00,CHOQUE,1,1,,MADRE DE DIOS,TAMBOPATA,INAMBARI,RURAL,CARRETERA,NACIONAL,PE-30C,,-12.891986,-70.065377,,,,,,,,,,,
A-2022-07-41,10/07/2022,17:40,CHOQUE,1,0,,CUSCO,QUISPICANCHI,QUIQUIJANA,URBANA,CARRETERA,NACIONAL,PE-3S,NO,-13.830492,-71.5339157,DESPEJADO,RURAL,TRAMO RECTO,PLANA ,ASFALTADA,SI,PREVENTIVA (P),,SI,IMPRUDENCIA DEL CONDUCTOR,OTRO (IMPRUDENCIA DEL CONDUCTOR)
A-2022-07-51,10/07/2022,17:45,CHOQUE,1,0,2,CUSCO,QUISPICANCHI,URCOS,URBANA,CARRETERA,NACIONAL,PE-3S,NO,-13.6866028,-71.611283,DESPEJADO,COMERCIAL,CURVA,INCLINADA,ASFALTADA,SI,PREVENTIVA (P),,SI,IMPRUDENCIA DEL CONDUCTOR,INVASIÓN DE CARRIL
A-2022-07-178,10/07/2022,18:20,ATROPELLO,1,0,,LIMA,LIMA,SANTA ANITA,URBANA,AVENIDA,URBANO,NO CORRESPONDE,NO,-12.040450623981801,-76.96425469197622,DESPEJADO,COMERCIAL,TRAMO RECTO,PLANA ,ASFALTADA,,,,,NO IDENTIFICA LA CAUSA,
A-2022-07-11,10/07/2022,19:00,ATROPELLO FUGA,1,0,,PUNO,CHUCUITO,ZEPITA,RURAL,CARRETERA,DEPARTAMENTAL,PU-130,NO,-16.41654,-69.053983,DESPEJADO,RURAL,TRAMO RECTO,PLANA ,ASFALTADA,,,,,NO IDENTIFICA LA CAUSA,
A-2022-07-65,10/07/2022,19:15,CHOQUE,1,1,2,LA LIBERTAD,TRUJILLO,LAREDO,RURAL,CARRETERA,NACIONAL,PE-10A,NO,-8.052487,-78.851766,DESPEJADO,RURAL,TRAMO RECTO,PLANA ,ASFALTADA,,,,,IMPRUDENCIA DEL CONDUCTOR,INVASIÓN DE CARRIL
A-2022-07-159,10/07/2022,21:30,CHOQUE,1,3,,PIURA,PIURA,LA UNION,RURAL,CARRETERA,SIN CLASIFICAR,SIN CLASIFICAR,,-5.393315,-80.756073,,,,,,,,,,,
A-2023-07-12,10/07/2023,03:00,DESPISTE,1,0,1,LA LIBERTAD,PACASMAYO,GUADALUPE,RURAL,CARRETERA,NACIONAL,PE-1N,NO,-7.2710136,-79.4791791,DESPEJADO,RURAL,TRAMO RECTO,PLANA ,ASFALTADA,,,,,IMPRUDENCIA DEL CONDUCTOR,CONDUCIR EN ESTADO DE EBRIEDAD Y/O DROGADICCIÓN
A-2023-07-104,10/07/2023,05:40,ATROPELLO,1,0,1,PUNO,SAN ROMAN,CARACOTO,RURAL,CARRETERA,NACIONAL,PE-3S,NO,-15.5419721,-70.1119631,DESPEJADO,RURAL,TRAMO RECTO,PLANA ,ASFALTADA,,,,,IMPRUDENCIA DEL CONDUCTOR,EXCESO DE VELOCIDAD
A-2023-07-75,10/07/2023,07:30,DESPISTE,1,3,1,CUSCO,LA CONVENCION,HUAYOPATA,RURAL,CARRETERA,NACIONAL,PE-28B,NO,-13.055588,-72.428333,DESPEJADO,RURAL,CURVA,PLANA ,ASFALTADA,SI,PREVENTIVA (P),,SI,IMPRUDENCIA DEL CONDUCTOR,EXCESO DE VELOCIDAD
A-2023-07-14,10/07/2023,09:00,VOLCADURA,1,0,1,APURIMAC,ANDAHUAYLAS,ANDAHUAYLAS,RURAL,CARRETERA,SIN CLASIFICAR,SIN CLASIFICAR,NO,-13.781952,-73.41439,DESPEJADO,RURAL,SINUOSA,INCLINADA,TROCHA,,,,,NEGLIGENCIA DEL CONDUCTOR,OTRO (NEGLIGENCIA DEL CONDUCTOR)
A-2023-07-16,10/07/2023,17:30,ATROPELLO FUGA,1,0,,AREQUIPA,CAYLLOMA,MACA,RURAL,CARRETERA,DEPARTAMENTAL,AR-109,NO,-15.630471,-71.807162,DESPEJADO,RURAL,CURVA,PLANA ,ASFALTADA,,,,,EN PROCESO DE INVESTIGACIÓN,NO CUENTA CON CAUSA ESPECIFICA
A-2023-07-83,10/07/2023,20:30,CHOQUE FUGA,1,4,,PIURA,MORROPON,CHULUCANAS,RURAL,CARRETERA,NACIONAL,PE-1NS,NO,-5.157349,-80.177424,DESPEJADO,RURAL,TRAMO RECTO,INCLINADA,ASFALTADA,NO,,,SI,NO IDENTIFICA LA CAUSA,
A-2021-08-61,10/08/2021,00:38,ATROPELLO,1,0,1,LA LIBERTAD,PACASMAYO,PACASMAYO,RURAL,CARRETERA,NACIONAL,PE-1N,NO,-7.401758,-79.558541,DESPEJADO,RURAL,TRAMO RECTO,PLANA ,ASFALTADA,,,,,IMPRUDENCIA DEL CONDUCTOR,OTRO (IMPRUDENCIA DEL CONDUCTOR)
A-2021-08-230,10/08/2021,06:00,ATROPELLO,1,0,0,LIMA,LIMA,SAN MARTIN DE PORRES,URBANA,AVENIDA,URBANO,NO CORRESPONDE,SI,-12.01270901836095,-77.08082839775994,NUBLADO,ESCOLAR,INTERSECCIÓN,PLANA ,ASFALTADA,,,,,NO IDENTIFICA LA CAUSA,
A-2021-08-231,10/08/2021,07:00,ATROPELLO,1,0,0,LIMA,LIMA,VILLA EL SALVADOR,URBANA,AVENIDA,URBANO,NO CORRESPONDE,NO,-12.19729624143275,-76.95296828691491,NUBLADO,RESIDENCIAL,TRAMO RECTO,PLANA ,ASFALTADA,,,,,NO IDENTIFICA LA CAUSA,
A-2021-08-62,10/08/2021,07:20,ATROPELLO,1,0,1,LA LIBERTAD,TRUJILLO,FLORENCIA DE MORA,URBANA,AVENIDA,URBANO,NO CORRESPONDE,NO,-8.086057,-79.01804,DESPEJADO,RESIDENCIAL,INTERSECCIÓN,PLANA ,ASFALTADA,,,,,NO IDENTIFICA LA CAUSA,
A-2021-08-232,10/08/2021,07:45,ATROPELLO,1,0,0,LIMA,LIMA,CHORRILLOS,URBANA,AVENIDA,URBANO,NO CORRESPONDE,NO,-12.179248116652882,-77.01428886492306,NUBLADO,RESIDENCIAL,TRAMO RECTO,PLANA ,ASFALTADA,,,,,NO IDENTIFICA LA CAUSA,
A-2021-08-206,10/08/2021,08:30,DESPISTE,1,1,0,AYACUCHO,VICTOR FAJARDO,VILCANCHOS,RURAL,CARRETERA,DEPARTAMENTAL,AY-106,NO,-13.568882,-74.61658,DESPEJADO,RURAL,CURVA,INCLINADA,ASFALTADA,,,,,IMPRUDENCIA DEL CONDUCTOR,EXCESO DE VELOCIDAD
A-2021-08-289,10/08/2021,12:00,CHOQUE,1,0,2,AREQUIPA,CAYLLOMA,MAJES,RURAL,CARRETERA,NACIONAL,PE-1S,NO,-16.532873205577378,-72.4737056003377,DESPEJADO,RURAL,TRAMO RECTO,PLANA ,ASFALTADA,,,,,NO IDENTIFICA LA CAUSA,
A-2021-08-34,10/08/2021,14:20,CHOQUE,2,4,2,AREQUIPA,AREQUIPA,SAN JUAN DE TARUCANI,RURAL,CARRETERA,NACIONAL,PE-34A,NO,-16.0533172,-71.3398551,DESPEJADO,RURAL,TRAMO RECTO,PLANA ,ASFALTADA,NO,,,SI,NO IDENTIFICA LA CAUSA,
A-2021-08-31,10/08/2021,21:30,ATROPELLO FUGA,1,0,,PUNO,EL COLLAO,ILAVE,RURAL,CARRETERA,VECINAL,PU-1208,NO,-16.184940582081786,-69.5837063535021,DESPEJADO,RURAL,TRAMO RECTO,PLANA ,TROCHA,,,,,IMPRUDENCIA DEL CONDUCTOR,OTRO (IMPRUDENCIA DEL CONDUCTOR)
A-2022-08-195,10/08/2022,05:00,DESPISTE,1,0,1,CAJAMARCA,HUALGAYOC,BAMBAMARCA,RURAL,CARRETERA,DEPARTAMENTAL,CA-107,NO,-6.63463311028729,-78.4898697755679,DESPEJADO,RURAL,CURVA,PLANA ,AFIRMADO,,,,,NO IDENTIFICA LA CAUSA,
A-2022-08-13,10/08/2022,06:20,DESPISTE,1,1,1,AREQUIPA,AREQUIPA,CERRO COLORADO,URBANA,CARRETERA,DEPARTAMENTAL,AR-123,NO,-16.359972,-71.617691,DESPEJADO,RURAL,TRAMO RECTO,PLANA ,ASFALTADA,SI,REGULADORA (R),,NO,NO IDENTIFICA LA CAUSA,
A-2022-08-165,10/08/2022,06:45,ATROPELLO,1,0,,LIMA,LIMA,SAN JUAN DE LURIGANCHO,URBANA,AVENIDA,URBANO,NO CORRESPONDE,SI,-12.014406491609313,-77.0116826373535,DESPEJADO,COMERCIAL,TRAMO RECTO,PLANA ,ASFALTADA,,,,,NO IDENTIFICA LA CAUSA,