CÓDIGO SINIESTRO,FECHA SINIESTRO,HORA SINIESTRO,CLASE SINIESTRO,CANTIDAD DE FALLECIDOS,CANTIDAD DE LESIONADOS,CANTIDAD DE VEHICULOS DAÑADOS,DEPARTAMENTO,PROVINCIA,DISTRITO,ZONA,TIPO DE VÍA,RED VIAL,COD CARRETERA,EXISTE CICLOVÍA,COORDENADAS LATITUD,COORDENADAS  LONGITUD,CONDICIÓN CLIMÁTICA,ZONIFICACIÓN,CARACTERÍSTICAS DE VÍA,PERFIL LONGITUDINAL VÍA,SUPERFICIE DE CALZADA,¿EXISTE SEÑAL VERTICAL?,CLASIFICACIÓN DE LA SEÑAL VERTICAL Nº 1,CLASIFICACIÓN DE LA SEÑAL VERTICAL Nº 2,¿EXISTE SEÑAL HORIZONTAL?,CAUSA FACTOR PRINCIPAL,CAUSA ESPECÍFICA
A-2022-09-41,11/09/2022,06:50,CHOQUE,5,7,2,AREQUIPA,CAYLLOMA,SAN ANTONIO DE CHUCA,RURAL,CARRETERA,NACIONAL,PE-34J,NO,-15.7111933,-71.0532133,DESPEJADO,RURAL,CURVA,PLANA ,ASFALTADA,,,,,NO IDENTIFICA LA CAUSA,
A-2022-09-240,11/09/2022,09:20,DESPISTE,1,1,1,HUANCAVELICA,HUANCAVELICA,ACORIA,RURAL,CARRETERA,VECINAL,HV-764,NO,-12.615141,-74.706235,SOLEADO,RURAL,TRAMO RECTO,PLANA ,TROCHA,,,,,IMPRUDENCIA DEL CONDUCTOR,FATIGA Y/O CANSANCIO
A-2022-09-241,11/09/2022,15:40,DESPISTE,2,3,1,HUANCAVELICA,CASTROVIRREYNA,SAN JUAN,RURAL,CARRETERA,NACIONAL,PE-26,NO,-13.239866,-75.6172,DESPEJADO,RURAL,TRAMO RECTO,PLANA ,TROCHA,,,,,IMPRUDENCIA DEL CONDUCTOR,FATIGA Y/O CANSANCIO
A-2022-09-165,11/09/2022,19:35,ATROPELLO FUGA,2,0,,TACNA,TACNA,TACNA,URBANA,AVENIDA,URBANO,NO CORRESPONDE,NO,-18.029989,-70.270627,DESPEJADO,ESCOLAR,TRAMO RECTO,PLANA ,ASFALTADA,,,,,NO IDENTIFICA LA CAUSA,
A-2022-09-66,11/09/2022,23:34,CHOQUE,1,0,,CUSCO,CANAS,KUNTURKANKI,RURAL,CARRETERA,NACIONAL,PE-34F,,-14.547866,-71.297084,,,,,,,,,,,
A-2023-09-123,11/09/2023,03:40,ATROPELLO,2,0,,LIMA,LIMA,PUENTE PIEDRA,URBANA,CARRETERA,NACIONAL,PE-1N,NO,-11.85076964,-77.0919663,DESPEJADO,COMERCIAL,TRAMO RECTO,PLANA ,ASFALTADA,,,,,IMPRUDENCIA DEL CONDUCTOR,OTRO (IMPRUDENCIA DEL CONDUCTOR)
A-2023-09-53,11/09/2023,04:30,CHOQUE,1,1,2,CUSCO,QUISPICANCHI,OCONGATE,RURAL,CARRETERA,NACIONAL,PE-30C,NO,-13.66012,-71.42599,DESPEJADO,RURAL,CURVA,INCLINADA,ASFALTADA,SI,PREVENTIVA (P),REGULADORA (R),SI,IMPRUDENCIA DEL CONDUCTOR,INVASIÓN DE CARRIL
A-2021-10-54,11/10/2021,05:00,ATROPELLO,1,0,0,LIMA,LIMA,PUENTE PIEDRA,URBANA,CARRETERA,NACIONAL,PE-1N,SI,-11.85678293839159,-77.08418178294279,DESPEJADO,COMERCIAL,TRAMO RECTO,PLANA ,ASFALTADA,,,,,IMPRUDENCIA DEL CONDUCTOR,EXCESO DE VELOCIDAD
A-2021-10-36,11/10/2021,19:20,CHOQUE,1,3,2,AREQUIPA,AREQUIPA,MIRAFLORES,URBANA,CALLE,URBANO,NO CORRESPONDE,NO,-16.389544,-71.52078,DESPEJADO,RESIDENCIAL,INTERSECCIÓN,PLANA ,ASFALTADA,NO,,,SI,NO IDENTIFICA LA CAUSA,
A-2021-10-255,11/10/2021,20:00,ATROPELLO,1,0,1,LAMBAYEQUE,LAMBAYEQUE,JAYANCA,RURAL,CARRETERA,NACIONAL,PE-1NJ,NO,-6.35043,-79.77535,DESPEJADO,RURAL,TRAMO RECTO,PLANA ,ASFALTADA,,,,,NO IDENTIFICA LA CAUSA,
A-2022-10-64,11/10/2022,01:00,ATROPELLO FUGA,1,0,,ANCASH,CASMA,COMANDANTE NOEL,RURAL,CARRETERA,NACIONAL,PE-1N,NO,-9.42186241971136,-78.36607663519267,DESPEJADO,RURAL,TRAMO RECTO,PLANA ,ASFALTADA,,,,,NO IDENTIFICA LA CAUSA,
A-2022-10-70,11/10/2022,06:20,DESPISTE,1,0,1,LA LIBERTAD,VIRU,GUADALUPITO,RURAL,CARRETERA,NACIONAL,PE-1N,NO,-8.92813500059261,-78.63566665364824,DESPEJADO,RURAL,TRAMO RECTO,PLANA ,ASFALTADA,,,,,IMPRUDENCIA DEL CONDUCTOR,EXCESO DE VELOCIDAD
A-2022-10-91,11/10/2022,07:00,CHOQUE,1,0,1,TACNA,TACNA,INCLAN,RURAL,CARRETERA,VECINAL,TA-604,NO,-17.7910127,-70.517441,DESPEJADO,RURAL,TRAMO RECTO,PLANA ,ASFALTADA,,,,,IMPRUDENCIA DEL CONDUCTOR,OTRO (IMPRUDENCIA DEL CONDUCTOR)
A-2022-10-167,11/10/2022,11:00,CHOQUE,2,1,2,JUNIN,JAUJA,CURICACA,RURAL,CARRETERA,NACIONAL,PE-3S,NO,-11.764219,-75.711394,DESPEJADO,RURAL,CURVA,INCLINADA,ASFALTADA,SI,REGULADORA (R),,SI,IMPRUDENCIA DEL CONDUCTOR,ADELANTAR INDEBIDAMENTE
A-2022-10-44,11/10/2022,14:12,CHOQUE,2,1,2,PUNO,SAN ROMAN,CARACOTO,RURAL,CARRETERA,NACIONAL,PE-3S,NO,-15.545403800470606,-70.11054538351236,DESPEJADO,RURAL,TRAMO RECTO,PLANA ,ASFALTADA,,,,,IMPRUDENCIA DEL CONDUCTOR,GIRAR IMPRUDENTEMENTE
A-2022-10-180,11/10/2022,22:00,CHOQUE,1,0,2,PIURA,PIURA,TAMBO GRANDE,RURAL,CARRETERA,NACIONAL,PE-1NL,NO,-4.836175209450524,-80.29283881953421,DESPEJADO,RURAL,TRAMO RECTO,PLANA ,ASFALTADA,,,,,IMPRUDENCIA DEL CONDUCTOR,INVASIÓN DE CARRIL
A-2023-10-32,11/10/2023,05:30,DESPISTE,1,0,1,CUSCO,QUISPICANCHI,CAMANTI,RURAL,CARRETERA,NACIONAL,PE-30C,NO,-13.350407,-70.878125,DESPEJADO,RURAL,CURVA,INCLINADA,ASFALTADA,SI,PREVENTIVA (P),,SI,EN PROCESO DE INVESTIGACIÓN,NO CUENTA CON CAUSA ESPECIFICA
A-2023-10-39,11/10/2023,07:40,CHOQUE,1,0,2,LA LIBERTAD,SANCHEZ CARRION,HUAMACHUCO,RURAL,CARRETERA,NACIONAL,PE-3N,NO,-7.846758356199034,-78.0971019854308,DESPEJADO,RURAL,CURVA,PLANA ,ASFALTADA,,,,,NO IDENTIFICA LA CAUSA,
A-2023-10-90,11/10/2023,21:10,ATROPELLO FUGA,1,0,,JUNIN,CONCEPCION,CONCEPCION,RURAL,CARRETERA,NACIONAL,PE-3S,NO,-11.927006,-75.315396,DESPEJADO,RURAL,TRAMO RECTO,INCLINADA,ASFALTADA,NO,,,SI,IMPRUDENCIA DEL CONDUCTOR,OTRO (IMPRUDENCIA DEL CONDUCTOR)
A-2023-10-103,11/10/2023,23:00,ATROPELLO,1,0,,LIMA,LIMA,SANTA ANITA,URBANA,AVENIDA,URBANO,NO CORRESPONDE,NO,-12.03580596,-76.94906151,DESPEJADO,COMERCIAL,INTERSECCIÓN,PLANA ,ASFALTADA,,,,,NO IDENTIFICA LA CAUSA,
A-2021-11-108,11/11/2021,03:55,DESPISTE,1,0,1,CUSCO,CANCHIS,MARANGANI,RURAL,CARRETERA,NACIONAL,PE-3S,NO,-14.361736303383891,-71.16063313725412,DESPEJADO,RURAL,TRAMO RECTO,PLANA ,ASFALTADA,,,,,IMPRUDENCIA DEL CONDUCTOR,EXCESO DE VELOCIDAD
A-2021-11-127,11/11/2021,03:55,DESPISTE,1,0,1,CUSCO,URUBAMBA,OLLANTAYTAMBO,RURAL,CARRETERA,NACIONAL,PE-28B,NO,-13.171462802840676,-72.28498423266853,LLUVIOSO,RURAL,CURVA,INCLINADA,ASFALTADA,,,,,IMPRUDENCIA DEL CONDUCTOR,EXCESO DE VELOCIDAD
A-2021-11-198,11/11/2021,22:00,DESPISTE,1,0,1,CAJAMARCA,JAEN,COLASAY,RURAL,CARRETERA,VECINAL,CA-674,NO,-5.9722404366129975,-79.06092699396477,DESPEJADO,RURAL,TRAMO RECTO,PLANA ,ASFALTADA,SI,PREVENTIVA (P),INFORMATIVA (I),NO,NO IDENTIFICA LA CAUSA,
A-2021-11-199,11/11/2021,23:00,ATROPELLO,1,0,1,LAMBAYEQUE,CHICLAYO,MONSEFU,RURAL,CARRETERA,NACIONAL,PE-1N,NO,-6.8499306,-79.8274704,DESPEJADO,RURAL,TRAMO RECTO,PLANA ,ASFALTADA,,,,,NO IDENTIFICA LA CAUSA,
A-2022-11-40,11/11/2022,01:30,ATROPELLO,1,0,,ANCASH,CARHUAZ,TINCO,RURAL,CARRETERA,NACIONAL,PE-3N,NO,-9.270052555325533,-77.67497629401554,DESPEJADO,RURAL,CURVA,INCLINADA,ASFALTADA,SI,PREVENTIVA (P),,NO,NO IDENTIFICA LA CAUSA,
A-2022-11-81,11/11/2022,07:00,CHOQUE,1,0,2,LA LIBERTAD,TRUJILLO,LA ESPERANZA,URBANA,AVENIDA,URBANO,NO CORRESPONDE,NO,-8.074238,-79.047902,DESPEJADO,COMERCIAL,INTERSECCIÓN,PLANA ,ASFALTADA,,,,,IMPRUDENCIA DEL CONDUCTOR,NO ESTABLECER EL DERECHO DE PASO
A-2022-11-51,11/11/2022,08:40,ATROPELLO,1,0,1,PUNO,CHUCUITO,PISACOMA,RURAL,CARRETERA,DEPARTAMENTAL,PU-131,NO,-16.937467874493013,-69.38600035749663,DESPEJADO,RURAL,CURVA,PLANA ,ASFALTADA,,,,,IMPRUDENCIA DEL CONDUCTOR,INVASIÓN DE CARRIL
A-2022-11-125,11/11/2022,12:45,CHOQUE,1,0,2,CAJAMARCA,CONTUMAZA,TANTARICA,RURAL,CARRETERA,NACIONAL,PE-08,NO,-7.20511167,-78.93261833,DESPEJADO,RESIDENCIAL,CURVA,INCLINADA,ASFALTADA,NO,,,SI,IMPRUDENCIA DEL CONDUCTOR,CONDUCIR EN ESTADO DE EBRIEDAD Y/O DROGADICCIÓN
A-2022-11-115,11/11/2022,14:30,CHOQUE,1,0,2,CAJAMARCA,JAEN,JAEN,RURAL,CARRETERA,NACIONAL,PE-5N,NO,-5.7514041,-78.790566,DESPEJADO,RURAL,TRAMO RECTO,PLANA ,ASFALTADA,,,,,NO IDENTIFICA LA CAUSA,
A-2022-11-161,11/11/2022,14:40,ATROPELLO,1,0,,LIMA,LIMA,VILLA EL SALVADOR,URBANA,AVENIDA,URBANO,NO CORRESPONDE,NO,-12.21868577027267,-76.94013918025463,DESPEJADO,RESIDENCIAL,INTERSECCIÓN,INCLINADA,ASFALTADA,,,,,NO IDENTIFICA LA CAUSA,
A-2022-11-171,11/11/2022,14:45,DESPISTE,1,1,1,PIURA,SECHURA,SECHURA,RURAL,CARRETERA,NACIONAL,PE-1NK,NO,-5.840359,-80.850268,DESPEJADO,RURAL,TRAMO RECTO,PLANA ,ASFALTADA,,,,,IMPRUDENCIA DEL CONDUCTOR,EXCESO DE VELOCIDAD
A-2022-11-77,11/11/2022,15:23,ATROPELLO,1,0,,TACNA,TACNA,TACNA,URBANA,AVENIDA,URBANO,NO CORRESPONDE,NO,-18.003813,-70.258094,DESPEJADO,COMERCIAL,TRAMO RECTO,INCLINADA,ASFALTADA,SI,PREVENTIVA (P),,NO,IMPRUDENCIA DEL CONDUCTOR,OTRO (IMPRUDENCIA DEL CONDUCTOR)
A-2022-11-160,11/11/2022,17:20,DESPISTE,1,3,,LIMA,LIMA,LURIN,URBANA,CARRETERA,NACIONAL,PE-1S,NO,-12.275870433639133,-76.89007762093257,DESPEJADO,INDUSTRIAL,TRAMO RECTO,PLANA ,ASFALTADA,,,,,NO IDENTIFICA LA CAUSA,
A-2022-11-76,11/11/2022,18:30,CHOQUE,1,0,2,TACNA,TACNA,SAMA,RURAL,CARRETERA,VECINAL,TA-610,NO,-17.858745,-70.555653,DESPEJADO,RURAL,TRAMO RECTO,PLANA ,ASFALTADA,,,,,IMPRUDENCIA DEL CONDUCTOR,CONDUCIR EN ESTADO DE EBRIEDAD Y/O DROGADICCIÓN
A-2022-11-175,11/11/2022,23:40,ATROPELLO FUGA,1,0,,JUNIN,HUANCAYO,SICAYA,RURAL,CARRETERA,NACIONAL,PE-3SB,NO,-12.032325,-75.264093,DESPEJADO,RURAL,TRAMO RECTO,PLANA ,ASFALTADA,NO,,,SI,IMPRUDENCIA DEL CONDUCTOR,OTRO (IMPRUDENCIA DEL CONDUCTOR)
A-2023-11-23,11/11/2023,05:40,ATROPELLO,1,0,1,CUSCO,CANCHIS,SICUANI,URBANA,CARRETERA,NACIONAL,PE-3S,NO,-14.2881316058993,-71.2230098708344,NUBLADO,RESIDENCIAL,INTERSECCIÓN,PLANA ,ASFALTADA,SI,REGULADORA (R),,NO,IMPRUDENCIA DEL CONDUCTOR,OTRO (IMPRUDENCIA DEL CONDUCTOR)
A-2023-11-28,11/11/2023,15:15,CHOQUE,1,0,2,ICA,CHINCHA,PUEBLO NUEVO,URBANA,CARRETERA,VECINAL,IC-505,SI,-13.396273,-76.139316,DESPEJADO,RESIDENCIAL,INTERSECCIÓN,PLANA ,ASFALTADA,,,,,EN PROCESO DE INVESTIGACIÓN,NO CUENTA CON CAUSA ESPECIFICA
A-2023-11-70,11/11/2023,15:20,DESPISTE,1,0,1,PUNO,MELGAR,AYAVIRI,RURAL,CARRETERA,NACIONAL,PE-3SG,NO,-14.893966,-70.614402,DESPEJADO,RURAL,TRAMO RECTO,PLANA ,ASFALTADA,,,,,IMPRUDENCIA DEL CONDUCTOR,EXCESO DE VELOCIDAD
A-2023-11-87,11/11/2023,16:49,CAÍDA DE PASAJERO,1,0,,AREQUIPA,AREQUIPA,AREQUIPA,URBANA,AVENIDA,URBANO,NO CORRESPONDE,NO,-16.415154,-71.534074,DESPEJADO,COMERCIAL,TRAMO RECTO,PLANA ,ASFALTADA,NO,,,SI,NO IDENTIFICA LA CAUSA,
A-2023-11-7,11/11/2023,22:00,ATROPELLO,1,0,,PUNO,PUNO,PLATERIA,RURAL,CARRETERA,NACIONAL,PE-3S,NO,-15.941882,-69.857224,DESPEJADO,RURAL,TRAMO RECTO,PLANA ,ASFALTADA,,,,,IMPRUDENCIA DEL PEATÓN,CRUCE INDEBIDO POR LA CALZADA
A-2023-11-117,11/11/2023,22:10,CHOQUE,1,0,,LIMA,LIMA,CARABAYLLO,RURAL,CARRETERA,NACIONAL,PE-20A,NO,-11.793955,-76.982986,DESPEJADO,RURAL,CURVA,INCLINADA,ASFALTADA,SI,PREVENTIVA (P),,SI,,
A-2021-12-53,11/12/2021,09:00,CHOQUE,1,0,2,LA LIBERTAD,SANCHEZ CARRION,SARIN,RURAL,CARRETERA,VECINAL,LI-907,NO,-7.911865,-77.903236,DESPEJADO,RURAL,TRAMO RECTO,PLANA ,AFIRMADO,,,,,IMPRUDENCIA DEL CONDUCTOR,INVASIÓN DE CARRIL
A-2021-12-156,11/12/2021,12:50,ATROPELLO,1,0,0,LIMA,LIMA,LOS OLIVOS,URBANA,AVENIDA,URBANO,NO CORRESPONDE,NO,-12.006545,-77.082327,SOLEADO,RESIDENCIAL,INTERSECCIÓN,PLANA ,ASFALTADA,,,,,NO IDENTIFICA LA CAUSA,
A-2021-12-24,11/12/2021,16:30,CHOQUE,1,2,1,PIURA,SULLANA,QUERECOTILLO,RURAL,CARRETERA,NACIONAL,PE-1NN,NO,-4.836912863178541,-80.65014654787663,DESPEJADO,RURAL,TRAMO RECTO,PLANA ,ASFALTADA,,,,,NO IDENTIFICA LA CAUSA,
A-2021-12-157,11/12/2021,21:30,CHOQUE,1,7,2,LIMA,LIMA,VILLA EL SALVADOR,URBANA,CARRETERA,NACIONAL,PE-1S,NO,-12.1951485,-76.9727995,DESPEJADO,RESIDENCIAL,TRAMO RECTO,PLANA ,ASFALTADA,,,,,NO IDENTIFICA LA CAUSA,
A-2022-12-143,11/12/2022,00:15,ATROPELLO,1,0,,LIMA,LIMA,LURIGANCHO,URBANA,CARRETERA,NACIONAL,PE-22,NO,-11.951577,-76.726837,DESPEJADO,RURAL,TRAMO RECTO,PLANA ,ASFALTADA,,,,,NO IDENTIFICA LA CAUSA,
A-2022-12-179,11/12/2022,05:00,ATROPELLO,1,0,,JUNIN,HUANCAYO,SICAYA,URBANA,CARRETERA,NACIONAL,PE-24,NO,-12.054954,-75.283905,DESPEJADO,RURAL,TRAMO RECTO,PLANA ,ASFALTADA,,,,,IMPRUDENCIA DEL CONDUCTOR,CONDUCIR EN ESTADO DE EBRIEDAD Y/O DROGADICCIÓN
A-2022-12-52,11/12/2022,07:00,DESPISTE,2,0,1,TACNA,TACNA,PALCA,RURAL,CARRETERA,NACIONAL,PE-40,NO,-17.780934,-69.961567,DESPEJADO,RURAL,CURVA,INCLINADA,ASFALTADA,,,,,IMPRUDENCIA DEL CONDUCTOR,FATIGA Y/O CANSANCIO
A-2022-12-199,11/12/2022,09:50,ATROPELLO FUGA,1,0,1,PIURA,MORROPON,MORROPON,URBANA,JIRÓN,URBANO,NO CORRESPONDE,NO,-5.183082788205004,-79.97179906624112,DESPEJADO,RURAL,TRAMO RECTO,PLANA ,ADOQUINADO,,,,,NO IDENTIFICA LA CAUSA,
A-2022-12-144,11/12/2022,12:50,ATROPELLO,1,0,,LIMA,LIMA,COMAS,URBANA,CARRETERA,NACIONAL,PE-1N,NO,-11.924983900113455,-77.07292633774752,DESPEJADO,INDUSTRIAL,TRAMO RECTO,PLANA ,ASFALTADA,,,,,NO IDENTIFICA LA CAUSA,
A-2022-12-85,11/12/2022,15:00,DESPISTE,1,0,,ANCASH,PALLASCA,TAUCA,RURAL,CARRETERA,NACIONAL,PE-3N,NO,-8.424965607503932,-78.01537559310515,DESPEJADO,RURAL,CURVA,INCLINADA,ASFALTADA,,,,,NO IDENTIFICA LA CAUSA,
A-2022-12-180,11/12/2022,16:50,CHOQUE,1,0,,JUNIN,HUANCAYO,CHILCA,URBANA,CARRETERA,NACIONAL,PE-3SC,SI,-12.083191,-75.203209,DESPEJADO,COMERCIAL,TRAMO RECTO,PLANA ,ASFALTADA,NO,,,SI,IMPRUDENCIA DEL CONDUCTOR,OTRO (IMPRUDENCIA DEL CONDUCTOR)
A-2022-12-184,11/12/2022,21:10,ATROPELLO,1,0,1,PIURA,MORROPON,CHULUCANAS,RURAL,CARRETERA,VECINAL,PI-972,NO,-5.1641789925816814,-80.14089228164413,DESPEJADO,RURAL,TRAMO RECTO,PLANA ,ASFALTADA,,,,,IMPRUDENCIA DEL PEATÓN,ESTADO DE EBRIEDAD Y/O DROGADICCIÓN
A-2022-12-65,11/12/2022,22:15,DESPISTE,1,0,1,LA LIBERTAD,CHEPEN,PUEBLO NUEVO,RURAL,CARRETERA,VECINAL,LI-500,NO,-7.134118338608683,-79.57560070186892,DESPEJADO,RURAL,TRAMO RECTO,PLANA ,AFIRMADO,,,,,IMPRUDENCIA DEL CONDUCTOR,CONDUCIR EN ESTADO DE EBRIEDAD Y/O DROGADICCIÓN
A-2022-12-194,11/12/2022,23:25,DESPISTE,2,4,1,PIURA,SULLANA,MIGUEL CHECA,RURAL,CARRETERA,NACIONAL,PE-02,NO,-5.1307716,-80.8296016,DESPEJADO,RURAL,TRAMO RECTO,PLANA ,ASFALTADA,,,,,,
A-2023-12-99,11/12/2023,10:30,ATROPELLO,1,0,,LIMA,LIMA,LOS OLIVOS,URBANA,AVENIDA,URBANO,NO CORRESPONDE,NO,-11.96125055,-77.07634762,DESPEJADO,COMERCIAL,CURVA,PLANA ,ASFALTADA,,,,,,
A-2023-12-141,11/12/2023,12:30,DESPISTE,1,0,1,PUNO,SAN ANTONIO DE PUTINA,SINA,RURAL,CARRETERA,VECINAL,PU-597,NO,-14.598300129735973,-69.2753080579089,DESPEJADO,RURAL,TRAMO RECTO,PLANA ,TROCHA,,,,,IMPRUDENCIA DEL CONDUCTOR,OTRO (IMPRUDENCIA DEL CONDUCTOR)
A-2023-12-74,11/12/2023,14:00,DESPISTE,1,1,1,AREQUIPA,AREQUIPA,YURA,RURAL,CARRETERA,VECINAL,AR-706,NO,-16.24224,-71.738126,DESPEJADO,RURAL,TRAMO RECTO,INCLINADA,TROCHA,,,,,NO IDENTIFICA LA CAUSA,
A-2023-12-100,11/12/2023,18:20,ATROPELLO,1,0,,LIMA,LIMA,COMAS,URBANA,AVENIDA,URBANO,NO CORRESPONDE,NO,-11.94011587,-77.05954281,DESPEJADO,COMERCIAL,INTERSECCIÓN,PLANA ,ASFALTADA,SI,PREVENTIVA (P),INFORMATIVA (I),NO,,
A-2021-01-122,12/01/2021,11:10,CHOQUE,1,1,3,LAMBAYEQUE,LAMBAYEQUE,MOTUPE,URBANA,CARRETERA,NACIONAL,PE-1NJ,NO,-6.152203,-79.710059,SOLEADO,RESIDENCIAL,TRAMO RECTO,PLANA ,ASFALTADA,SI,REGULADORA (R),REGULADORA (R),NO,NO IDENTIFICA LA CAUSA,
A-2021-01-119,12/01/2021,12:00,DESPISTE,1,0,1,MOQUEGUA,GENERAL SANCHEZ CERRO,ICHUÑA,RURAL,CARRETERA,DEPARTAMENTAL,MO-103,NO,-16.144516,-70.5461854,SOLEADO,RURAL,TRAMO RECTO,PLANA ,TROCHA,,,,,IMPRUDENCIA DEL CONDUCTOR,EXCESO DE VELOCIDAD
A-2021-01-74,12/01/2021,19:39,CHOQUE,1,0,3,LIMA,HUAURA,HUACHO,RURAL,CARRETERA,NACIONAL,PE-1N,NO,-11.18428545214436,-77.57624035482478,DESPEJADO,RURAL,TRAMO RECTO,PLANA ,ASFALTADA,,,,,NEGLIGENCIA DEL CONDUCTOR,OTRO (NEGLIGENCIA DEL CONDUCTOR)
A-2022-01-121,12/01/2022,02:00,CHOQUE CON OBJETO FIJO,1,0,1,LIMA,LIMA,EL AGUSTINO,URBANA,AUTOPISTA,URBANO,NO CORRESPONDE,NO,-12.0306282,-76.9945093,DESPEJADO,INDUSTRIAL,INTERSECCIÓN,PLANA ,ASFALTADA,,,,,IMPRUDENCIA DEL CONDUCTOR,VEHÍCULO MAL ESTACIONADO
A-2022-01-37,12/01/2022,12:10,VOLCADURA,1,1,1,TUMBES,TUMBES,TUMBES,URBANA,AVENIDA,URBANO,NO CORRESPONDE,NO,-3.581578226796995,-80.41127983121075,DESPEJADO,RURAL,CURVA,PLANA ,ASFALTADA,,,,,IMPRUDENCIA DEL CONDUCTOR,EXCESO DE VELOCIDAD
A-2022-01-83,12/01/2022,13:50,DESPISTE,1,1,1,HUANCAVELICA,TAYACAJA,QUICHUAS,RURAL,CARRETERA,NACIONAL,PE-3S,NO,-12.496579,-74.720855,DESPEJADO,RURAL,CURVA,INCLINADA,ASFALTADA,SI,PREVENTIVA (P),,NO,NO IDENTIFICA LA CAUSA,
A-2022-01-212,12/01/2022,17:10,DESPISTE,1,2,1,LAMBAYEQUE,CHICLAYO,MONSEFU,RURAL,CARRETERA,DEPARTAMENTAL,LA-115,SI,-6.882256,-79.902413,SOLEADO,RURAL,TRAMO RECTO,PLANA ,ASFALTADA,,,,,NO IDENTIFICA LA CAUSA,
A-2022-01-213,12/01/2022,20:22,ATROPELLO,1,0,1,LAMBAYEQUE,CHICLAYO,LAGUNAS,RURAL,CARRETERA,NACIONAL,PE-1N,NO,-6.929354736645017,-79.73863542845908,DESPEJADO,RURAL,TRAMO RECTO,PLANA ,ASFALTADA,,,,,NO IDENTIFICA LA CAUSA,
A-2023-01-137,12/01/2023,04:45,CHOQUE,1,0,,LIMA,LIMA,LIMA,URBANA,AVENIDA,URBANO,NO CORRESPONDE,NO,-12.07950923,-77.03402284,DESPEJADO,COMERCIAL,INTERSECCIÓN,PLANA ,ASFALTADA,SI,INFORMATIVA (I),REGULADORA (R),SI,NEGLIGENCIA DEL CONDUCTOR,OTRO (NEGLIGENCIA DEL CONDUCTOR)
A-2023-01-19,12/01/2023,04:45,DESPISTE,2,1,1,HUANUCO,LEONCIO PRADO,JOSE CRESPO Y CASTILLO,RURAL,CARRETERA,NACIONAL,PE-5N,NO,-8.861548183357028,-76.1040314029657,DESPEJADO,RURAL,CURVA,PLANA ,ASFALTADA,SI,PREVENTIVA (P),,SI,NO IDENTIFICA LA CAUSA,
A-2023-01-125,12/01/2023,15:15,ATROPELLO,1,0,1,ICA,CHINCHA,PUEBLO NUEVO,URBANA,AVENIDA,URBANO,NO CORRESPONDE,NO,-13.407661,-76.131825,DESPEJADO,RESIDENCIAL,INTERSECCIÓN,PLANA ,ASFALTADA,SI,INFORMATIVA (I),,NO,IMPRUDENCIA DEL CONDUCTOR,NO ESTABLECER EL DERECHO DE PASO
A-2023-01-111,12/01/2023,17:00,ATROPELLO,1,0,,HUANUCO,HUANUCO,AMARILIS,URBANA,CARRETERA,NACIONAL,PE-18A,NO,-9.944877832863563,-76.24018227990604,DESPEJADO,COMERCIAL,TRAMO RECTO,PLANA ,ASFALTADA,,,,,IMPRUDENCIA DEL CONDUCTOR,EXCESO DE VELOCIDAD
A-2023-01-74,12/01/2023,17:30,DESPISTE,1,0,1,JUNIN,CONCEPCION,SAN JOSE DE QUERO,RURAL,CARRETERA,VECINAL,JU-787,NO,-12.108402,-75.630951,NUBLADO,RURAL,CURVA,PLANA ,AFIRMADO,,,,,NEGLIGENCIA DEL CONDUCTOR,OTRO (NEGLIGENCIA DEL CONDUCTOR)
A-2023-01-124,12/01/2023,22:30,CHOQUE,4,5,3,PIURA,PIURA,EL TALLAN,URBANA,CARRETERA,NACIONAL,PE-1N,NO,-5.45404133454041,-80.6067177147605,DESPEJADO,RURAL,TRAMO RECTO,PLANA ,ASFALTADA,SI,REGULADORA (R),REGULADORA (R),NO,IMPRUDENCIA DEL CONDUCTOR,EXCESO DE VELOCIDAD
A-2021-02-63,12/02/2021,02:20,VOLCADURA,1,13,1,CUSCO,PARURO,HUANOQUITE,RURAL,CARRETERA,DEPARTAMENTAL,CU-118,NO,-13.6828285595271,-72.0160588098124,LLUVIOSO,RURAL,TRAMO RECTO,PLANA ,AFIRMADO,,,,,NEGLIGENCIA DEL CONDUCTOR,
A-2021-02-255,12/02/2021,07:15,ATROPELLO,1,0,0,LIMA,LIMA,SAN MARTIN DE PORRES,URBANA,CARRETERA,NACIONAL,PE-20F,NO,-11.954708647868605,-77.08510190248491,DESPEJADO,COMERCIAL,INTERSECCIÓN,PLANA ,ASFALTADA,,,,,NO IDENTIFICA LA CAUSA,
A-2021-02-66,12/02/2021,11:15,CHOQUE,1,0,2,AREQUIPA,ISLAY,PUNTA DE BOMBON,RURAL,CARRETERA,VECINAL,AR-827,NO,-17.1583427,-71.7933493,DESPEJADO,RURAL,OTRO,INCLINADA,ASFALTADA,SI,PREVENTIVA (P),PREVENTIVA (P),SI,IMPRUDENCIA DEL CONDUCTOR,INVASIÓN DE CARRIL