CÓDIGO SINIESTRO,FECHA SINIESTRO,HORA SINIESTRO,CLASE SINIESTRO,CANTIDAD DE FALLECIDOS,CANTIDAD DE LESIONADOS,CANTIDAD DE VEHICULOS DAÑADOS,DEPARTAMENTO,PROVINCIA,DISTRITO,ZONA,TIPO DE VÍA,RED VIAL,COD CARRETERA,EXISTE CICLOVÍA,COORDENADAS LATITUD,COORDENADAS  LONGITUD,CONDICIÓN CLIMÁTICA,ZONIFICACIÓN,CARACTERÍSTICAS DE VÍA,PERFIL LONGITUDINAL VÍA,SUPERFICIE DE CALZADA,¿EXISTE SEÑAL VERTICAL?,CLASIFICACIÓN DE LA SEÑAL VERTICAL Nº 1,CLASIFICACIÓN DE LA SEÑAL VERTICAL Nº 2,¿EXISTE SEÑAL HORIZONTAL?,CAUSA FACTOR PRINCIPAL,CAUSA ESPECÍFICA
A-2021-02-244,12/02/2021,11:50,CHOQUE,1,0,1,CALLAO,CALLAO,CALLAO,URBANA,AVENIDA,URBANO,NO CORRESPONDE,NO,-12.055772845365073,-77.12188849777318,DESPEJADO,RESIDENCIAL,TRAMO RECTO,PLANA ,ASFALTADA,,,,,NEGLIGENCIA DEL CONDUCTOR,OTRO (NEGLIGENCIA DEL CONDUCTOR)
A-2021-02-79,12/02/2021,13:20,ATROPELLO,1,0,0,CUSCO,CALCA,PISAC,URBANA,CARRETERA,DEPARTAMENTAL,CU-112,NO,-13.40901,-71.83107314,DESPEJADO,RESIDENCIAL,TRAMO RECTO,PLANA ,ASFALTADA,,,,,NEGLIGENCIA DEL CONDUCTOR,OTRO (NEGLIGENCIA DEL CONDUCTOR)
A-2021-02-86,12/02/2021,20:26,CHOQUE,1,0,2,LAMBAYEQUE,CHICLAYO,JOSE LEONARDO ORTIZ,RURAL,CARRETERA,DEPARTAMENTAL,LA-111,NO,-6.7453118,-79.8012296,DESPEJADO,RURAL,TRAMO RECTO,PLANA ,ASFALTADA,SI,PREVENTIVA (P),PREVENTIVA (P),SI,IMPRUDENCIA DEL CONDUCTOR,EXCESO DE VELOCIDAD
A-2022-02-223,12/02/2022,02:30,ATROPELLO FUGA,1,0,,LIMA,LIMA,RIMAC,URBANA,CARRETERA,NACIONAL,PE-1N,NO,-12.040106536581675,-77.01654726379101,DESPEJADO,INDUSTRIAL,TRAMO RECTO,PLANA ,ASFALTADA,,,,,NO IDENTIFICA LA CAUSA,
A-2022-02-215,12/02/2022,05:00,DESPISTE,1,0,1,AREQUIPA,CAMANA,SAMUEL PASTOR,RURAL,CARRETERA,NACIONAL,PE-1S,NO,-16.648059318862124,-72.68785246907481,DESPEJADO,RURAL,TRAMO RECTO,PLANA ,ASFALTADA,,,,,NO IDENTIFICA LA CAUSA,
A-2022-02-245,12/02/2022,05:00,ATROPELLO FUGA,1,0,,PASCO,PASCO,VICCO,URBANA,CARRETERA,NACIONAL,PE-3N,NO,-10.836318742320746,-76.18613456752321,DESPEJADO,COMERCIAL,TRAMO RECTO,PLANA ,ASFALTADA,,,,,NO IDENTIFICA LA CAUSA,
A-2022-02-50,12/02/2022,08:18,CHOQUE,1,0,2,PUNO,PUNO,PICHACANI,RURAL,CARRETERA,NACIONAL,PE-36B,NO,-16.1112701,-70.0297388,DESPEJADO,RURAL,TRAMO RECTO,PLANA ,ASFALTADA,SI,INFORMATIVA (I),,SI,NEGLIGENCIA DEL CONDUCTOR,CONDUCIR CON FALLAS DE FRENOS
A-2022-02-214,12/02/2022,09:20,ATROPELLO,1,0,1,AREQUIPA,LA UNION,PAMPAMARCA,RURAL,CARRETERA,VECINAL,AR-600,NO,-15.2230501,-72.9460449,DESPEJADO,RURAL,TRAMO RECTO,PLANA ,ASFALTADA,,,,,NO IDENTIFICA LA CAUSA,
A-2022-02-306,12/02/2022,12:00,DESPISTE,1,1,1,JUNIN,JUNIN,CARHUAMAYO,RURAL,CARRETERA,DEPARTAMENTAL,JU-107,NO,-10.902533522954867,-75.99368582399583,DESPEJADO,RURAL,CURVA,INCLINADA,ASFALTADA,NO,,,SI,IMPRUDENCIA DEL CONDUCTOR,EXCESO DE VELOCIDAD
A-2022-02-138,12/02/2022,18:30,CHOQUE,1,4,3,PUNO,SAN ROMAN,SAN MIGUEL,URBANA,AVENIDA,URBANO,NO CORRESPONDE,NO,-15.475756001830133,-70.13639682596093,DESPEJADO,RESIDENCIAL,INTERSECCIÓN,PLANA ,ASFALTADA,,,,,IMPRUDENCIA DEL CONDUCTOR,EXCESO DE VELOCIDAD
A-2022-02-291,12/02/2022,19:00,ATROPELLO FUGA,1,0,,ANCASH,HUARMEY,HUARMEY,URBANA,CARRETERA,NACIONAL,PE-1N,NO,-10.075498,-78.15332,DESPEJADO,COMERCIAL,TRAMO RECTO,PLANA ,ASFALTADA,,,,,NO IDENTIFICA LA CAUSA,
A-2022-02-61,12/02/2022,19:40,DESPISTE,1,1,1,ANCASH,HUAYLAS,CARAZ,RURAL,CARRETERA,VECINAL,AN-836,NO,-9.03606849247796,-77.80906756614073,LLUVIOSO,RURAL,SINUOSA,INCLINADA,TROCHA,SI,REGULADORA (R),REGULADORA (R),NO,IMPRUDENCIA DEL CONDUCTOR,CONDUCIR EN ESTADO DE EBRIEDAD Y/O DROGADICCIÓN
A-2022-02-307,12/02/2022,20:00,CHOQUE,1,0,2,ICA,CHINCHA,CHINCHA BAJA,RURAL,CARRETERA,DEPARTAMENTAL,IC-102,NO,-13.45031372215767,-76.1554025204148,DESPEJADO,RURAL,TRAMO RECTO,PLANA ,ASFALTADA,,,,,IMPRUDENCIA DEL CONDUCTOR,EXCESO DE VELOCIDAD
A-2022-02-94,12/02/2022,21:30,CHOQUE,2,2,2,LA LIBERTAD,VIRU,CHAO,RURAL,CARRETERA,NACIONAL,PE-1N,NO,-8.629983,-78.6379,DESPEJADO,RURAL,TRAMO RECTO,PLANA ,ASFALTADA,SI,REGULADORA (R),,NO,IMPRUDENCIA DEL CONDUCTOR,EXCESO DE VELOCIDAD
A-2023-02-121,12/02/2023,01:30,DESPISTE,1,0,1,PIURA,MORROPON,CHULUCANAS,RURAL,CARRETERA,NACIONAL,PE-1NR,NO,-5.00297,-80.22238,DESPEJADO,RURAL,CURVA,PLANA ,ASFALTADA,SI,PREVENTIVA (P),REGULADORA (R),NO,NO IDENTIFICA LA CAUSA,
A-2023-02-161,12/02/2023,04:00,CHOQUE FUGA,1,0,,PIURA,PIURA,VEINTISEIS DE OCTUBRE,URBANA,CARRETERA,NACIONAL,PE-1N,NO,-5.215316,-80.653421,DESPEJADO,RURAL,TRAMO RECTO,PLANA ,ASFALTADA,,,,,,
A-2023-02-76,12/02/2023,04:45,ATROPELLO FUGA,1,0,1,LAMBAYEQUE,LAMBAYEQUE,MORROPE,RURAL,CARRETERA,NACIONAL,PE-1N,NO,-6.6232301,-79.9594697,DESPEJADO,RURAL,TRAMO RECTO,PLANA ,ASFALTADA,,,,,NO IDENTIFICA LA CAUSA,
A-2023-02-20,12/02/2023,06:00,ATROPELLO,1,0,1,LA LIBERTAD,PACASMAYO,SAN PEDRO DE LLOC,RURAL,CARRETERA,NACIONAL,PE-1N,NO,-7.418904,-79.508174,DESPEJADO,RURAL,CURVA,PLANA ,ASFALTADA,,,,,NO IDENTIFICA LA CAUSA,
A-2023-02-21,12/02/2023,06:00,ATROPELLO FUGA,1,0,,LA LIBERTAD,TRUJILLO,EL PORVENIR,URBANA,AVENIDA,URBANO,NO CORRESPONDE,NO,-8.071887,-79.021005,DESPEJADO,COMERCIAL,INTERSECCIÓN,PLANA ,ASFALTADA,,,,,NO IDENTIFICA LA CAUSA,
A-2023-02-109,12/02/2023,20:00,ATROPELLO,1,0,,APURIMAC,ANTABAMBA,ANTABAMBA,URBANA,CALLE,URBANO,NO CORRESPONDE,,-14.365396353275937,-72.87687602872857,,,,,,,,,,,
A-2023-02-129,12/02/2023,22:15,ATROPELLO,1,0,1,ICA,CHINCHA,CHINCHA ALTA,URBANA,CARRETERA,NACIONAL,PE-26,NO,-13.413549,-76.119516,DESPEJADO,RESIDENCIAL,TRAMO RECTO,PLANA ,ASFALTADA,,,,,IMPRUDENCIA DEL PEATÓN,ESTADO DE EBRIEDAD Y/O DROGADICCIÓN
A-2021-03-77,12/03/2021,04:30,DESPISTE,1,8,1,CUSCO,CANCHIS,MARANGANI,RURAL,CARRETERA,VECINAL,CU-1430,NO,-14.3569,-71.1589,LLUVIOSO,RURAL,CURVA,INCLINADA,AFIRMADO,,,,,IMPRUDENCIA DEL CONDUCTOR,EXCESO DE PASAJEROS O CARGA
A-2021-03-50,12/03/2021,06:30,CHOQUE,2,1,2,HUANUCO,LEONCIO PRADO,JOSE CRESPO Y CASTILLO,RURAL,CARRETERA,NACIONAL,PE-5N,NO,-8.894713,-76.096844,NUBLADO,RURAL,TRAMO RECTO,PLANA ,ASFALTADA,,,,,IMPRUDENCIA DEL CONDUCTOR,EXCESO DE VELOCIDAD
A-2021-03-48,12/03/2021,06:45,ATROPELLO,1,0,1,CUSCO,CUSCO,SAN SEBASTIAN,URBANA,AVENIDA,URBANO,NO CORRESPONDE,SI,-13.531674,-71.916772,DESPEJADO,RESIDENCIAL,TRAMO RECTO,PLANA ,ASFALTADA,SI,PREVENTIVA (P),REGULADORA (R),NO,NEGLIGENCIA DEL CONDUCTOR,OTRO (NEGLIGENCIA DEL CONDUCTOR)
A-2021-03-180,12/03/2021,07:35,CHOQUE,1,23,2,LAMBAYEQUE,LAMBAYEQUE,OLMOS,RURAL,CARRETERA,NACIONAL,PE-1N,NO,-6.3690787,-80.2055165,DESPEJADO,RURAL,OTRO,PLANA ,ASFALTADA,SI,REGULADORA (R),PREVENTIVA (P),NO,NO IDENTIFICA LA CAUSA,
A-2021-03-78,12/03/2021,08:00,ATROPELLO,1,0,0,PIURA,PIURA,CASTILLA,URBANA,CARRETERA,NACIONAL,PE-1NJ,NO,-5.185041,-80.586141,DESPEJADO,RURAL,TRAMO RECTO,PLANA ,ASFALTADA,SI,PREVENTIVA (P),PREVENTIVA (P),NO,,
A-2021-03-63,12/03/2021,10:00,CHOQUE,1,0,2,LA LIBERTAD,TRUJILLO,LAREDO,RURAL,CARRETERA,NACIONAL,PE-10A,NO,-8.016867521254301,-78.83514398371496,DESPEJADO,RURAL,TRAMO RECTO,PLANA ,ASFALTADA,,,,,IMPRUDENCIA DEL CONDUCTOR,OTRO (IMPRUDENCIA DEL CONDUCTOR)
A-2021-03-105,12/03/2021,13:00,VOLCADURA,1,0,1,CUSCO,ESPINAR,ESPINAR,URBANA,CALLE,URBANO,NO CORRESPONDE,NO,-14.784459,-71.462374,DESPEJADO,RESIDENCIAL,TRAMO RECTO,PLANA ,AFIRMADO,,,,,IMPRUDENCIA DEL CONDUCTOR,CONDUCIR EN ESTADO DE EBRIEDAD Y/O DROGADICCIÓN
A-2021-03-221,12/03/2021,16:00,ATROPELLO,1,0,1,LIMA,LIMA,PUEBLO LIBRE,URBANA,AVENIDA,URBANO,NO CORRESPONDE,NO,-12.08142,-77.05889,DESPEJADO,INDUSTRIAL,TRAMO RECTO,PLANA ,ASFALTADA,,,,,NO IDENTIFICA LA CAUSA,
A-2021-03-92,12/03/2021,18:30,CHOQUE FUGA,1,1,2,JUNIN,CHANCHAMAYO,SAN RAMON,URBANA,CARRETERA,NACIONAL,PE-22B,NO,-11.126949689311978,-75.36334645316921,DESPEJADO,RURAL,TRAMO RECTO,INCLINADA,ASFALTADA,,,,,IMPRUDENCIA DEL CONDUCTOR,EXCESO DE VELOCIDAD
A-2021-03-70,12/03/2021,19:00,DESPISTE,1,0,1,PIURA,SECHURA,VICE,RURAL,CARRETERA,NACIONAL,PE-1NK,NO,-5.402755,-80.752317,DESPEJADO,RURAL,TRAMO RECTO,PLANA ,ASFALTADA,,,,,IMPRUDENCIA DEL CONDUCTOR,OTRO (IMPRUDENCIA DEL CONDUCTOR)
A-2021-03-67,12/03/2021,19:50,CHOQUE,1,0,2,AREQUIPA,AREQUIPA,YURA,URBANA,CARRETERA,NACIONAL,PE-34A,NO,-16.278201,-71.658954,DESPEJADO,RURAL,TRAMO RECTO,INCLINADA,ASFALTADA,NO,,,SI,IMPRUDENCIA DEL CONDUCTOR,INVASIÓN DE CARRIL
A-2021-03-282,12/03/2021,20:20,CHOQUE,1,1,1,PASCO,PASCO,VICCO,URBANA,CARRETERA,NACIONAL,PE-3N,NO,-10.818273679466634,-76.20787658954369,LLUVIOSO,RURAL,TRAMO RECTO,PLANA ,ASFALTADA,,,,,,
A-2021-03-76,12/03/2021,23:00,CHOQUE CON OBJETO FIJO,1,0,1,ICA,ICA,SANTIAGO,RURAL,CARRETERA,SIN CLASIFICAR,SIN CLASIFICAR,NO,-14.25426,-75.692065,DESPEJADO,RURAL,TRAMO RECTO,PLANA ,ASFALTADA,,,,,IMPRUDENCIA DEL CONDUCTOR,OTRO (IMPRUDENCIA DEL CONDUCTOR)
A-2022-03-233,12/03/2022,00:30,CHOQUE,1,1,,ANCASH,HUARMEY,HUARMEY,RURAL,CARRETERA,NACIONAL,PE-1N,NO,-10.203143,-78.050151,DESPEJADO,RURAL,TRAMO RECTO,PLANA ,ASFALTADA,,,,,NO IDENTIFICA LA CAUSA,
A-2022-03-286,12/03/2022,02:00,ATROPELLO FUGA,1,0,,SAN MARTIN,LAMAS,CAYNARACHI,RURAL,CARRETERA,NACIONAL,PE-5NB,,-6.4250369423433895,-76.261108479812,,,,,,,,,,,
A-2022-03-245,12/03/2022,03:40,ATROPELLO,1,0,,AYACUCHO,LA MAR,SAN MIGUEL,URBANA,CARRETERA,DEPARTAMENTAL,AY-102,NO,-13.05425248,-73.95491305,DESPEJADO,RURAL,TRAMO RECTO,PLANA ,ASFALTADA,SI,PREVENTIVA (P),,NO,IMPRUDENCIA DEL CONDUCTOR,OTRO (IMPRUDENCIA DEL CONDUCTOR)
A-2022-03-43,12/03/2022,06:00,DESPISTE,1,0,2,AREQUIPA,CAMANA,SAMUEL PASTOR,URBANA,AVENIDA,URBANO,NO CORRESPONDE,NO,-16.61005310771141,-72.70527483355946,DESPEJADO,RURAL,TRAMO RECTO,PLANA ,ASFALTADA,,,,,NO IDENTIFICA LA CAUSA,
A-2022-03-239,12/03/2022,07:00,VOLCADURA,1,0,,APURIMAC,GRAU,VILCABAMBA,RURAL,CALLE,URBANO,NO CORRESPONDE,,-14.078797918383271,-72.62581486234875,,,,,,,,,,,
A-2022-03-235,12/03/2022,08:35,ATROPELLO,1,0,,ANCASH,SANTA,CHIMBOTE,URBANA,AVENIDA,URBANO,NO CORRESPONDE,NO,-9.074472820484136,-78.57626927976929,DESPEJADO,COMERCIAL,INTERSECCIÓN,PLANA ,ASFALTADA,,,,,NO IDENTIFICA LA CAUSA,
A-2022-03-224,12/03/2022,15:10,CHOQUE,1,0,2,HUANUCO,LEONCIO PRADO,PUEBLO NUEVO,RURAL,CARRETERA,NACIONAL,PE-5N,NO,-9.149739,-75.988285,NUBLADO,RURAL,CURVA,PLANA ,ASFALTADA,SI,PREVENTIVA (P),REGULADORA (R),NO,IMPRUDENCIA DEL CONDUCTOR,EXCESO DE VELOCIDAD
A-2022-03-123,12/03/2022,19:30,CHOQUE,1,0,2,PIURA,PIURA,LA UNION,URBANA,CALLE,URBANO,NO CORRESPONDE,NO,-5.380902,-80.761395,DESPEJADO,COMERCIAL,TRAMO RECTO,PLANA ,AFIRMADO,,,,,NO IDENTIFICA LA CAUSA,
A-2023-03-70,12/03/2023,07:00,ATROPELLO FUGA,1,0,1,LAMBAYEQUE,LAMBAYEQUE,LAMBAYEQUE,RURAL,CARRETERA,NACIONAL,PE-1N,NO,-6.6889868,-79.9037983,DESPEJADO,RURAL,TRAMO RECTO,PLANA ,ASFALTADA,,,,,NO IDENTIFICA LA CAUSA,
A-2023-03-25,12/03/2023,13:00,CHOQUE,1,8,2,AREQUIPA,CAYLLOMA,SAN ANTONIO DE CHUCA,RURAL,CARRETERA,NACIONAL,PE-34A,NO,-15.986356,-71.254004,LLUVIOSO,RURAL,CURVA,INCLINADA,ASFALTADA,NO,,,SI,NO IDENTIFICA LA CAUSA,
A-2023-03-71,12/03/2023,15:00,ATROPELLO FUGA,1,0,1,LAMBAYEQUE,CHICLAYO,PATAPO,RURAL,CARRETERA,NACIONAL,PE-06A,NO,-6.7393081,-79.6362104,DESPEJADO,RURAL,TRAMO RECTO,PLANA ,ASFALTADA,,,,,NO IDENTIFICA LA CAUSA,
A-2023-03-141,12/03/2023,22:30,ATROPELLO,1,0,,LIMA,LIMA,CHORRILLOS,URBANA,CARRETERA,NACIONAL,PE-1S,NO,-12.218937,-76.977076,DESPEJADO,INDUSTRIAL,TRAMO RECTO,PLANA ,ASFALTADA,SI,REGULADORA (R),,NO,IMPRUDENCIA DEL PEATÓN,OTRO (IMPRUDENCIA DEL PEATÓN)
A-2021-04-56,12/04/2021,00:15,DESPISTE,2,0,1,JUNIN,CHANCHAMAYO,PICHANAQUI,RURAL,CARRETERA,VECINAL,JU-1488,NO,-10.853432177122565,-74.85401646881803,DESPEJADO,RURAL,CURVA,INCLINADA,AFIRMADO,,,,,,
A-2021-04-249,12/04/2021,02:40,CHOQUE,1,0,2,LIMA,BARRANCA,PARAMONGA,RURAL,CARRETERA,NACIONAL,PE-1N,SI,-10.65534662249617,-77.8399700098646,SOLEADO,RURAL,TRAMO RECTO,PLANA ,ASFALTADA,,,,,IMPRUDENCIA DEL CONDUCTOR,OTRO (IMPRUDENCIA DEL CONDUCTOR)
A-2021-04-102,12/04/2021,07:00,DESPISTE,20,14,1,ANCASH,SIHUAS,SAN JUAN,RURAL,CARRETERA,NACIONAL,PE-14C,NO,-8.69666005388224,-77.53486365347635,LLUVIOSO,RURAL,TRAMO RECTO,INCLINADA,AFIRMADO,,,,,IMPRUDENCIA DEL CONDUCTOR,OTRO (IMPRUDENCIA DEL CONDUCTOR)
A-2021-04-324,12/04/2021,09:00,ESPECIAL,1,0,1,SAN MARTIN,LAMAS,TABALOSOS,RURAL,CARRETERA,NACIONAL,PE-5N,NO,-6.38853,-76.62908,SOLEADO,RURAL,TRAMO RECTO,INCLINADA,ASFALTADA,NO,,,SI,INFRAESTRUCTURA Y ENTORNO VIAL,FACTOR AMBIENTAL
A-2021-04-74,12/04/2021,11:00,CHOQUE,1,0,2,PIURA,PIURA,LA ARENA,RURAL,CARRETERA,NACIONAL,PE-1NK,NO,-5.3270303,-80.7091891,DESPEJADO,RURAL,TRAMO RECTO,PLANA ,ASFALTADA,,,,,,
A-2021-04-321,12/04/2021,14:40,CHOQUE,1,0,,ANCASH,CASMA,COMANDANTE NOEL,RURAL,CARRETERA,NACIONAL,PE-1N,NO,-9.386123724420107,-78.38270036653594,DESPEJADO,RURAL,TRAMO RECTO,PLANA ,ASFALTADA,,,,,NO IDENTIFICA LA CAUSA,
A-2021-04-154,12/04/2021,21:20,ATROPELLO,1,0,1,JUNIN,HUANCAYO,EL TAMBO,URBANA,AVENIDA,URBANO,NO CORRESPONDE,NO,-12.044233,-75.226414,DESPEJADO,COMERCIAL,TRAMO RECTO,PLANA ,ASFALTADA,,,,,,
A-2022-04-184,12/04/2022,01:15,CHOQUE,1,3,,JUNIN,CHANCHAMAYO,PICHANAQUI,RURAL,CARRETERA,NACIONAL,PE-5S,,-10.957707363940512,-74.82562239297226,,,,,,,,,,,
A-2022-04-225,12/04/2022,05:30,CHOQUE,1,5,2,JUNIN,JAUJA,SINCOS,RURAL,CARRETERA,NACIONAL,PE-3SB,NO,-11.88678,-75.39043,DESPEJADO,RURAL,TRAMO RECTO,PLANA ,ASFALTADA,,,,,IMPRUDENCIA DEL CONDUCTOR,EXCESO DE VELOCIDAD
A-2022-04-178,12/04/2022,10:00,CHOQUE,1,1,2,HUANUCO,LEONCIO PRADO,PUEBLO NUEVO,URBANA,CARRETERA,NACIONAL,PE-5N,NO,-9.0726769,-76.0640611,SOLEADO,COMERCIAL,TRAMO RECTO,PLANA ,ASFALTADA,SI,REGULADORA (R),PREVENTIVA (P),NO,IMPRUDENCIA DEL CONDUCTOR,FATIGA Y/O CANSANCIO
A-2022-04-227,12/04/2022,15:40,CHOQUE,2,0,2,JUNIN,CONCEPCION,MATAHUASI,RURAL,CARRETERA,NACIONAL,PE-3S,NO,-11.89142,-75.34304,DESPEJADO,RURAL,TRAMO RECTO,PLANA ,ASFALTADA,,,,,IMPRUDENCIA DEL CONDUCTOR,GIRAR IMPRUDENTEMENTE
A-2022-04-35,12/04/2022,19:00,CHOQUE,1,1,2,ICA,NASCA,NASCA,URBANA,CARRETERA,NACIONAL,PE-30A,NO,-14.841315,-74.942224,DESPEJADO,RESIDENCIAL,INTERSECCIÓN,PLANA ,ASFALTADA,,,,,NO IDENTIFICA LA CAUSA,
A-2022-04-34,12/04/2022,21:45,CHOQUE,1,0,2,ICA,ICA,SUBTANJALLA,URBANA,CARRETERA,NACIONAL,PE-1S,NO,-14.00787,-75.765825,DESPEJADO,RESIDENCIAL,TRAMO RECTO,PLANA ,ASFALTADA,,,,,NO IDENTIFICA LA CAUSA,
A-2023-04-171,12/04/2023,00:00,ATROPELLO,1,0,,LIMA,LIMA,LIMA,URBANA,AVENIDA,URBANO,NO CORRESPONDE,NO,-12.05666629,-77.01475186,DESPEJADO,COMERCIAL,INTERSECCIÓN,PLANA ,ASFALTADA,,,,,IMPRUDENCIA DEL CONDUCTOR,OTRO (IMPRUDENCIA DEL CONDUCTOR)
A-2023-04-52,12/04/2023,07:30,DESPISTE,1,1,1,HUANCAVELICA,ACOBAMBA,POMACOCHA,RURAL,CARRETERA,SIN CLASIFICAR,SIN CLASIFICAR,NO,-12.8527047,-74.5275284,DESPEJADO,RURAL,SINUOSA,PLANA ,ASFALTADA,SI,PREVENTIVA (P),,NO,NO IDENTIFICA LA CAUSA,
A-2023-04-45,12/04/2023,11:30,CHOQUE CON OBJETO FIJO,1,0,1,CUSCO,PAUCARTAMBO,KOSÑIPATA,URBANA,CARRETERA,DEPARTAMENTAL,CU-113,NO,-12.91769,-71.399643,DESPEJADO,RURAL,TRAMO RECTO,PLANA ,TROCHA,,,,,NO IDENTIFICA LA CAUSA,
A-2023-04-170,12/04/2023,13:00,DESPISTE,1,0,,LIMA,LIMA,PACHACAMAC,URBANA,CALLE,URBANO,NO CORRESPONDE,NO,-12.10407387,-76.87515432,DESPEJADO,RURAL,INTERSECCIÓN,PLANA ,ASFALTADA,,,,,IMPRUDENCIA DEL CONDUCTOR,OTRO (IMPRUDENCIA DEL CONDUCTOR)
A-2023-04-66,12/04/2023,16:43,CHOQUE,1,6,2,LIMA,HUAURA,SAYAN,RURAL,CARRETERA,NACIONAL,PE-18,NO,-11.0632945802522,-77.13831415892751,DESPEJADO,RURAL,CURVA,PLANA ,ASFALTADA,,,,,IMPRUDENCIA DEL CONDUCTOR,INVASIÓN DE CARRIL
A-2021-05-42,12/05/2021,21:00,ATROPELLO,1,1,1,TACNA,TACNA,LA YARADA LOS PALOS,RURAL,CARRETERA,NACIONAL,PE-1SD,NO,-18.158335,-70.462288,DESPEJADO,COMERCIAL,TRAMO RECTO,PLANA ,ASFALTADA,SI,PREVENTIVA (P),,SI,IMPRUDENCIA DEL CONDUCTOR,OTRO (IMPRUDENCIA DEL CONDUCTOR)
A-2022-05-78,12/05/2022,07:15,CHOQUE,2,10,2,AREQUIPA,AREQUIPA,UCHUMAYO,RURAL,CARRETERA,NACIONAL,PE-34A,NO,-16.470246,-71.692165,DESPEJADO,RURAL,TRAMO RECTO,INCLINADA,ASFALTADA,SI,PREVENTIVA (P),,SI,NO IDENTIFICA LA CAUSA,
A-2022-05-39,12/05/2022,11:15,DESPISTE,1,2,1,PUNO,PUNO,ACORA,RURAL,CARRETERA,NACIONAL,PE-3S,NO,-16.024146133773815,-69.73722878919689,DESPEJADO,RURAL,TRAMO RECTO,PLANA ,ASFALTADA,,,,,IMPRUDENCIA DEL CONDUCTOR,OTRO (IMPRUDENCIA DEL CONDUCTOR)
A-2022-05-73,12/05/2022,16:30,CHOQUE,1,1,2,LA LIBERTAD,VIRU,VIRU,RURAL,CARRETERA,NACIONAL,PE-1N,NO,-8.377373,-78.860858,DESPEJADO,RURAL,TRAMO RECTO,PLANA ,ASFALTADA,,,,,IMPRUDENCIA DEL CONDUCTOR,OTRO (IMPRUDENCIA DEL CONDUCTOR)
A-2022-05-157,12/05/2022,17:45,ATROPELLO,1,0,1,PUNO,SAN ROMAN,CABANILLAS,RURAL,CARRETERA,NACIONAL,PE-34A,NO,-15.6469796,-70.3557862,DESPEJADO,RURAL,TRAMO RECTO,PLANA ,ASFALTADA,,,,,IMPRUDENCIA DEL PEATÓN,CRUCE INDEBIDO POR LA CALZADA
A-2022-05-229,12/05/2022,21:00,DESPISTE,1,3,,JUNIN,CHANCHAMAYO,CHANCHAMAYO,RURAL,CARRETERA,NACIONAL,PE-22B,,-10.99535598018256,-75.31456226825117,,,,,,,,,,,
A-2022-05-213,12/05/2022,22:46,ATROPELLO,1,0,,LIMA,LIMA,SAN JUAN DE LURIGANCHO,URBANA,AVENIDA,URBANO,NO CORRESPONDE,,-11.984402,-77.015373,,,,,,,,,,,
A-2023-05-6,12/05/2023,01:00,CHOQUE,1,0,1,ICA,ICA,LOS AQUIJES,URBANA,CARRETERA,NACIONAL,PE-1S,NO,-14.093277,-75.7173961,DESPEJADO,INDUSTRIAL,TRAMO RECTO,PLANA ,ASFALTADA,,,,,NEGLIGENCIA DEL CONDUCTOR,OTRO (NEGLIGENCIA DEL CONDUCTOR)
A-2023-05-95,12/05/2023,04:00,CHOQUE,1,2,2,PIURA,PIURA,PIURA,URBANA,AVENIDA,URBANO,NO CORRESPONDE,NO,-5.18244,-80.6359916,DESPEJADO,COMERCIAL,INTERSECCIÓN,PLANA ,ASFALTADA,,,,,IMPRUDENCIA DEL CONDUCTOR,EXCESO DE VELOCIDAD
A-2023-05-76,12/05/2023,07:30,DESPISTE,1,0,,ANCASH,RECUAY,MARCA,RURAL,CARRETERA,VECINAL,AN-1238,,-10.090526239931785,-77.47387856377863,,,,,,,,,,,
A-2023-05-15,12/05/2023,09:00,DESPISTE,1,2,1,AREQUIPA,CAYLLOMA,CHIVAY,RURAL,CARRETERA,DEPARTAMENTAL,AR-109,NO,-15.704648,-71.589614,NUBLADO,RURAL,CURVA,INCLINADA,ASFALTADA,NO,,,SI,NO IDENTIFICA LA CAUSA,
A-2023-05-64,12/05/2023,20:00,DESPISTE,1,0,1,LA LIBERTAD,GRAN CHIMU,SAYAPULLO,RURAL,CARRETERA,DEPARTAMENTAL,LI-106,NO,-7.592899,-78.488527,DESPEJADO,RURAL,TRAMO RECTO,PLANA ,AFIRMADO,,,,,NO IDENTIFICA LA CAUSA,
A-2023-05-162,12/05/2023,20:40,CHOQUE,1,0,2,CAJAMARCA,CHOTA,CHOTA,URBANA,CARRETERA,NACIONAL,PE-3N,NO,-6.544263,-78.681978,DESPEJADO,COMERCIAL,CURVA,INCLINADA,ASFALTADA,NO,,,SI,IMPRUDENCIA DEL CONDUCTOR,CONDUCIR EN ESTADO DE EBRIEDAD Y/O DROGADICCIÓN
A-2023-05-132,12/05/2023,21:00,ATROPELLO,1,0,,LIMA,LIMA,LURIN,RURAL,CARRETERA,NACIONAL,PE-1S,NO,-12.28162677,-76.88079856,DESPEJADO,INDUSTRIAL,TRAMO RECTO,PLANA ,ASFALTADA,SI,INFORMATIVA (I),,NO,IMPRUDENCIA DEL PEATÓN,OTRO (IMPRUDENCIA DEL PEATÓN)