CÓDIGO SINIESTRO,FECHA SINIESTRO,HORA SINIESTRO,CLASE SINIESTRO,CANTIDAD DE FALLECIDOS,CANTIDAD DE LESIONADOS,CANTIDAD DE VEHICULOS DAÑADOS,DEPARTAMENTO,PROVINCIA,DISTRITO,ZONA,TIPO DE VÍA,RED VIAL,COD CARRETERA,EXISTE CICLOVÍA,COORDENADAS LATITUD,COORDENADAS  LONGITUD,CONDICIÓN CLIMÁTICA,ZONIFICACIÓN,CARACTERÍSTICAS DE VÍA,PERFIL LONGITUDINAL VÍA,SUPERFICIE DE CALZADA,¿EXISTE SEÑAL VERTICAL?,CLASIFICACIÓN DE LA SEÑAL VERTICAL Nº 1,CLASIFICACIÓN DE LA SEÑAL VERTICAL Nº 2,¿EXISTE SEÑAL HORIZONTAL?,CAUSA FACTOR PRINCIPAL,CAUSA ESPECÍFICA
A-2022-08-23,17/08/2022,16:30,DESPISTE,1,0,,PUNO,CHUCUITO,JULI,RURAL,CARRETERA,DEPARTAMENTAL,PU-129,NO,-16.379705,-69.458217,DESPEJADO,RURAL,TRAMO RECTO,PLANA ,ASFALTADA,,,,,IMPRUDENCIA DEL CONDUCTOR,OTRO (IMPRUDENCIA DEL CONDUCTOR)
A-2022-08-130,17/08/2022,17:50,CHOQUE,1,3,2,PUNO,SAN ROMAN,CABANILLAS,RURAL,CARRETERA,NACIONAL,PE-34A,NO,-15.6790683,-70.4039444,DESPEJADO,RURAL,TRAMO RECTO,PLANA ,ASFALTADA,,,,,IMPRUDENCIA DEL CONDUCTOR,EXCESO DE VELOCIDAD
A-2022-08-201,17/08/2022,20:30,DESPISTE,1,1,1,CAJAMARCA,CAJABAMBA,CACHACHI,RURAL,CARRETERA,DEPARTAMENTAL,CA-111,NO,-7.67072728566203,-78.1956085437724,DESPEJADO,RURAL,CURVA,INCLINADA,AFIRMADO,,,,,NO IDENTIFICA LA CAUSA,
A-2022-08-53,17/08/2022,22:20,DESPISTE,1,2,1,ICA,ICA,SALAS,URBANA,CARRETERA,NACIONAL,PE-1S,NO,-13.934904228274034,-75.86539410116751,DESPEJADO,COMERCIAL,TRAMO RECTO,PLANA ,ASFALTADA,,,,,NO IDENTIFICA LA CAUSA,
A-2023-08-42,17/08/2023,03:00,ATROPELLO FUGA,1,0,,CUSCO,ANTA,ANTA,RURAL,CARRETERA,DEPARTAMENTAL,CU-110,NO,-13.453967,-72.172408,DESPEJADO,RURAL,TRAMO RECTO,PLANA ,AFIRMADO,,,,,IMPRUDENCIA DEL PEATÓN,ESTADO DE EBRIEDAD Y/O DROGADICCIÓN
A-2023-08-98,17/08/2023,11:45,ATROPELLO,1,0,,LIMA,LIMA,CHORRILLOS,URBANA,AVENIDA,URBANO,NO CORRESPONDE,NO,-12.16908081,-77.02416704,DESPEJADO,COMERCIAL,TRAMO RECTO,PLANA ,ASFALTADA,SI,REGULADORA (R),,SI,EN PROCESO DE INVESTIGACIÓN,NO CUENTA CON CAUSA ESPECIFICA
A-2023-08-149,17/08/2023,16:55,CHOQUE,1,1,2,TACNA,TACNA,CORONEL GREGORIO ALBARRACIN LANCHIPA,URBANA,AVENIDA,URBANO,NO CORRESPONDE,NO,-18.063487,-70.244533,DESPEJADO,RESIDENCIAL,TRAMO RECTO,PLANA ,ASFALTADA,,,,,IMPRUDENCIA DEL CONDUCTOR,DESACATO DE SEÑAL DE TRÁNSITO
A-2023-08-35,17/08/2023,20:00,DESPISTE,1,0,1,ANCASH,ANTONIO RAYMONDI,LLAMELLIN,RURAL,CARRETERA,NACIONAL,PE-1N,NO,-9.1023509,-77.01617725,DESPEJADO,RURAL,CURVA,INCLINADA,ASFALTADA,,,,,NO IDENTIFICA LA CAUSA,
A-2021-09-65,17/09/2021,05:40,ESPECIAL,1,0,1,TACNA,TACNA,CIUDAD NUEVA,URBANA,AVENIDA,URBANO,NO CORRESPONDE,NO,-17.976328,-70.23725,DESPEJADO,RESIDENCIAL,TRAMO RECTO,INCLINADA,ASFALTADA,,,,,IMPRUDENCIA DEL CONDUCTOR,OTRO (IMPRUDENCIA DEL CONDUCTOR)
A-2021-09-278,17/09/2021,14:00,CHOQUE,1,0,2,ANCASH,SANTA,CHIMBOTE,URBANA,JIRÓN,URBANO,NO CORRESPONDE,NO,-9.083483826740993,-78.57346631162113,DESPEJADO,RESIDENCIAL,INTERSECCIÓN,PLANA ,ASFALTADA,,,,,NO IDENTIFICA LA CAUSA,
A-2021-09-231,17/09/2021,17:15,CHOQUE,1,0,2,ICA,PISCO,PISCO,RURAL,CARRETERA,NACIONAL,PE-1SE,NO,-13.699175,-76.165262,DESPEJADO,RURAL,TRAMO RECTO,PLANA ,ASFALTADA,,,,,NO IDENTIFICA LA CAUSA,
A-2021-09-62,17/09/2021,22:45,CHOQUE,1,1,2,CUSCO,CALCA,LARES,URBANA,CARRETERA,SIN CLASIFICAR,SIN CLASIFICAR,NO,-13.184115,-72.062108,DESPEJADO,RESIDENCIAL,TRAMO RECTO,PLANA ,ASFALTADA,,,,,IMPRUDENCIA DEL CONDUCTOR,EXCESO DE VELOCIDAD
A-2022-09-89,17/09/2022,01:30,DESPISTE,1,1,1,CUSCO,CHUMBIVILCAS,VELILLE,RURAL,CARRETERA,NACIONAL,PE-3SW,NO,-14.647346650448807,-71.74718137447346,DESPEJADO,RURAL,CURVA,INCLINADA,ASFALTADA,SI,PREVENTIVA (P),PREVENTIVA (P),NO,IMPERICIA DEL CONDUCTOR,
A-2022-09-181,17/09/2022,03:20,CHOQUE,1,0,1,CALLAO,CALLAO,CALLAO,URBANA,CARRETERA,NACIONAL,PE-20,NO,-11.959308,-77.128291,DESPEJADO,INDUSTRIAL,TRAMO RECTO,PLANA ,ASFALTADA,SI,REGULADORA (R),,SI,IMPRUDENCIA DEL CONDUCTOR,CONDUCIR EN ESTADO DE EBRIEDAD Y/O DROGADICCIÓN
A-2022-09-142,17/09/2022,03:43,ATROPELLO FUGA,1,0,0,PUNO,SAN ROMAN,SAN MIGUEL,URBANA,CARRETERA,NACIONAL,PE-34H,NO,-15.4741577,-70.1138208,DESPEJADO,COMERCIAL,TRAMO RECTO,PLANA ,ASFALTADA,,,,,IMPRUDENCIA DEL CONDUCTOR,EXCESO DE VELOCIDAD
A-2022-09-193,17/09/2022,04:30,CHOQUE,1,0,2,CAJAMARCA,SAN IGNACIO,CHIRINOS,RURAL,CARRETERA,NACIONAL,PE-5N,NO,-5.256299,-78.823819,DESPEJADO,RURAL,CURVA,INCLINADA,ASFALTADA,NO,,,SI,NO IDENTIFICA LA CAUSA,
A-2022-09-119,17/09/2022,07:00,ATROPELLO FUGA,1,0,,ANCASH,YUNGAY,YUNGAY,URBANA,CARRETERA,NACIONAL,PE-3N,NO,-9.141556235369022,-77.74627407668684,DESPEJADO,RURAL,TRAMO RECTO,PLANA ,ASFALTADA,,,,,NO IDENTIFICA LA CAUSA,
A-2022-09-242,17/09/2022,11:30,DESPISTE,2,5,1,HUANCAVELICA,HUAYTARA,PILPICHACA,RURAL,CARRETERA,NACIONAL,PE-28E,NO,-13.324067,-75.007877,DESPEJADO,RURAL,TRAMO RECTO,PLANA ,TROCHA,,,,,IMPRUDENCIA DEL CONDUCTOR,FATIGA Y/O CANSANCIO
A-2022-09-177,17/09/2022,18:40,CHOQUE,1,2,2,CAJAMARCA,CHOTA,CHOROPAMPA,URBANA,CARRETERA,NACIONAL,PE-1N,NO,-6.396462,-78.3238694,DESPEJADO,RESIDENCIAL,TRAMO RECTO,PLANA ,ASFALTADA,,,,,NO IDENTIFICA LA CAUSA,
A-2022-09-256,17/09/2022,18:50,ATROPELLO,1,0,,JUNIN,SATIPO,SATIPO,URBANA,CARRETERA,NACIONAL,PE-24A,NO,-11.249406317114309,-74.63718148083223,DESPEJADO,COMERCIAL,INTERSECCIÓN,PLANA ,ASFALTADA,,,,,IMPRUDENCIA DEL PEATÓN,CRUCE INDEBIDO POR LA CALZADA
A-2022-09-167,17/09/2022,21:49,ATROPELLO FUGA,1,0,1,TACNA,TACNA,CORONEL GREGORIO ALBARRACIN LANCHIPA,URBANA,AVENIDA,URBANO,NO CORRESPONDE,NO,-18.047503,-70.256461,DESPEJADO,COMERCIAL,INTERSECCIÓN,PLANA ,ASFALTADA,,,,,NO IDENTIFICA LA CAUSA,
A-2022-09-64,17/09/2022,22:00,DESPISTE,1,3,1,LA LIBERTAD,OTUZCO,OTUZCO,RURAL,CARRETERA,DEPARTAMENTAL,LI-114,NO,-7.897976195900697,-78.55427114356121,DESPEJADO,RURAL,TRAMO RECTO,PLANA ,ASFALTADA,,,,,NO IDENTIFICA LA CAUSA,
A-2022-09-75,17/09/2022,23:30,CHOQUE,1,0,2,SAN MARTIN,RIOJA,RIOJA,URBANA,CARRETERA,NACIONAL,PE-5N,NO,-6.053877,-77.163105,DESPEJADO,COMERCIAL,TRAMO RECTO,PLANA ,ASFALTADA,,,,,IMPRUDENCIA DEL CONDUCTOR,OTRO (IMPRUDENCIA DEL CONDUCTOR)
A-2023-09-101,17/09/2023,02:00,DESPISTE,2,10,1,HUANCAVELICA,TAYACAJA,ACOSTAMBO,RURAL,CARRETERA,NACIONAL,PE-3S,NO,-12.38882710304525,-75.05701122139159,DESPEJADO,RURAL,TRAMO RECTO,INCLINADA,ASFALTADA,,,,,NEGLIGENCIA DEL CONDUCTOR,CONDUCIR CON FALLAS DE FRENOS
A-2023-09-40,17/09/2023,02:00,ATROPELLO FUGA,1,0,,APURIMAC,CHINCHEROS,HUACCANA,RURAL,CARRETERA,NACIONAL,PE-3S,NO,-13.472773070988938,-73.82694475932732,DESPEJADO,RURAL,TRAMO RECTO,PLANA ,ASFALTADA,NO,,,SI,EN PROCESO DE INVESTIGACIÓN,NO CUENTA CON CAUSA ESPECIFICA
A-2023-09-72,17/09/2023,03:20,CHOQUE FUGA,2,0,1,LA LIBERTAD,VIRU,VIRU,RURAL,CARRETERA,NACIONAL,PE-1N,NO,-8.434086,-78.768788,DESPEJADO,RURAL,TRAMO RECTO,PLANA ,ASFALTADA,,,,,NO IDENTIFICA LA CAUSA,
A-2023-09-26,17/09/2023,04:45,CHOQUE FUGA,1,1,1,SAN MARTIN,RIOJA,YURACYACU,RURAL,CARRETERA,DEPARTAMENTAL,SM-113,NO,-5.944139,-77.250069,DESPEJADO,RURAL,TRAMO RECTO,PLANA ,ASFALTADA,,,,,IMPRUDENCIA DEL CONDUCTOR,OTRO (IMPRUDENCIA DEL CONDUCTOR)
A-2023-09-73,17/09/2023,06:15,DESPISTE,1,0,1,LA LIBERTAD,PACASMAYO,GUADALUPE,RURAL,CARRETERA,NACIONAL,PE-08,NO,-7.304836959278705,-79.43457265070167,DESPEJADO,RURAL,TRAMO RECTO,PLANA ,ASFALTADA,,,,,NO IDENTIFICA LA CAUSA,
A-2023-09-103,17/09/2023,07:30,DESPISTE,1,0,1,UCAYALI,CORONEL PORTILLO,YARINACOCHA,URBANA,AVENIDA,URBANO,NO CORRESPONDE,NO,-8.3696889,-74.5670002,DESPEJADO,COMERCIAL,CURVA,PLANA ,CONCRETO,,,,,IMPRUDENCIA DEL CONDUCTOR,CONDUCIR EN ESTADO DE EBRIEDAD Y/O DROGADICCIÓN
A-2023-09-77,17/09/2023,17:30,DESPISTE,1,0,1,LA LIBERTAD,PATAZ,HUANCASPATA,RURAL,CARRETERA,NACIONAL,PE-10C,NO,-8.515026,-77.292021,DESPEJADO,RURAL,TRAMO RECTO,PLANA ,TROCHA,,,,,NO IDENTIFICA LA CAUSA,
A-2023-09-24,17/09/2023,21:35,ATROPELLO,1,0,1,PUNO,PUNO,PLATERIA,RURAL,CARRETERA,NACIONAL,PE-3S,NO,-15.94125,-69.862361,DESPEJADO,RURAL,TRAMO RECTO,PLANA ,ASFALTADA,,,,,IMPRUDENCIA DEL PEATÓN,ESTADO DE EBRIEDAD Y/O DROGADICCIÓN
A-2021-10-64,17/10/2021,01:30,ATROPELLO FUGA,1,0,1,CAJAMARCA,SAN MARCOS,GREGORIO PITA,RURAL,CARRETERA,NACIONAL,PE-3N,NO,-7.29288983,-78.20605241,LLUVIOSO,RURAL,TRAMO RECTO,INCLINADA,ASFALTADA,,,,,NO IDENTIFICA LA CAUSA,
A-2021-10-157,17/10/2021,03:30,CHOQUE,1,1,2,PIURA,PIURA,VEINTISEIS DE OCTUBRE,URBANA,CARRETERA,NACIONAL,PE-1N,NO,-5.185351,-80.692227,DESPEJADO,INDUSTRIAL,TRAMO RECTO,PLANA ,ASFALTADA,,,,,IMPERICIA DEL CONDUCTOR,
A-2021-10-55,17/10/2021,05:15,DESPISTE,1,4,1,AREQUIPA,AREQUIPA,JACOBO HUNTER,URBANA,CARRETERA,VECINAL,AR-561,NO,-16.454473,-71.563586,DESPEJADO,RESIDENCIAL,CURVA,INCLINADA,ASFALTADA,,,,,NO IDENTIFICA LA CAUSA,
A-2021-10-134,17/10/2021,05:45,CHOQUE,1,0,2,CALLAO,CALLAO,VENTANILLA,URBANA,CARRETERA,NACIONAL,PE-20,NO,-11.871167460788834,-77.12763899304517,DESPEJADO,RESIDENCIAL,TRAMO RECTO,PLANA ,ASFALTADA,NO,,,SI,IMPRUDENCIA DEL CONDUCTOR,OTRO (IMPRUDENCIA DEL CONDUCTOR)
A-2021-10-168,17/10/2021,06:30,CHOQUE,1,0,,CUSCO,ANTA,HUAROCONDO,RURAL,CARRETERA,DEPARTAMENTAL,CU-110,NO,-13.448742484212865,-72.20420027244724,DESPEJADO,RURAL,TRAMO RECTO,PLANA ,ASFALTADA,,,,,IMPRUDENCIA DEL CONDUCTOR,EXCESO DE VELOCIDAD
A-2021-10-154,17/10/2021,07:00,DESPISTE,1,0,1,AYACUCHO,HUAMANGA,SAN JUAN BAUTISTA,RURAL,CARRETERA,NACIONAL,PE-3S,NO,-13.205522,-74.214854,DESPEJADO,RURAL,TRAMO RECTO,INCLINADA,ASFALTADA,,,,,IMPRUDENCIA DEL CONDUCTOR,CONDUCIR EN ESTADO DE EBRIEDAD Y/O DROGADICCIÓN
A-2021-10-65,17/10/2021,08:00,DESPISTE,1,1,1,AYACUCHO,LUCANAS,LUCANAS,RURAL,CARRETERA,NACIONAL,PE-30A,NO,-14.6416945,-74.286133,DESPEJADO,RURAL,SINUOSA,PLANA ,ASFALTADA,,,,,NO IDENTIFICA LA CAUSA,
A-2021-10-183,17/10/2021,08:30,DESPISTE,1,0,1,PIURA,PIURA,CASTILLA,URBANA,AVENIDA,URBANO,NO CORRESPONDE,NO,-5.1967605,-80.623645,DESPEJADO,COMERCIAL,TRAMO RECTO,PLANA ,ASFALTADA,,,,,NO IDENTIFICA LA CAUSA,
A-2021-10-191,17/10/2021,13:55,ATROPELLO,1,0,0,LIMA,LIMA,LA VICTORIA,URBANA,AVENIDA,URBANO,NO CORRESPONDE,NO,-12.065986,-77.028915,DESPEJADO,COMERCIAL,TRAMO RECTO,PLANA ,ASFALTADA,,,,,NO IDENTIFICA LA CAUSA,
A-2021-10-66,17/10/2021,15:50,CHOQUE,1,1,2,SAN MARTIN,RIOJA,NUEVA CAJAMARCA,URBANA,CARRETERA,NACIONAL,PE-5N,NO,-5.813047,-77.388991,DESPEJADO,COMERCIAL,TRAMO RECTO,PLANA ,ASFALTADA,,,,,IMPRUDENCIA DEL CONDUCTOR,OTRO (IMPRUDENCIA DEL CONDUCTOR)
A-2021-10-192,17/10/2021,16:45,CHOQUE,1,1,0,LIMA,LIMA,CARABAYLLO,URBANA,AVENIDA,URBANO,NO CORRESPONDE,NO,-11.861128889695754,-77.03202892594477,DESPEJADO,RESIDENCIAL,TRAMO RECTO,PLANA ,ASFALTADA,,,,,NO IDENTIFICA LA CAUSA,
A-2021-10-144,17/10/2021,21:40,CHOQUE,1,0,1,CUSCO,ANTA,LIMATAMBO,URBANA,CARRETERA,NACIONAL,PE-3S,NO,-13.480359146160579,-72.44639397031499,DESPEJADO,RESIDENCIAL,TRAMO RECTO,PLANA ,ASFALTADA,,,,,IMPRUDENCIA DEL CONDUCTOR,EXCESO DE VELOCIDAD
A-2022-10-110,17/10/2022,03:30,CHOQUE FUGA,1,3,1,LAMBAYEQUE,LAMBAYEQUE,MOCHUMI,RURAL,CARRETERA,NACIONAL,PE-1NJ,NO,-6.5785914,-79.8746824,DESPEJADO,RURAL,TRAMO RECTO,PLANA ,ASFALTADA,,,,,NO IDENTIFICA LA CAUSA,
A-2022-10-29,17/10/2022,06:30,ATROPELLO,1,1,1,CUSCO,ANTA,ZURITE,RURAL,CARRETERA,NACIONAL,PE-3S,NO,-13.489434883491962,-72.24052265359757,DESPEJADO,RURAL,TRAMO RECTO,PLANA ,ASFALTADA,SI,REGULADORA (R),PREVENTIVA (P),SI,IMPRUDENCIA DEL CONDUCTOR,EXCESO DE VELOCIDAD
A-2022-10-45,17/10/2022,11:30,DESPISTE,1,0,1,ANCASH,HUARI,HUANTAR,RURAL,CARRETERA,DEPARTAMENTAL,AN-110,NO,-9.473790857008252,-77.14136172349451,DESPEJADO,RURAL,CURVA,INCLINADA,ASFALTADA,,,,,IMPERICIA DEL CONDUCTOR,
A-2023-10-80,17/10/2023,05:30,DESPISTE,1,5,1,LIMA,HUAURA,HUACHO,RURAL,CARRETERA,NACIONAL,PE-1N,NO,-11.33571,-77.46727,DESPEJADO,RURAL,TRAMO RECTO,PLANA ,ASFALTADA,,,,,IMPRUDENCIA DEL CONDUCTOR,FATIGA Y/O CANSANCIO
A-2023-10-79,17/10/2023,16:40,DESPISTE,1,3,1,LIMA,OYON,OYON,RURAL,CARRETERA,VECINAL,LM-599,NO,-10.508070729406093,-76.74588572107888,NIEBLA,RURAL,CURVA,INCLINADA,AFIRMADO,,,,,IMPRUDENCIA DEL CONDUCTOR,OTRO (IMPRUDENCIA DEL CONDUCTOR)
A-2023-10-41,17/10/2023,16:50,ATROPELLO,1,0,1,LA LIBERTAD,ASCOPE,CASA GRANDE,RURAL,CARRETERA,VECINAL,LI-621,NO,-7.658556,-79.243271,DESPEJADO,RURAL,TRAMO RECTO,PLANA ,TROCHA,,,,,IMPRUDENCIA DEL CONDUCTOR,OTRO (IMPRUDENCIA DEL CONDUCTOR)
A-2023-10-88,17/10/2023,19:15,ATROPELLO,1,0,,JUNIN,HUANCAYO,SAN AGUSTIN,URBANA,CARRETERA,NACIONAL,PE-3S,NO,-12.017494,-75.242797,DESPEJADO,COMERCIAL,TRAMO RECTO,PLANA ,ASFALTADA,NO,,,SI,IMPRUDENCIA DEL PEATÓN,CRUCE INDEBIDO POR LA CALZADA
A-2023-10-81,17/10/2023,23:20,DESPISTE,2,7,1,LIMA,HUAURA,HUAURA,RURAL,CARRETERA,NACIONAL,PE-1NE,NO,-11.101413968669668,-77.40114921141894,DESPEJADO,RURAL,TRAMO RECTO,PLANA ,ASFALTADA,,,,,IMPRUDENCIA DEL CONDUCTOR,FATIGA Y/O CANSANCIO
A-2021-11-165,17/11/2021,05:40,CHOQUE,1,1,0,LIMA,LIMA,LURIN,URBANA,CARRETERA,NACIONAL,PE-1S,NO,-12.276698676526445,-76.88912629060971,DESPEJADO,RESIDENCIAL,TRAMO RECTO,PLANA ,ASFALTADA,,,,,NO IDENTIFICA LA CAUSA,
A-2021-11-43,17/11/2021,08:00,CHOQUE,1,0,1,CAJAMARCA,CAJAMARCA,CAJAMARCA,URBANA,CARRETERA,NACIONAL,PE-08,NO,-7.17477274507342,-78.491620090553,DESPEJADO,INDUSTRIAL,INTERSECCIÓN,INCLINADA,AFIRMADO,,,,,IMPRUDENCIA DEL CONDUCTOR,CONDUCIR EN ESTADO DE EBRIEDAD Y/O DROGADICCIÓN
A-2021-11-85,17/11/2021,09:10,DESPISTE,2,2,1,LA LIBERTAD,SANCHEZ CARRION,HUAMACHUCO,RURAL,CARRETERA,NACIONAL,PE-3N,NO,-7.821043,-78.052167,DESPEJADO,RURAL,TRAMO RECTO,PLANA ,AFIRMADO,,,,,IMPRUDENCIA DEL CONDUCTOR,INVASIÓN DE CARRIL
A-2021-11-84,17/11/2021,10:00,CHOQUE,1,0,2,LA LIBERTAD,TRUJILLO,VICTOR LARCO HERRERA,RURAL,AVENIDA,URBANO,NO CORRESPONDE,NO,-8.141297,-79.059369,DESPEJADO,RURAL,INTERSECCIÓN,PLANA ,ASFALTADA,,,,,IMPRUDENCIA DEL CONDUCTOR,NO ESTABLECER EL DERECHO DE PASO
A-2021-11-168,17/11/2021,10:30,ATROPELLO,1,0,0,LIMA,LIMA,PUEBLO LIBRE,URBANA,AVENIDA,URBANO,NO CORRESPONDE,NO,-12.080674888187314,-77.05846725922301,DESPEJADO,RESIDENCIAL,INTERSECCIÓN,PLANA ,ASFALTADA,,,,,NO IDENTIFICA LA CAUSA,
A-2021-11-86,17/11/2021,13:00,CHOQUE,1,0,2,LA LIBERTAD,TRUJILLO,POROTO,RURAL,CARRETERA,NACIONAL,PE-10A,NO,-8.002149,-78.76972,DESPEJADO,RURAL,TRAMO RECTO,PLANA ,ASFALTADA,,,,,IMPRUDENCIA DEL CONDUCTOR,INVASIÓN DE CARRIL
A-2021-11-232,17/11/2021,19:30,ATROPELLO FUGA,1,0,1,AREQUIPA,CAMANA,SAMUEL PASTOR,RURAL,CARRETERA,NACIONAL,PE-1S,NO,-16.62827020553261,-72.6930890789305,DESPEJADO,RURAL,TRAMO RECTO,PLANA ,ASFALTADA,,,,,NO IDENTIFICA LA CAUSA,
A-2021-11-87,17/11/2021,23:30,ATROPELLO FUGA,1,0,1,LA LIBERTAD,TRUJILLO,SALAVERRY,RURAL,CARRETERA,NACIONAL,PE-1N,NO,-8.25924,-78.931955,DESPEJADO,RURAL,TRAMO RECTO,PLANA ,ASFALTADA,,,,,NO IDENTIFICA LA CAUSA,
A-2022-11-7,17/11/2022,05:00,ATROPELLO FUGA,1,0,0,ICA,PISCO,TUPAC AMARU INCA,RURAL,CARRETERA,NACIONAL,PE-1S,NO,-13.692376,-76.15555,DESPEJADO,RURAL,TRAMO RECTO,PLANA ,ASFALTADA,,,,,NO IDENTIFICA LA CAUSA,
A-2022-11-31,17/11/2022,05:50,ATROPELLO,1,0,1,CUSCO,URUBAMBA,YUCAY,URBANA,CARRETERA,NACIONAL,PE-28B,NO,-13.323544391560457,-72.08126416001991,DESPEJADO,RESIDENCIAL,INTERSECCIÓN,PLANA ,ASFALTADA,NO,,,SI,IMPRUDENCIA DEL CONDUCTOR,EXCESO DE VELOCIDAD
A-2022-11-54,17/11/2022,18:30,CHOQUE,2,0,2,PUNO,EL COLLAO,PILCUYO,RURAL,CARRETERA,VECINAL,PU-1180,NO,-16.060408,-69.481173,DESPEJADO,RURAL,TRAMO RECTO,PLANA ,ASFALTADA,,,,,IMPRUDENCIA DEL CONDUCTOR,GIRAR IMPRUDENTEMENTE
A-2023-11-84,17/11/2023,04:00,ATROPELLO,1,0,,JUNIN,JAUJA,APATA,RURAL,CARRETERA,VECINAL,JU-1146,NO,-11.836813,-75.332099,DESPEJADO,RURAL,TRAMO RECTO,PLANA ,ASFALTADA,SI,PREVENTIVA (P),,NO,IMPRUDENCIA DEL CONDUCTOR,OTRO (IMPRUDENCIA DEL CONDUCTOR)
A-2023-11-72,17/11/2023,05:00,CHOQUE,1,2,2,PUNO,SAN ROMAN,JULIACA,RURAL,AVENIDA,URBANO,NO CORRESPONDE,NO,-15.508990764074426,-70.13181564361365,DESPEJADO,RURAL,CURVA,INCLINADA,ASFALTADA,,,,,IMPRUDENCIA DEL CONDUCTOR,CONDUCIR EN ESTADO DE EBRIEDAD Y/O DROGADICCIÓN
A-2023-11-49,17/11/2023,05:50,ATROPELLO,1,0,1,LA LIBERTAD,VIRU,VIRU,RURAL,CARRETERA,NACIONAL,PE-1N,NO,-8.4327699,-78.7718468,DESPEJADO,RURAL,TRAMO RECTO,PLANA ,ASFALTADA,,,,,NO IDENTIFICA LA CAUSA,
A-2023-11-73,17/11/2023,08:30,ATROPELLO,1,0,1,PUNO,SAN ROMAN,CABANA,RURAL,CARRETERA,NACIONAL,PE-34A,NO,-15.56271647194228,-70.24105123062142,DESPEJADO,RURAL,TRAMO RECTO,PLANA ,ASFALTADA,,,,,IMPRUDENCIA DEL CONDUCTOR,EXCESO DE VELOCIDAD
A-2023-11-96,17/11/2023,10:30,DESPISTE,2,5,1,AREQUIPA,CAYLLOMA,HUANCA,RURAL,CARRETERA,VECINAL,AR-706,NO,-16.059055,-71.871447,DESPEJADO,RURAL,CURVA,INCLINADA,TROCHA,,,,,NO IDENTIFICA LA CAUSA,
A-2023-11-33,17/11/2023,11:50,DESPISTE,3,0,1,APURIMAC,ANDAHUAYLAS,TALAVERA,RURAL,CARRETERA,DEPARTAMENTAL,AP-102,NO,-13.624194,-73.455308,DESPEJADO,RURAL,TRAMO RECTO,INCLINADA,CASCAJO/RIPIO,,,,,IMPRUDENCIA DEL CONDUCTOR,CONDUCIR EN ESTADO DE EBRIEDAD Y/O DROGADICCIÓN
A-2023-11-95,17/11/2023,12:40,DESPISTE,1,1,1,AREQUIPA,LA UNION,HUAYNACOTAS,RURAL,CARRETERA,DEPARTAMENTAL,AR-105,NO,-14.7547768453233,-72.7354812705576,DESPEJADO,RURAL,TRAMO RECTO,PLANA ,AFIRMADO,,,,,NO IDENTIFICA LA CAUSA,
A-2023-11-35,17/11/2023,22:45,ATROPELLO,1,0,2,PUNO,PUNO,PUNO,URBANA,AVENIDA,URBANO,NO CORRESPONDE,NO,-15.826731,-70.029974,DESPEJADO,ESCOLAR,TRAMO RECTO,PLANA ,ASFALTADA,,,,,IMPRUDENCIA DEL PEATÓN,ESTADO DE EBRIEDAD Y/O DROGADICCIÓN
A-2021-12-62,17/12/2021,07:00,DESPISTE,1,0,1,HUANCAVELICA,HUAYTARA,PILPICHACA,RURAL,CARRETERA,NACIONAL,PE-28A,NO,-13.36614,-74.95486,DESPEJADO,RURAL,CURVA,INCLINADA,ASFALTADA,SI,PREVENTIVA (P),,SI,NO IDENTIFICA LA CAUSA,
A-2021-12-73,17/12/2021,11:40,CHOQUE,2,0,2,LA LIBERTAD,SANCHEZ CARRION,HUAMACHUCO,RURAL,CARRETERA,NACIONAL,PE-3N,NO,-7.874474,-78.115444,DESPEJADO,RURAL,TRAMO RECTO,PLANA ,AFIRMADO,,,,,IMPRUDENCIA DEL CONDUCTOR,CONDUCIR EN ESTADO DE EBRIEDAD Y/O DROGADICCIÓN
A-2021-12-129,17/12/2021,23:00,DESPISTE,1,2,2,PIURA,SECHURA,RINCONADA LLICUAR,URBANA,CARRETERA,VECINAL,PI-1044,NO,-5.4703957,-80.7676711,DESPEJADO,COMERCIAL,TRAMO RECTO,PLANA ,ASFALTADA,,,,,NO IDENTIFICA LA CAUSA,
A-2022-12-227,17/12/2022,02:09,DESPISTE,1,0,,LORETO,MAYNAS,SAN JUAN BAUTISTA,URBANA,AVENIDA,URBANO,NO CORRESPONDE,NO,-3.7791599,-73.279583,DESPEJADO,RURAL,CURVA,INCLINADA,ASFALTADA,,,,,IMPRUDENCIA DEL CONDUCTOR,EXCESO DE VELOCIDAD
A-2022-12-195,17/12/2022,04:00,DESPISTE,1,0,1,PIURA,PIURA,PIURA,URBANA,AVENIDA,URBANO,NO CORRESPONDE,SI,-5.16419502051092,-80.64683133915902,DESPEJADO,INDUSTRIAL,TRAMO RECTO,PLANA ,ASFALTADA,NO,,,SI,IMPRUDENCIA DEL CONDUCTOR,CONDUCIR EN ESTADO DE EBRIEDAD Y/O DROGADICCIÓN