CÓDIGO SINIESTRO,FECHA SINIESTRO,HORA SINIESTRO,CLASE SINIESTRO,CANTIDAD DE FALLECIDOS,CANTIDAD DE LESIONADOS,CANTIDAD DE VEHICULOS DAÑADOS,DEPARTAMENTO,PROVINCIA,DISTRITO,ZONA,TIPO DE VÍA,RED VIAL,COD CARRETERA,EXISTE CICLOVÍA,COORDENADAS LATITUD,COORDENADAS  LONGITUD,CONDICIÓN CLIMÁTICA,ZONIFICACIÓN,CARACTERÍSTICAS DE VÍA,PERFIL LONGITUDINAL VÍA,SUPERFICIE DE CALZADA,¿EXISTE SEÑAL VERTICAL?,CLASIFICACIÓN DE LA SEÑAL VERTICAL Nº 1,CLASIFICACIÓN DE LA SEÑAL VERTICAL Nº 2,¿EXISTE SEÑAL HORIZONTAL?,CAUSA FACTOR PRINCIPAL,CAUSA ESPECÍFICA
A-2021-05-211,18/05/2021,22:15,CHOQUE,1,3,,PUNO,MELGAR,MACARI,RURAL,CARRETERA,DEPARTAMENTAL,PU-125,,-14.767174420860925,-70.93875286479684,,,,,,,,,,,
A-2022-05-260,18/05/2022,05:40,ATROPELLO FUGA,1,0,,LIMA,LIMA,SAN JUAN DE LURIGANCHO,URBANA,AVENIDA,URBANO,NO CORRESPONDE,,-11.97259,-76.99189,,,,,,,,,,,
A-2022-05-99,18/05/2022,08:00,CHOQUE,2,0,2,AREQUIPA,AREQUIPA,CERRO COLORADO,URBANA,CARRETERA,NACIONAL,PE-34A,NO,-16.400563605979364,-71.58423260368195,DESPEJADO,COMERCIAL,INTERSECCIÓN,INCLINADA,ASFALTADA,,,,,NO IDENTIFICA LA CAUSA,
A-2022-05-139,18/05/2022,15:45,DESPISTE,2,2,1,ANCASH,SIHUAS,SAN JUAN,RURAL,CARRETERA,VECINAL,AN-575,NO,-8.601897639050883,-77.5813508444709,DESPEJADO,RURAL,SINUOSA,PLANA ,AFIRMADO,,,,,NO IDENTIFICA LA CAUSA,
A-2023-05-33,18/05/2023,00:18,DESPISTE,1,0,1,CUSCO,CHUMBIVILCAS,LLUSCO,RURAL,CARRETERA,VECINAL,CU-1901,NO,-14.344158,-72.135893,DESPEJADO,RURAL,TRAMO RECTO,INCLINADA,AFIRMADO,,,,,IMPRUDENCIA DEL CONDUCTOR,EXCESO DE VELOCIDAD
A-2023-05-90,18/05/2023,07:30,ATROPELLO,1,0,1,PUNO,HUANCANE,TARACO,RURAL,CARRETERA,SIN CLASIFICAR,SIN CLASIFICAR,NO,-15.276588,-69.957304,DESPEJADO,RURAL,TRAMO RECTO,PLANA ,TROCHA,,,,,IMPRUDENCIA DEL CONDUCTOR,EXCESO DE VELOCIDAD
A-2023-05-24,18/05/2023,07:54,ATROPELLO,1,0,,AMAZONAS,CHACHAPOYAS,CHACHAPOYAS,URBANA,AVENIDA,URBANO,NO CORRESPONDE,,-6.24623,-77.891027,,,,,,,,,,,
A-2023-05-70,18/05/2023,20:40,ATROPELLO,1,0,1,LA LIBERTAD,TRUJILLO,HUANCHACO,URBANA,CARRETERA,NACIONAL,PE-1N,NO,-8.010899,-79.070726,DESPEJADO,COMERCIAL,CURVA,PLANA ,ASFALTADA,,,,,NO IDENTIFICA LA CAUSA,
A-2021-06-108,18/06/2021,03:30,DESPISTE,26,17,1,AYACUCHO,LUCANAS,LEONCIO PRADO,RURAL,CARRETERA,NACIONAL,PE-30A,NO,-14.839697,-74.730312,NIEBLA,RURAL,SINUOSA,INCLINADA,ASFALTADA,SI,PREVENTIVA (P),INFORMATIVA (I),SI,INFRAESTRUCTURA Y ENTORNO VIAL,FACTOR AMBIENTAL
A-2021-06-295,18/06/2021,12:30,ATROPELLO,1,0,1,JUNIN,JAUJA,CANCHAYLLO,RURAL,CARRETERA,NACIONAL,PE-3S,NO,-11.768112,-75.708467,DESPEJADO,RURAL,TRAMO RECTO,PLANA ,ASFALTADA,SI,PREVENTIVA (P),PREVENTIVA (P),NO,IMPRUDENCIA DEL PEATÓN,ESTADO DE EBRIEDAD Y/O DROGADICCIÓN
A-2021-06-205,18/06/2021,16:40,ATROPELLO,1,0,1,LAMBAYEQUE,LAMBAYEQUE,OLMOS,URBANA,CARRETERA,NACIONAL,PE-04A,NO,-5.991799,-79.747818,SOLEADO,RESIDENCIAL,TRAMO RECTO,PLANA ,CONCRETO,,,,,NO IDENTIFICA LA CAUSA,
A-2021-06-354,18/06/2021,18:15,VOLCADURA,1,0,2,SAN MARTIN,EL DORADO,SAN JOSE DE SISA,RURAL,CARRETERA,DEPARTAMENTAL,SM-102,NO,-6.61632,-76.69797,SOLEADO,RURAL,TRAMO RECTO,PLANA ,ASFALTADA,NO,,,SI,IMPRUDENCIA DEL CONDUCTOR,CONDUCIR EN ESTADO DE EBRIEDAD Y/O DROGADICCIÓN
A-2021-06-235,18/06/2021,19:30,CHOQUE,1,0,2,LA LIBERTAD,TRUJILLO,HUANCHACO,RURAL,CARRETERA,NACIONAL,PE-1N,NO,-7.992123,-79.075046,DESPEJADO,RURAL,TRAMO RECTO,PLANA ,ASFALTADA,,,,,NO IDENTIFICA LA CAUSA,
A-2021-06-140,18/06/2021,19:40,ATROPELLO,1,0,1,AREQUIPA,CAYLLOMA,MAJES,RURAL,CARRETERA,NACIONAL,PE-1S,NO,-16.43124767221205,-72.30939473733457,DESPEJADO,RURAL,CURVA,PLANA ,ASFALTADA,NO,,,SI,NO IDENTIFICA LA CAUSA,
A-2021-06-143,18/06/2021,22:30,DESPISTE,1,0,1,PIURA,PIURA,CATACAOS,RURAL,CARRETERA,SIN CLASIFICAR,SIN CLASIFICAR,NO,-5.219235,-80.666598,DESPEJADO,RURAL,TRAMO RECTO,PLANA ,ASFALTADA,SI,REGULADORA (R),REGULADORA (R),NO,IMPRUDENCIA DEL CONDUCTOR,EXCESO DE VELOCIDAD
A-2022-06-107,18/06/2022,04:30,CHOQUE,1,0,,TACNA,TACNA,TACNA,URBANA,AVENIDA,URBANO,NO CORRESPONDE,NO,-17.99720725083975,-70.24022663662474,DESPEJADO,COMERCIAL,TRAMO RECTO,PLANA ,ASFALTADA,,,,,IMPRUDENCIA DEL CONDUCTOR,CONDUCIR EN ESTADO DE EBRIEDAD Y/O DROGADICCIÓN
A-2022-06-232,18/06/2022,05:20,CHOQUE,2,0,,JUNIN,CHANCHAMAYO,PERENE,RURAL,CARRETERA,NACIONAL,PE-5S,,-10.871685844465276,-75.02139653533249,,,,,,,,,,,
A-2022-06-206,18/06/2022,06:15,CHOQUE,1,1,,LIMA,LIMA,ANCON,URBANA,CARRETERA,NACIONAL,PE-1N,NO,-11.783713693158605,-77.15584501205656,DESPEJADO,INDUSTRIAL,TRAMO RECTO,PLANA ,ASFALTADA,,,,,NO IDENTIFICA LA CAUSA,
A-2022-06-173,18/06/2022,06:45,CHOQUE,2,0,,ANCASH,CASMA,CASMA,RURAL,CARRETERA,NACIONAL,PE-1N,NO,-9.537932192874925,-78.27469914507645,DESPEJADO,RURAL,TRAMO RECTO,PLANA ,ASFALTADA,,,,,NO IDENTIFICA LA CAUSA,
A-2022-06-28,18/06/2022,08:40,ATROPELLO,1,0,,PUNO,EL COLLAO,ILAVE,RURAL,CARRETERA,NACIONAL,PE-38A,NO,-16.2790519,-69.685407,DESPEJADO,RURAL,TRAMO RECTO,PLANA ,ASFALTADA,,,,,IMPRUDENCIA DEL PEATÓN,CRUCE INDEBIDO POR LA CALZADA
A-2022-06-205,18/06/2022,09:00,ATROPELLO,1,0,,LIMA,LIMA,SAN MARTIN DE PORRES,URBANA,AVENIDA,URBANO,NO CORRESPONDE,NO,-12.024429804425798,-77.05142673371772,DESPEJADO,COMERCIAL,TRAMO RECTO,PLANA ,ASFALTADA,,,,,NO IDENTIFICA LA CAUSA,
A-2022-06-56,18/06/2022,09:00,ATROPELLO,1,0,0,CUSCO,CUSCO,SAN SEBASTIAN,URBANA,CALLE,URBANO,NO CORRESPONDE,NO,-13.5356522,-71.91255119,SOLEADO,COMERCIAL,CURVA,INCLINADA,ASFALTADA,,,,,IMPRUDENCIA DEL PEATÓN,ESTADO DE EBRIEDAD Y/O DROGADICCIÓN
A-2022-06-55,18/06/2022,12:30,CHOQUE,1,0,2,CUSCO,URUBAMBA,CHINCHERO,URBANA,CALLE,URBANO,NO CORRESPONDE,NO,-13.3896196,-72.055969517,DESPEJADO,RURAL,TRAMO RECTO,PLANA ,ASFALTADA,,,,,IMPRUDENCIA DEL CONDUCTOR,GIRAR IMPRUDENTEMENTE
A-2022-06-207,18/06/2022,20:20,ATROPELLO,1,0,,LIMA,LIMA,SANTA ANITA,URBANA,AVENIDA,URBANO,NO CORRESPONDE,NO,-12.036155960337483,-76.9605749077203,DESPEJADO,COMERCIAL,TRAMO RECTO,PLANA ,ASFALTADA,,,,,NO IDENTIFICA LA CAUSA,
A-2022-06-227,18/06/2022,20:30,ATROPELLO FUGA,1,0,,JUNIN,JAUJA,PARCO,URBANA,CARRETERA,NACIONAL,PE-3S,NO,-11.8000124,-75.543203,DESPEJADO,RURAL,TRAMO RECTO,PLANA ,CONCRETO,,,,,NO IDENTIFICA LA CAUSA,
A-2022-06-65,18/06/2022,22:00,DESPISTE,1,0,1,CUSCO,ANTA,CHINCHAYPUJIO,RURAL,CARRETERA,NACIONAL,PE-3SF,NO,-13.6905237,-72.3205757,DESPEJADO,RURAL,CURVA,INCLINADA,ASFALTADA,SI,PREVENTIVA (P),,NO,IMPRUDENCIA DEL CONDUCTOR,FATIGA Y/O CANSANCIO
A-2022-06-208,18/06/2022,23:00,ATROPELLO,1,0,,LIMA,LIMA,SAN JUAN DE LURIGANCHO,URBANA,AVENIDA,URBANO,NO CORRESPONDE,NO,-12.016034926909466,-76.96553167222483,DESPEJADO,COMERCIAL,INTERSECCIÓN,PLANA ,ASFALTADA,,,,,NO IDENTIFICA LA CAUSA,
A-2022-06-226,18/06/2022,23:00,ATROPELLO FUGA,1,0,,JUNIN,CONCEPCION,CONCEPCION,URBANA,AVENIDA,URBANO,NO CORRESPONDE,NO,-11.9036665389972,-75.3088812826849,DESPEJADO,RURAL,TRAMO RECTO,PLANA ,CONCRETO,,,,,NO IDENTIFICA LA CAUSA,
A-2022-06-71,18/06/2022,23:20,CHOQUE,1,0,2,LAMBAYEQUE,CHICLAYO,LAGUNAS,RURAL,CARRETERA,NACIONAL,PE-1N,NO,-6.99424,-79.6189,DESPEJADO,INDUSTRIAL,TRAMO RECTO,PLANA ,ASFALTADA,,,,,NO IDENTIFICA LA CAUSA,
A-2023-06-39,18/06/2023,02:41,ATROPELLO FUGA,1,0,,CUSCO,CUSCO,SAN SEBASTIAN,URBANA,AVENIDA,URBANO,NO CORRESPONDE,NO,-13.532598,-71.919976,DESPEJADO,COMERCIAL,TRAMO RECTO,PLANA ,ASFALTADA,SI,PREVENTIVA (P),,NO,IMPRUDENCIA DEL PEATÓN,ESTADO DE EBRIEDAD Y/O DROGADICCIÓN
A-2023-06-141,18/06/2023,06:00,ATROPELLO FUGA,1,0,,LIMA,LIMA,ATE,URBANA,CARRETERA,NACIONAL,PE-22,NO,-12.00829,-76.860486,DESPEJADO,INDUSTRIAL,TRAMO RECTO,INCLINADA,ASFALTADA,,,,,EN PROCESO DE INVESTIGACIÓN,NO CUENTA CON CAUSA ESPECIFICA
A-2023-06-101,18/06/2023,06:20,CHOQUE FUGA,1,0,2,PIURA,PIURA,CASTILLA,URBANA,CARRETERA,NACIONAL,PE-1NJ,NO,-5.193530793231174,-80.61389743833014,DESPEJADO,COMERCIAL,TRAMO RECTO,PLANA ,ASFALTADA,,,,,IMPRUDENCIA DEL CONDUCTOR,EXCESO DE VELOCIDAD
A-2023-06-29,18/06/2023,07:10,CHOQUE,1,0,,AREQUIPA,AREQUIPA,VITOR,URBANA,CARRETERA,NACIONAL,PE-1S,NO,-16.4812985,-71.905956782,SOLEADO,RURAL,TRAMO RECTO,INCLINADA,ASFALTADA,,,,,EN PROCESO DE INVESTIGACIÓN,NO CUENTA CON CAUSA ESPECIFICA
A-2023-06-66,18/06/2023,07:40,CAÍDA DE PASAJERO,1,0,1,LA LIBERTAD,TRUJILLO,SALAVERRY,URBANA,CALLE,URBANO,NO CORRESPONDE,NO,-8.192137,-78.98095,DESPEJADO,RURAL,TRAMO RECTO,PLANA ,ASFALTADA,,,,,NO IDENTIFICA LA CAUSA,
A-2023-06-22,18/06/2023,11:00,DESPISTE,1,0,1,LIMA,HUAURA,SANTA MARIA,URBANA,CARRETERA,VECINAL,LM-652,NO,-11.093723107060166,-77.57393715840348,DESPEJADO,RESIDENCIAL,TRAMO RECTO,PLANA ,ASFALTADA,,,,,IMPRUDENCIA DEL CONDUCTOR,CONDUCIR EN ESTADO DE EBRIEDAD Y/O DROGADICCIÓN
A-2023-06-60,18/06/2023,16:30,CHOQUE CON OBJETO FIJO,1,0,1,PUNO,YUNGUYO,YUNGUYO,URBANA,AVENIDA,URBANO,NO CORRESPONDE,NO,-16.2517237,-69.0908728,DESPEJADO,COMERCIAL,TRAMO RECTO,PLANA ,CONCRETO,,,,,IMPRUDENCIA DEL CONDUCTOR,OTRO (IMPRUDENCIA DEL CONDUCTOR)
A-2023-06-68,18/06/2023,19:00,CHOQUE,1,0,2,LA LIBERTAD,VIRU,CHAO,RURAL,CARRETERA,NACIONAL,PE-1N,NO,-8.564295,-78.673883,DESPEJADO,RURAL,TRAMO RECTO,PLANA ,ASFALTADA,,,,,NO IDENTIFICA LA CAUSA,
A-2023-06-18,18/06/2023,20:15,ATROPELLO,1,0,1,ANCASH,YUNGAY,YUNGAY,RURAL,CARRETERA,VECINAL,AN-829,NO,-9.067240648699455,-77.74595258136482,DESPEJADO,RURAL,TRAMO RECTO,PLANA ,ASFALTADA,SI,REGULADORA (R),PREVENTIVA (P),SI,NO IDENTIFICA LA CAUSA,
A-2023-06-30,18/06/2023,20:20,CHOQUE,1,2,2,SAN MARTIN,RIOJA,NUEVA CAJAMARCA,RURAL,CARRETERA,SIN CLASIFICAR,SIN CLASIFICAR,NO,-5.9497686,-77.2911855,DESPEJADO,RURAL,CURVA,PLANA ,ASFALTADA,,,,,IMPRUDENCIA DEL CONDUCTOR,INVASIÓN DE CARRIL
A-2023-06-63,18/06/2023,20:46,DESPISTE,3,2,1,PUNO,CHUCUITO,HUACULLANI,RURAL,CARRETERA,NACIONAL,PE-36A,NO,-16.664977185860323,-69.49539723914677,DESPEJADO,RURAL,CURVA,PLANA ,ASFALTADA,,,,,IMPRUDENCIA DEL CONDUCTOR,INVASIÓN DE CARRIL
A-2021-07-99,18/07/2021,04:10,CHOQUE CON OBJETO FIJO,1,0,1,LORETO,MAYNAS,IQUITOS,URBANA,AVENIDA,URBANO,NO CORRESPONDE,NO,-3.7483069354641345,-73.2589226315963,DESPEJADO,COMERCIAL,TRAMO RECTO,PLANA ,ASFALTADA,,,,,NO IDENTIFICA LA CAUSA,
A-2021-07-199,18/07/2021,04:30,ATROPELLO,1,0,1,LIMA,HUAURA,HUACHO,URBANA,CARRETERA,NACIONAL,PE-1N,NO,-11.119981707588021,-77.59402055291598,DESPEJADO,RURAL,INTERSECCIÓN,PLANA ,ASFALTADA,SI,REGULADORA (R),INFORMATIVA (I),NO,IMPRUDENCIA DEL PEATÓN,CRUCE INDEBIDO POR LA CALZADA
A-2021-07-91,18/07/2021,04:30,ATROPELLO,1,0,1,TACNA,TACNA,SAMA,RURAL,CARRETERA,NACIONAL,PE-1S,NO,-17.876742,-70.451452,DESPEJADO,RURAL,TRAMO RECTO,PLANA ,ASFALTADA,,,,,IMPRUDENCIA DEL PEATÓN,OTRO (IMPRUDENCIA DEL PEATÓN)
A-2021-07-224,18/07/2021,08:30,DESPISTE,1,4,1,JUNIN,HUANCAYO,HUANCAYO,RURAL,CARRETERA,DEPARTAMENTAL,JU-108,NO,-11.95518,-75.04378,DESPEJADO,RURAL,OTRO,PLANA ,AFIRMADO,SI,PREVENTIVA (P),,NO,IMPRUDENCIA DEL CONDUCTOR,GIRAR IMPRUDENTEMENTE
A-2021-07-95,18/07/2021,10:35,DESPISTE,1,0,1,AREQUIPA,CAYLLOMA,SIBAYO,RURAL,CARRETERA,VECINAL,AR-683,NO,-15.50927,-71.49057,DESPEJADO,RURAL,CURVA,INCLINADA,TROCHA,,,,,NO IDENTIFICA LA CAUSA,
A-2021-07-238,18/07/2021,12:31,CHOQUE,1,0,1,PIURA,TALARA,EL ALTO,RURAL,CARRETERA,NACIONAL,PE-1N,NO,-4.228173353940337,-81.17287156157471,DESPEJADO,RURAL,SINUOSA,INCLINADA,ASFALTADA,SI,PREVENTIVA (P),,SI,,
A-2021-07-222,18/07/2021,15:20,CHOQUE,1,2,2,LIMA,BARRANCA,BARRANCA,RURAL,CARRETERA,DEPARTAMENTAL,LM-100,NO,-10.730304082998611,-77.77765093308459,DESPEJADO,RURAL,CURVA,PLANA ,ASFALTADA,,,,,NO IDENTIFICA LA CAUSA,
A-2021-07-155,18/07/2021,17:00,DESPISTE,1,0,1,LA LIBERTAD,SANTIAGO DE CHUCO,SANTIAGO DE CHUCO,RURAL,CARRETERA,DEPARTAMENTAL,LI-122,SI,-8.152446,-78.172287,DESPEJADO,RURAL,TRAMO RECTO,PLANA ,AFIRMADO,,,,,IMPRUDENCIA DEL CONDUCTOR,OTRO (IMPRUDENCIA DEL CONDUCTOR)
A-2021-07-299,18/07/2021,18:40,ATROPELLO FUGA,1,0,,ANCASH,HUARMEY,HUARMEY,RURAL,CARRETERA,DEPARTAMENTAL,AN-109,NO,-9.994870343345976,-77.87472804855625,DESPEJADO,RURAL,CURVA,INCLINADA,ASFALTADA,,,,,NO IDENTIFICA LA CAUSA,
A-2021-07-112,18/07/2021,19:00,DESPISTE,1,0,1,CAJAMARCA,SANTA CRUZ,UTICYACU,RURAL,CARRETERA,SIN CLASIFICAR,SIN CLASIFICAR,NO,-6.609316,-78.772981,DESPEJADO,RURAL,CURVA,INCLINADA,ASFALTADA,,,,,NEGLIGENCIA DEL CONDUCTOR,CONDUCIR CON FALLAS DE FRENOS
A-2021-07-254,18/07/2021,19:00,CHOQUE,1,0,0,LIMA,LIMA,CARABAYLLO,URBANA,CARRETERA,NACIONAL,PE-20A,NO,-11.749137125445165,-76.96752013826908,DESPEJADO,RESIDENCIAL,TRAMO RECTO,PLANA ,ASFALTADA,,,,,IMPRUDENCIA DEL CONDUCTOR,EXCESO DE VELOCIDAD
A-2021-07-148,18/07/2021,19:20,CHOQUE FUGA,1,1,,LIMA,HUAURA,VEGUETA,RURAL,CARRETERA,NACIONAL,PE-1N,,-10.92706561404527,-77.6518670560507,,,,,,,,,,,
A-2021-07-101,18/07/2021,23:00,ATROPELLO FUGA,1,0,0,AREQUIPA,AREQUIPA,CERRO COLORADO,URBANA,CARRETERA,NACIONAL,PE-34A,NO,-16.3122898,-71.6097602,DESPEJADO,COMERCIAL,TRAMO RECTO,INCLINADA,ASFALTADA,NO,,,SI,NO IDENTIFICA LA CAUSA,
A-2022-07-171,18/07/2022,04:30,ATROPELLO FUGA,1,0,,LIMA,LIMA,VILLA EL SALVADOR,URBANA,CARRETERA,NACIONAL,PE-1S,NO,-12.195246,-76.972876,DESPEJADO,COMERCIAL,TRAMO RECTO,PLANA ,ASFALTADA,,,,,NO IDENTIFICA LA CAUSA,
A-2022-07-50,18/07/2022,05:20,CHOQUE,1,0,2,SAN MARTIN,RIOJA,RIOJA,RURAL,CARRETERA,NACIONAL,PE-5N,NO,-6.035245,-77.199399,NUBLADO,RURAL,TRAMO RECTO,PLANA ,ASFALTADA,,,,,IMPRUDENCIA DEL CONDUCTOR,OTRO (IMPRUDENCIA DEL CONDUCTOR)
A-2022-07-114,18/07/2022,08:10,DESPISTE,2,3,1,HUANCAVELICA,HUANCAVELICA,ACORIA,RURAL,CARRETERA,SIN CLASIFICAR,SIN CLASIFICAR,NO,-12.602246,-74.89356,DESPEJADO,RURAL,CURVA,INCLINADA,AFIRMADO,,,,,NO IDENTIFICA LA CAUSA,
A-2022-07-113,18/07/2022,10:30,DESPISTE,1,2,1,HUANCAVELICA,ANGARAES,HUANCA-HUANCA,RURAL,CARRETERA,DEPARTAMENTAL,HV-108,NO,-12.92037,-74.60971,DESPEJADO,RURAL,CURVA,INCLINADA,CASCAJO/RIPIO,,,,,NO IDENTIFICA LA CAUSA,
A-2022-07-48,18/07/2022,18:30,ATROPELLO,1,2,1,CUSCO,ANTA,ANCAHUASI,RURAL,CARRETERA,SIN CLASIFICAR,SIN CLASIFICAR,NO,-13.4602008,-72.3032086,DESPEJADO,RURAL,TRAMO RECTO,INCLINADA,ASFALTADA,SI,REGULADORA (R),,SI,IMPRUDENCIA DEL PEATÓN,ESTADO DE EBRIEDAD Y/O DROGADICCIÓN
A-2022-07-156,18/07/2022,20:05,ATROPELLO,1,0,1,PUNO,PUNO,PAUCARCOLLA,RURAL,CARRETERA,NACIONAL,PE-3S,NO,-15.6436849,-70.0829097,SOLEADO,RURAL,TRAMO RECTO,PLANA ,ASFALTADA,,,,,IMPRUDENCIA DEL PEATÓN,CRUCE INDEBIDO POR LA CALZADA
A-2023-07-142,18/07/2023,14:30,ATROPELLO,1,0,,LIMA,LIMA,SAN MARTIN DE PORRES,URBANA,AVENIDA,URBANO,NO CORRESPONDE,NO,-12.0304736,-77.0897219,DESPEJADO,ESCOLAR,INTERSECCIÓN,PLANA ,ASFALTADA,SI,PREVENTIVA (P),,NO,NO IDENTIFICA LA CAUSA,
A-2023-07-25,18/07/2023,14:30,DESPISTE,12,12,1,ANCASH,CARLOS FERMIN FITZCARRALD,SAN LUIS,RURAL,CARRETERA,NACIONAL,PE-14C,NO,-9.08847557836807,-77.3395828417028,DESPEJADO,RURAL,TRAMO RECTO,INCLINADA,TROCHA,,,,,NO IDENTIFICA LA CAUSA,
A-2023-07-27,18/07/2023,16:40,CHOQUE,1,1,2,ANCASH,HUARI,HUARI,RURAL,CARRETERA,NACIONAL,PE-14A,NO,-9.394171646954865,-77.14233216814972,DESPEJADO,RURAL,TRAMO RECTO,INCLINADA,ASFALTADA,,,,,IMPRUDENCIA DEL CONDUCTOR,EXCESO DE VELOCIDAD
A-2023-07-164,18/07/2023,18:30,ATROPELLO FUGA,1,0,,JUNIN,CHUPACA,HUAMANCACA CHICO,URBANA,CARRETERA,NACIONAL,PE-3SZ,NO,-12.08168,-75.24747,DESPEJADO,RURAL,INTERSECCIÓN,PLANA ,ASFALTADA,,,,,NO IDENTIFICA LA CAUSA,
A-2021-08-157,18/08/2021,05:30,CHOQUE,1,3,2,LAMBAYEQUE,LAMBAYEQUE,OLMOS,RURAL,CARRETERA,NACIONAL,PE-1NJ,NO,-5.716098575425028,-79.89015333284517,DESPEJADO,RURAL,TRAMO RECTO,PLANA ,ASFALTADA,SI,PREVENTIVA (P),PREVENTIVA (P),NO,IMPRUDENCIA DEL CONDUCTOR,INVASIÓN DE CARRIL
A-2021-08-99,18/08/2021,08:00,CHOQUE,1,0,2,AREQUIPA,AREQUIPA,PAUCARPATA,URBANA,AVENIDA,URBANO,NO CORRESPONDE,NO,-16.406578,-71.474357,DESPEJADO,RESIDENCIAL,INTERSECCIÓN,INCLINADA,ASFALTADA,,,,,NO IDENTIFICA LA CAUSA,
A-2021-08-239,18/08/2021,09:50,ATROPELLO,1,0,,LIMA,LIMA,BREÑA,URBANA,AVENIDA,URBANO,NO CORRESPONDE,NO,-12.06631826683648,-77.04661535781963,DESPEJADO,RESIDENCIAL,TRAMO RECTO,PLANA ,ASFALTADA,,,,,IMPRUDENCIA DEL PEATÓN,OTRO (IMPRUDENCIA DEL PEATÓN)
A-2021-08-240,18/08/2021,19:53,ATROPELLO FUGA,1,0,0,LIMA,LIMA,ANCON,URBANA,CARRETERA,NACIONAL,PE-1N,NO,-11.766540978342897,-77.1585640015816,NUBLADO,RURAL,TRAMO RECTO,PLANA ,ASFALTADA,,,,,NO IDENTIFICA LA CAUSA,
A-2022-08-116,18/08/2022,03:20,ATROPELLO FUGA,1,0,,LIMA,BARRANCA,SUPE PUERTO,RURAL,CARRETERA,DEPARTAMENTAL,LM-100,NO,-10.788253249457956,-77.7418373172005,LLUVIOSO,RURAL,TRAMO RECTO,PLANA ,ASFALTADA,,,,,NO IDENTIFICA LA CAUSA,
A-2022-08-114,18/08/2022,09:50,CHOQUE,1,0,2,PASCO,PASCO,HUARIACA,URBANA,CARRETERA,NACIONAL,PE-3N,NO,-10.43900461819994,-76.19083504719426,DESPEJADO,COMERCIAL,SINUOSA,INCLINADA,ASFALTADA,SI,INFORMATIVA (I),,SI,NO IDENTIFICA LA CAUSA,
A-2022-08-238,18/08/2022,13:30,DESPISTE,1,1,1,JUNIN,JAUJA,CURICACA,RURAL,CARRETERA,NACIONAL,PE-3S,NO,-11.79082920119049,-75.6894009748328,DESPEJADO,RURAL,TRAMO RECTO,PLANA ,ASFALTADA,,,,,IMPRUDENCIA DEL CONDUCTOR,EXCESO DE VELOCIDAD
A-2022-08-96,18/08/2022,15:20,DESPISTE,1,0,1,CUSCO,CUSCO,SANTIAGO,URBANA,CALLE,URBANO,NO CORRESPONDE,NO,-13.5556578,-71.993234,DESPEJADO,RURAL,CURVA,PLANA ,AFIRMADO,,,,,IMPRUDENCIA DEL CONDUCTOR,CONDUCIR EN ESTADO DE EBRIEDAD Y/O DROGADICCIÓN
A-2022-08-254,18/08/2022,17:15,VOLCADURA,1,0,2,JUNIN,SATIPO,SATIPO,URBANA,AVENIDA,URBANO,NO CORRESPONDE,NO,-11.246691446130065,-74.63410193442701,DESPEJADO,COMERCIAL,INTERSECCIÓN,PLANA ,ASFALTADA,,,,,IMPRUDENCIA DEL CONDUCTOR,EXCESO DE VELOCIDAD
A-2022-08-202,18/08/2022,23:40,VOLCADURA,1,0,1,CAJAMARCA,CAJAMARCA,LOS BAÑOS DEL INCA,RURAL,CARRETERA,NACIONAL,PE-08B,NO,-7.16498167,-78.475735,DESPEJADO,RURAL,TRAMO RECTO,PLANA ,ASFALTADA,,,,,NO IDENTIFICA LA CAUSA,
A-2023-08-138,18/08/2023,04:15,CHOQUE,1,0,2,AYACUCHO,HUAMANGA,SOCOS,RURAL,CARRETERA,NACIONAL,PE-3S,NO,-13.2414766332626,-74.2421803968009,DESPEJADO,RURAL,CURVA,INCLINADA,ASFALTADA,SI,REGULADORA (R),,SI,IMPRUDENCIA DEL CONDUCTOR,CONDUCIR EN ESTADO DE EBRIEDAD Y/O DROGADICCIÓN
A-2023-08-118,18/08/2023,06:45,ATROPELLO,1,0,,CALLAO,CALLAO,CALLAO,URBANA,AVENIDA,URBANO,NO CORRESPONDE,NO,-12.0641523,-77.138997717,DESPEJADO,COMERCIAL,TRAMO RECTO,PLANA ,ASFALTADA,NO,,,SI,IMPRUDENCIA DEL CONDUCTOR,INVASIÓN DE CARRIL
A-2023-08-18,18/08/2023,07:45,CHOQUE,2,1,3,LIMA,HUAURA,HUACHO,RURAL,CARRETERA,NACIONAL,PE-1N,NO,-11.13922,-77.59708,DESPEJADO,RURAL,TRAMO RECTO,INCLINADA,ASFALTADA,,,,,IMPRUDENCIA DEL CONDUCTOR,FATIGA Y/O CANSANCIO
A-2023-08-56,18/08/2023,09:00,ATROPELLO FUGA,1,0,,LA LIBERTAD,CHEPEN,CHEPEN,RURAL,CARRETERA,NACIONAL,PE-1N,NO,-7.2212559,-79.4367383,DESPEJADO,RURAL,TRAMO RECTO,PLANA ,ASFALTADA,,,,,NO IDENTIFICA LA CAUSA,