CÓDIGO SINIESTRO,FECHA SINIESTRO,HORA SINIESTRO,CLASE SINIESTRO,CANTIDAD DE FALLECIDOS,CANTIDAD DE LESIONADOS,CANTIDAD DE VEHICULOS DAÑADOS,DEPARTAMENTO,PROVINCIA,DISTRITO,ZONA,TIPO DE VÍA,RED VIAL,COD CARRETERA,EXISTE CICLOVÍA,COORDENADAS LATITUD,COORDENADAS  LONGITUD,CONDICIÓN CLIMÁTICA,ZONIFICACIÓN,CARACTERÍSTICAS DE VÍA,PERFIL LONGITUDINAL VÍA,SUPERFICIE DE CALZADA,¿EXISTE SEÑAL VERTICAL?,CLASIFICACIÓN DE LA SEÑAL VERTICAL Nº 1,CLASIFICACIÓN DE LA SEÑAL VERTICAL Nº 2,¿EXISTE SEÑAL HORIZONTAL?,CAUSA FACTOR PRINCIPAL,CAUSA ESPECÍFICA
A-2023-02-146,22/02/2023,10:50,ATROPELLO,1,0,,LIMA,LIMA,SAN BORJA,URBANA,AVENIDA,URBANO,NO CORRESPONDE,NO,-12.0840789,-77.00415585,DESPEJADO,RESIDENCIAL,INTERSECCIÓN,PLANA ,ASFALTADA,,,,,NEGLIGENCIA DEL CONDUCTOR,OTRO (NEGLIGENCIA DEL CONDUCTOR)
A-2023-02-29,22/02/2023,18:30,ATROPELLO,1,0,1,LA LIBERTAD,VIRU,CHAO,URBANA,AVENIDA,URBANO,NO CORRESPONDE,NO,-8.55003084023529,-78.67263452194135,DESPEJADO,RURAL,TRAMO RECTO,PLANA ,ASFALTADA,,,,,NO IDENTIFICA LA CAUSA,
A-2023-02-147,22/02/2023,21:41,CHOQUE,1,0,,LIMA,LIMA,RIMAC,URBANA,CARRETERA,NACIONAL,PE-1N,NO,-12.04125616,-77.03300977,DESPEJADO,COMERCIAL,TRAMO RECTO,PLANA ,ASFALTADA,,,,,IMPRUDENCIA DEL CONDUCTOR,OTRO (IMPRUDENCIA DEL CONDUCTOR)
A-2021-03-193,22/03/2021,00:30,CHOQUE,1,0,2,CAJAMARCA,JAEN,PUCARA,RURAL,CARRETERA,NACIONAL,PE-3N,NO,-6.0517875,-79.1069385,DESPEJADO,RURAL,TRAMO RECTO,PLANA ,ASFALTADA,,,,,NO IDENTIFICA LA CAUSA,
A-2021-03-172,22/03/2021,03:20,DESPISTE,1,1,1,SAN MARTIN,MOYOBAMBA,JEPELACIO,RURAL,CARRETERA,NACIONAL,PE-5N,NO,-6.134287719090137,-76.8424262397659,DESPEJADO,RURAL,CURVA,INCLINADA,ASFALTADA,,PREVENTIVA (P),,,IMPRUDENCIA DEL CONDUCTOR,OTRO (IMPRUDENCIA DEL CONDUCTOR)
A-2021-03-310,22/03/2021,07:40,CHOQUE,1,1,2,AREQUIPA,AREQUIPA,CERRO COLORADO,URBANA,JIRÓN,URBANO,NO CORRESPONDE,NO,-16.388872175538697,-71.57667851196345,DESPEJADO,RESIDENCIAL,INTERSECCIÓN,INCLINADA,ASFALTADA,NO,,,SI,IMPRUDENCIA DEL CONDUCTOR,OTRO (IMPRUDENCIA DEL CONDUCTOR)
A-2021-03-160,22/03/2021,09:00,CHOQUE,1,0,2,PUNO,PUNO,TIQUILLACA,RURAL,CARRETERA,VECINAL,PU-1068,NO,-15.92643147561958,-70.23046904105486,DESPEJADO,RURAL,SINUOSA,PLANA ,TROCHA,,,,,IMPRUDENCIA DEL CONDUCTOR,NO ESTABLECER EL DERECHO DE PASO
A-2021-03-189,22/03/2021,09:00,ATROPELLO,1,0,0,PUNO,CARABAYA,MACUSANI,RURAL,CARRETERA,NACIONAL,PE-34B,NO,-13.9932258,-70.4806316,SOLEADO,RURAL,CURVA,PLANA ,ASFALTADA,SI,PREVENTIVA (P),REGULADORA (R),SI,IMPRUDENCIA DEL PEATÓN,CRUCE INDEBIDO POR LA CALZADA
A-2021-03-301,22/03/2021,11:00,CHOQUE,2,1,2,AMAZONAS,UTCUBAMBA,BAGUA GRANDE,RURAL,CARRETERA,NACIONAL,PE-5N,NO,-5.724799032198174,-78.47560712182704,SOLEADO,RURAL,TRAMO RECTO,PLANA ,ASFALTADA,,,,,NO IDENTIFICA LA CAUSA,
A-2021-03-260,22/03/2021,13:50,ATROPELLO,1,1,1,PUNO,SAN ROMAN,CARACOTO,RURAL,CARRETERA,NACIONAL,PE-3S,NO,-15.5497222,-70.1086111,NUBLADO,RURAL,TRAMO RECTO,PLANA ,ASFALTADA,SI,REGULADORA (R),PREVENTIVA (P),SI,IMPRUDENCIA DEL CONDUCTOR,EXCESO DE VELOCIDAD
A-2021-03-176,22/03/2021,14:00,CHOQUE,3,0,2,JUNIN,SATIPO,PANGOA,RURAL,CARRETERA,NACIONAL,PE-28C,NO,-11.373984884323086,-74.49930280995058,DESPEJADO,RURAL,CURVA,INCLINADA,ASFALTADA,,,,,IMPRUDENCIA DEL CONDUCTOR,EXCESO DE VELOCIDAD
A-2022-03-182,22/03/2022,07:30,DESPISTE,3,0,1,CUSCO,ESPINAR,OCORURO,RURAL,CARRETERA,SIN CLASIFICAR,SIN CLASIFICAR,NO,-15.162383,-71.157122,NUBLADO,RURAL,CURVA,PLANA ,ASFALTADA,SI,PREVENTIVA (P),PREVENTIVA (P),NO,IMPRUDENCIA DEL CONDUCTOR,EXCESO DE VELOCIDAD
A-2022-03-116,22/03/2022,11:05,DESPISTE,1,0,1,TACNA,TACNA,TACNA,URBANA,AVENIDA,URBANO,NO CORRESPONDE,NO,-18.031494091408838,-70.27291054248211,SOLEADO,RESIDENCIAL,TRAMO RECTO,PLANA ,ASFALTADA,NO,,,SI,NO IDENTIFICA LA CAUSA,
A-2023-03-102,22/03/2023,00:00,VOLCADURA,2,0,,APURIMAC,GRAU,TURPAY,RURAL,CARRETERA,VECINAL,AP-872,,-14.221512052733157,-72.62696213696749,,,,,,,,,,,
A-2023-03-110,22/03/2023,00:40,DESPISTE,1,2,1,HUANUCO,LEONCIO PRADO,RUPA-RUPA,RURAL,CARRETERA,NACIONAL,PE-18A,NO,-9.318745693285788,-75.99399260364935,DESPEJADO,RURAL,CURVA,PLANA ,ASFALTADA,,,,,IMPRUDENCIA DEL CONDUCTOR,CONDUCIR EN ESTADO DE EBRIEDAD Y/O DROGADICCIÓN
A-2023-03-37,22/03/2023,17:50,DESPISTE,6,11,1,ANCASH,POMABAMBA,QUINUABAMBA,RURAL,CARRETERA,NACIONAL,PE-1N,NO,-8.669938496298503,-77.3830608378484,DESPEJADO,RURAL,CURVA,INCLINADA,AFIRMADO,,,,,NO IDENTIFICA LA CAUSA,
A-2023-03-153,22/03/2023,19:40,CHOQUE,1,6,,LIMA,LIMA,ATE,URBANA,CARRETERA,NACIONAL,PE-22,NO,-12.00078285218256,-76.83970770106689,DESPEJADO,COMERCIAL,TRAMO RECTO,PLANA ,ASFALTADA,,,,,NEGLIGENCIA DEL CONDUCTOR,OTRO (NEGLIGENCIA DEL CONDUCTOR)
A-2023-03-50,22/03/2023,21:30,DESPISTE,1,2,1,CUSCO,PAUCARTAMBO,KOSÑIPATA,RURAL,CARRETERA,NACIONAL,PE-34C,NO,-13.23471,-71.27296,DESPEJADO,RURAL,CURVA,INCLINADA,TROCHA,,,,,NO IDENTIFICA LA CAUSA,
A-2021-04-128,22/04/2021,11:50,DESPISTE,3,0,2,LA LIBERTAD,VIRU,GUADALUPITO,RURAL,CARRETERA,NACIONAL,PE-1N,NO,-8.960994,-78.628281,DESPEJADO,RURAL,TRAMO RECTO,PLANA ,ASFALTADA,,,,,NEGLIGENCIA DEL CONDUCTOR,OTRO (NEGLIGENCIA DEL CONDUCTOR)
A-2021-04-167,22/04/2021,12:21,ATROPELLO FUGA,1,0,0,JUNIN,JAUJA,ACOLLA,URBANA,CARRETERA,NACIONAL,PE-3SA,NO,-11.70311,-75.559091,DESPEJADO,RURAL,TRAMO RECTO,PLANA ,ASFALTADA,,,,,,
A-2021-04-318,22/04/2021,16:25,CHOQUE,1,2,2,HUANUCO,HUANUCO,PILLCO MARCA,URBANA,CARRETERA,NACIONAL,PE-3N,NO,-9.950517,-76.250307,DESPEJADO,COMERCIAL,TRAMO RECTO,PLANA ,ASFALTADA,,,,,IMPRUDENCIA DEL CONDUCTOR,CONDUCIR EN ESTADO DE EBRIEDAD Y/O DROGADICCIÓN
A-2021-04-195,22/04/2021,18:30,DESPISTE,2,0,1,APURIMAC,ANTABAMBA,JUAN ESPINOZA MEDRANO,RURAL,CARRETERA,NACIONAL,PE-3SA,NO,-14.392414259366753,-72.92141519023642,DESPEJADO,RURAL,CURVA,INCLINADA,TROCHA,,,,,NO IDENTIFICA LA CAUSA,
A-2021-04-273,22/04/2021,19:00,ATROPELLO FUGA,1,0,,LIMA,BARRANCA,BARRANCA,RURAL,CARRETERA,DEPARTAMENTAL,LM-100,,-10.721502022389227,-77.77330574542792,,,,,,,,,,,
A-2021-04-250,22/04/2021,22:00,ATROPELLO,1,0,,LIMA,LIMA,SANTIAGO DE SURCO,URBANA,CARRETERA,NACIONAL,PE-1S,NO,-12.139552,-76.981017,DESPEJADO,INDUSTRIAL,TRAMO RECTO,PLANA ,ASFALTADA,,,,,IMPRUDENCIA DEL PEATÓN,OTRO (IMPRUDENCIA DEL PEATÓN)
A-2022-04-250,22/04/2022,00:03,DESPISTE,1,0,,LIMA,LIMA,RIMAC,URBANA,AVENIDA,URBANO,NO CORRESPONDE,,-12.027727,-77.040628,,,,,,,,,,,
A-2022-04-251,22/04/2022,04:00,VOLCADURA,1,0,,LIMA,LIMA,EL AGUSTINO,URBANA,CARRETERA,NACIONAL,PE-1N,,-12.030099,-76.994874,,,,,,,,,,,
A-2022-04-210,22/04/2022,05:45,CHOQUE FUGA,1,0,,ANCASH,SANTA,SANTA,RURAL,CARRETERA,NACIONAL,PE-1N,NO,-8.99838,-78.617956,DESPEJADO,RURAL,TRAMO RECTO,PLANA ,ASFALTADA,,,,,NO IDENTIFICA LA CAUSA,
A-2022-04-147,22/04/2022,06:30,CHOQUE,1,0,2,PIURA,PIURA,LA UNION,RURAL,CALLE,URBANO,NO CORRESPONDE,NO,-5.40232,-80.74224,DESPEJADO,RURAL,TRAMO RECTO,PLANA ,ASFALTADA,,,,,NO IDENTIFICA LA CAUSA,
A-2022-04-160,22/04/2022,07:30,CHOQUE,1,1,,LAMBAYEQUE,LAMBAYEQUE,LAMBAYEQUE,URBANA,CARRETERA,NACIONAL,PE-1N,NO,-6.68541,-79.90401,DESPEJADO,RESIDENCIAL,TRAMO RECTO,PLANA ,ASFALTADA,,,,,IMPRUDENCIA DEL CONDUCTOR,EXCESO DE VELOCIDAD
A-2022-04-252,22/04/2022,11:45,CHOQUE,1,0,,LIMA,LIMA,RIMAC,URBANA,CARRETERA,NACIONAL,PE-1N,,-12.037505,-77.013085,,,,,,,,,,,
A-2022-04-153,22/04/2022,14:20,DESPISTE,2,1,1,CAJAMARCA,JAEN,PUCARA,RURAL,CARRETERA,NACIONAL,PE-3N,NO,-6.050729,-79.111278,DESPEJADO,RURAL,CURVA,INCLINADA,AFIRMADO,,,,,NO IDENTIFICA LA CAUSA,
A-2022-04-138,22/04/2022,14:35,ATROPELLO,1,0,,CUSCO,QUISPICANCHI,ANDAHUAYLILLAS,URBANA,CARRETERA,NACIONAL,PE-3S,NO,-13.659085,-71.684303,DESPEJADO,RURAL,TRAMO RECTO,PLANA ,ASFALTADA,,,,,IMPRUDENCIA DEL CONDUCTOR,EXCESO DE VELOCIDAD
A-2022-04-61,22/04/2022,14:40,CHOQUE,1,0,,CALLAO,CALLAO,CALLAO,URBANA,CARRETERA,NACIONAL,PE-20,NO,-11.97825375670512,-77.1251388585664,DESPEJADO,COMERCIAL,TRAMO RECTO,PLANA ,ASFALTADA,,,,,IMPRUDENCIA DEL CONDUCTOR,NO DAR PASO PREFERENTE AL PEATÓN
A-2022-04-155,22/04/2022,23:45,DESPISTE,1,6,1,CAJAMARCA,CAJAMARCA,CAJAMARCA,RURAL,CARRETERA,NACIONAL,PE-3N,NO,-6.94076667,-78.602535,DESPEJADO,RURAL,OTRO,INCLINADA,ASFALTADA,,,,,NO IDENTIFICA LA CAUSA,
A-2023-04-149,22/04/2023,03:30,ATROPELLO FUGA,1,0,,LIMA,LIMA,LIMA,URBANA,AVENIDA,URBANO,NO CORRESPONDE,NO,-12.05920463,-77.01355817,DESPEJADO,COMERCIAL,INTERSECCIÓN,PLANA ,ASFALTADA,,,,,EN PROCESO DE INVESTIGACIÓN,NO CUENTA CON CAUSA ESPECIFICA
A-2023-04-70,22/04/2023,03:40,ATROPELLO FUGA,1,0,1,ICA,ICA,SALAS,RURAL,CARRETERA,NACIONAL,PE-1S,NO,-13.930998,-75.921602,DESPEJADO,RURAL,TRAMO RECTO,PLANA ,ASFALTADA,,,,,NO IDENTIFICA LA CAUSA,
A-2023-04-38,22/04/2023,06:20,DESPISTE,2,0,,PUNO,EL COLLAO,ILAVE,RURAL,CARRETERA,NACIONAL,PE-38A,NO,-16.100205103325116,-69.63772587873513,DESPEJADO,RURAL,TRAMO RECTO,PLANA ,ASFALTADA,,,,,INFRAESTRUCTURA Y ENTORNO VIAL,OTRO (INFRAESTRUCTURA Y ENTORNO VIAL)
A-2023-04-105,22/04/2023,07:00,DESPISTE,1,0,1,HUANUCO,LEONCIO PRADO,MARIANO DAMASO BERAUN,RURAL,CARRETERA,NACIONAL,PE-18A,NO,-9.454685794965952,-75.97475061094863,DESPEJADO,RURAL,TRAMO RECTO,PLANA ,ASFALTADA,,,,,IMPRUDENCIA DEL CONDUCTOR,EXCESO DE VELOCIDAD
A-2023-04-148,22/04/2023,09:40,ATROPELLO FUGA,1,0,,LIMA,LIMA,ATE,URBANA,AVENIDA,URBANO,NO CORRESPONDE,NO,-12.01599061,-76.89060504,DESPEJADO,INDUSTRIAL,CURVA,PLANA ,ASFALTADA,,,,,IMPRUDENCIA DEL CONDUCTOR,OTRO (IMPRUDENCIA DEL CONDUCTOR)
A-2023-04-41,22/04/2023,15:00,CHOQUE,1,4,3,AREQUIPA,AREQUIPA,VITOR,RURAL,CARRETERA,NACIONAL,PE-1S,NO,-16.4635059,-71.9539885,DESPEJADO,RURAL,TRAMO RECTO,INCLINADA,ASFALTADA,NO,,,SI,NO IDENTIFICA LA CAUSA,
A-2023-04-35,22/04/2023,16:20,CHOQUE,1,0,2,ICA,PISCO,INDEPENDENCIA,RURAL,CARRETERA,VECINAL,IC-535,NO,-13.599699284099435,-76.0286061941519,DESPEJADO,RURAL,OTRO,PLANA ,TROCHA,,,,,NO IDENTIFICA LA CAUSA,
A-2023-04-33,22/04/2023,19:45,ATROPELLO,1,0,1,SAN MARTIN,RIOJA,ELIAS SOPLIN VARGAS,URBANA,CARRETERA,NACIONAL,PE-5NI,NO,-5.972135,-77.29197,DESPEJADO,COMERCIAL,TRAMO RECTO,PLANA ,ASFALTADA,NO,,,NO,NO IDENTIFICA LA CAUSA,
A-2023-04-175,22/04/2023,20:30,DESPISTE,1,0,1,CAJAMARCA,CAJAMARCA,LLACANORA,URBANA,CARRETERA,NACIONAL,PE-3N,NO,-7.187659844310826,-78.47170827159316,DESPEJADO,COMERCIAL,TRAMO RECTO,PLANA ,ASFALTADA,NO,,,SI,IMPRUDENCIA DEL CONDUCTOR,CONDUCIR EN ESTADO DE EBRIEDAD Y/O DROGADICCIÓN
A-2023-04-92,22/04/2023,21:00,ATROPELLO FUGA,1,0,,LA LIBERTAD,VIRU,GUADALUPITO,RURAL,CARRETERA,NACIONAL,PE-1N,NO,-8.819418437527293,-78.65648743844363,DESPEJADO,RURAL,TRAMO RECTO,PLANA ,ASFALTADA,,,,,NO IDENTIFICA LA CAUSA,
A-2021-05-138,22/05/2021,01:40,CHOQUE,1,0,2,ICA,ICA,SAN JUAN BAUTISTA,URBANA,AVENIDA,URBANO,NO CORRESPONDE,NO,-14.016307,-75.73436,DESPEJADO,INDUSTRIAL,TRAMO RECTO,PLANA ,ASFALTADA,,,,,NO IDENTIFICA LA CAUSA,
A-2021-05-181,22/05/2021,07:00,CHOQUE,1,1,2,APURIMAC,AYMARAES,COTARUSE,RURAL,CARRETERA,NACIONAL,PE-30A,NO,-14.552146173470529,-73.38386531211128,DESPEJADO,RURAL,CURVA,INCLINADA,ASFALTADA,,,,,IMPRUDENCIA DEL CONDUCTOR,FATIGA Y/O CANSANCIO
A-2021-05-191,22/05/2021,11:53,CHOQUE,1,0,2,LAMBAYEQUE,CHICLAYO,CAYALTI,URBANA,OTRO,URBANO,NO CORRESPONDE,NO,-6.892505,-79.563207,DESPEJADO,RESIDENCIAL,INTERSECCIÓN,PLANA ,ASFALTADA,NO,,,SI,NO IDENTIFICA LA CAUSA,
A-2021-05-139,22/05/2021,14:30,VOLCADURA,1,6,1,ICA,ICA,ICA,RURAL,CARRETERA,SIN CLASIFICAR,SIN CLASIFICAR,NO,-14.09,-75.77,SOLEADO,RURAL,SINUOSA,INCLINADA,TROCHA,,,,,NEGLIGENCIA DEL CONDUCTOR,CONDUCIR CON FALLAS DE CARROCERÍA
A-2021-05-158,22/05/2021,15:30,CHOQUE,1,1,2,LA LIBERTAD,TRUJILLO,HUANCHACO,RURAL,CARRETERA,NACIONAL,PE-1N,NO,-8.040941,-79.084076,DESPEJADO,RURAL,TRAMO RECTO,PLANA ,ASFALTADA,,,,,IMPRUDENCIA DEL CONDUCTOR,ADELANTAR INDEBIDAMENTE
A-2021-05-151,22/05/2021,16:30,ATROPELLO,1,0,0,LORETO,MAYNAS,SAN JUAN BAUTISTA,RURAL,CARRETERA,DEPARTAMENTAL,LO-103,NO,-4.015585723882315,-73.43273512207432,SOLEADO,RURAL,TRAMO RECTO,PLANA ,ASFALTADA,,,,,NO IDENTIFICA LA CAUSA,
A-2021-05-184,22/05/2021,16:50,CHOQUE,1,0,2,PUNO,LAMPA,CABANILLA,RURAL,CARRETERA,DEPARTAMENTAL,PU-123,NO,-15.51152974162293,-70.35054438396111,DESPEJADO,RURAL,TRAMO RECTO,PLANA ,ASFALTADA,,,,,IMPRUDENCIA DEL CONDUCTOR,OTRO (IMPRUDENCIA DEL CONDUCTOR)
A-2021-05-140,22/05/2021,18:00,CHOQUE,1,2,2,ICA,NASCA,CHANGUILLO,RURAL,CARRETERA,DEPARTAMENTAL,IC-112,NO,-14.670563,-75.291881,SOLEADO,RURAL,CURVA,PLANA ,ASFALTADA,,,,,IMPRUDENCIA DEL CONDUCTOR,INVASIÓN DE CARRIL
A-2021-05-162,22/05/2021,19:20,ATROPELLO,1,3,1,LA LIBERTAD,TRUJILLO,TRUJILLO,URBANA,CARRETERA,NACIONAL,PE-1N,NO,-8.132569,-79.02341,DESPEJADO,INDUSTRIAL,TRAMO RECTO,PLANA ,ASFALTADA,,,,,NO IDENTIFICA LA CAUSA,
A-2021-05-116,22/05/2021,21:00,DESPISTE,1,0,1,CALLAO,CALLAO,LA PERLA,URBANA,AVENIDA,URBANO,NO CORRESPONDE,NO,-12.06817959541864,-77.11449708038921,DESPEJADO,RESIDENCIAL,TRAMO RECTO,PLANA ,ASFALTADA,,,,,NO IDENTIFICA LA CAUSA,
A-2021-05-182,22/05/2021,21:51,CHOQUE,1,0,2,AMAZONAS,CHACHAPOYAS,CHACHAPOYAS,URBANA,JIRÓN,URBANO,NO CORRESPONDE,NO,-6.233383980919296,-77.86731715212338,DESPEJADO,COMERCIAL,INTERSECCIÓN,PLANA ,CONCRETO,,,,,NO IDENTIFICA LA CAUSA,
A-2022-05-245,22/05/2022,08:30,CHOQUE,1,0,2,PIURA,SULLANA,LANCONES,RURAL,CARRETERA,NACIONAL,PE-1NN,NO,-4.562178544039255,-80.48681071173851,DESPEJADO,RURAL,TRAMO RECTO,PLANA ,ASFALTADA,,,,,IMPRUDENCIA DEL CONDUCTOR,OTRO (IMPRUDENCIA DEL CONDUCTOR)
A-2022-05-261,22/05/2022,10:00,DESPISTE,1,0,,LIMA,LIMA,COMAS,URBANA,AVENIDA,URBANO,NO CORRESPONDE,,-11.9472089,-77.06073543,,,,,,,,,,,
A-2022-05-212,22/05/2022,11:10,VOLCADURA,1,0,,APURIMAC,GRAU,CHUQUIBAMBILLA,URBANA,CARRETERA,NACIONAL,PE-3SF,,-14.10356582408187,-72.7059108655267,,,,,,,,,,,
A-2022-05-246,22/05/2022,12:00,DESPISTE,1,0,1,PIURA,SULLANA,SULLANA,RURAL,CARRETERA,VECINAL,PI-579,NO,-4.781,-80.536,DESPEJADO,RURAL,CURVA,PLANA ,AFIRMADO,,,,,IMPRUDENCIA DEL CONDUCTOR,OTRO (IMPRUDENCIA DEL CONDUCTOR)
A-2022-05-133,22/05/2022,14:00,DESPISTE,3,0,1,CUSCO,CANCHIS,COMBAPATA,RURAL,CARRETERA,SIN CLASIFICAR,SIN CLASIFICAR,NO,-14.1294,-71.2436,SOLEADO,RURAL,CURVA,INCLINADA,TROCHA,SI,PREVENTIVA (P),,NO,IMPERICIA DEL CONDUCTOR,
A-2022-05-82,22/05/2022,19:20,ATROPELLO,1,0,1,ICA,ICA,ICA,URBANA,CARRETERA,NACIONAL,PE-1S,NO,-14.070721665571629,-75.73888862919776,DESPEJADO,COMERCIAL,TRAMO RECTO,PLANA ,ASFALTADA,SI,INFORMATIVA (I),,NO,NO IDENTIFICA LA CAUSA,
A-2022-05-252,22/05/2022,19:30,CHOQUE,1,0,,JUNIN,TARMA,PALCA,RURAL,CARRETERA,NACIONAL,PE-22B,NO,-11.27715335576957,-75.56268806467526,DESPEJADO,RURAL,TÚNEL,PLANA ,ASFALTADA,,,,,IMPRUDENCIA DEL CONDUCTOR,EXCESO DE VELOCIDAD
A-2023-05-74,22/05/2023,03:40,CHOQUE,5,4,2,LA LIBERTAD,TRUJILLO,LAREDO,RURAL,CARRETERA,NACIONAL,PE-10A,NO,-8.095889628467335,-78.96662371540658,DESPEJADO,RURAL,TRAMO RECTO,PLANA ,ASFALTADA,,,,,NO IDENTIFICA LA CAUSA,
A-2023-05-92,22/05/2023,05:50,DESPISTE,2,0,1,PIURA,HUANCABAMBA,HUARMACA,RURAL,CARRETERA,NACIONAL,PE-04B,NO,-5.8306,-79.4774,DESPEJADO,RURAL,TRAMO RECTO,INCLINADA,ASFALTADA,SI,PREVENTIVA (P),REGULADORA (R),NO,IMPRUDENCIA DEL CONDUCTOR,FATIGA Y/O CANSANCIO
A-2023-05-98,22/05/2023,06:30,CHOQUE,1,0,1,PIURA,PIURA,VEINTISEIS DE OCTUBRE,URBANA,CARRETERA,NACIONAL,PE-1N,NO,-5.1731216,-80.6819183,DESPEJADO,COMERCIAL,TRAMO RECTO,PLANA ,ASFALTADA,,,,,NO IDENTIFICA LA CAUSA,
A-2023-05-20,22/05/2023,06:40,CHOQUE,1,0,2,ICA,NASCA,NASCA,URBANA,CARRETERA,NACIONAL,PE-1S,NO,-14.8216762,-74.9659506,DESPEJADO,COMERCIAL,TRAMO RECTO,PLANA ,ASFALTADA,,,,,NO IDENTIFICA LA CAUSA,
A-2023-05-167,22/05/2023,11:50,CHOQUE,1,0,2,CAJAMARCA,CONTUMAZA,YONAN,RURAL,CARRETERA,NACIONAL,PE-08,NO,-7.179834,-79.013475,DESPEJADO,RURAL,CURVA,INCLINADA,ASFALTADA,SI,REGULADORA (R),PREVENTIVA (P),SI,IMPRUDENCIA DEL CONDUCTOR,CONDUCIR EN ESTADO DE EBRIEDAD Y/O DROGADICCIÓN
A-2023-05-123,22/05/2023,20:20,CHOQUE,1,0,,LIMA,LIMA,PUENTE PIEDRA,URBANA,CARRETERA,NACIONAL,PE-1N,NO,-11.899354,-77.067782,DESPEJADO,COMERCIAL,TRAMO RECTO,PLANA ,ASFALTADA,,,,,IMPRUDENCIA DEL CONDUCTOR,OTRO (IMPRUDENCIA DEL CONDUCTOR)
A-2021-06-248,22/06/2021,02:30,ATROPELLO FUGA,1,0,0,LIMA,LIMA,INDEPENDENCIA,URBANA,CARRETERA,NACIONAL,PE-1N,NO,-11.988199,-77.0645344,DESPEJADO,RESIDENCIAL,TRAMO RECTO,PLANA ,ASFALTADA,,,,,NO IDENTIFICA LA CAUSA,
A-2021-06-148,22/06/2021,06:40,CHOQUE,1,5,2,ICA,ICA,SALAS,RURAL,CARRETERA,NACIONAL,PE-1S,NO,-13.960023,-75.784643,DESPEJADO,INDUSTRIAL,TRAMO RECTO,PLANA ,ASFALTADA,,,,,IMPRUDENCIA DEL CONDUCTOR,GIRAR IMPRUDENTEMENTE
A-2021-06-287,22/06/2021,08:05,CHOQUE,1,0,2,LAMBAYEQUE,LAMBAYEQUE,JAYANCA,RURAL,CARRETERA,NACIONAL,PE-1NJ,NO,-6.379078,-79.8114,NUBLADO,RURAL,TRAMO RECTO,PLANA ,ASFALTADA,,,,,NO IDENTIFICA LA CAUSA,
A-2021-06-300,22/06/2021,10:50,DESPISTE,1,1,1,PUNO,LAMPA,PUCARA,RURAL,CARRETERA,NACIONAL,PE-3S,NO,-15.0972742,-70.3563098,DESPEJADO,RURAL,TRAMO RECTO,PLANA ,ASFALTADA,,,,,NEGLIGENCIA DEL CONDUCTOR,CONDUCIR CON FALLAS DE NEUMÁTICOS
A-2021-06-319,22/06/2021,12:00,DESPISTE,1,0,1,PIURA,AYABACA,SUYO,RURAL,CARRETERA,NACIONAL,PE-1NL,NO,-4.576617439173308,-80.18218691777935,DESPEJADO,RURAL,TRAMO RECTO,INCLINADA,ASFALTADA,,,,,,
A-2021-06-250,22/06/2021,13:35,CHOQUE,1,0,0,LIMA,LIMA,LOS OLIVOS,URBANA,AVENIDA,URBANO,NO CORRESPONDE,NO,-11.99179,-77.07511,DESPEJADO,COMERCIAL,TRAMO RECTO,PLANA ,ASFALTADA,,,,,NO IDENTIFICA LA CAUSA,
A-2021-06-232,22/06/2021,15:55,CHOQUE,1,1,2,PUNO,CARABAYA,SAN GABAN,RURAL,CARRETERA,NACIONAL,PE-34B,NO,-13.433582290622404,-70.32961247842753,LLUVIOSO,RURAL,TRAMO RECTO,PLANA ,ASFALTADA,SI,INFORMATIVA (I),,NO,IMPRUDENCIA DEL CONDUCTOR,EXCESO DE VELOCIDAD
A-2021-06-163,22/06/2021,18:00,CHOQUE,1,0,0,PUNO,PUNO,VILQUE,RURAL,CARRETERA,NACIONAL,PE-3S,NO,-15.7820572,-70.22156406,DESPEJADO,RURAL,TRAMO RECTO,PLANA ,ASFALTADA,,,,,IMPRUDENCIA DEL CONDUCTOR,INVASIÓN DE CARRIL
A-2021-06-251,22/06/2021,21:30,ATROPELLO,1,0,0,LIMA,LIMA,LURIN,URBANA,CARRETERA,NACIONAL,PE-1S,NO,-12.25702,-76.88783,DESPEJADO,COMERCIAL,TRAMO RECTO,PLANA ,ASFALTADA,,,,,NO IDENTIFICA LA CAUSA,
A-2021-06-215,22/06/2021,23:10,CHOQUE,1,4,2,AYACUCHO,HUAMANGA,OCROS,RURAL,CARRETERA,NACIONAL,PE-3S,NO,-13.40222,-73.904601,DESPEJADO,RURAL,OTRO,PLANA ,ASFALTADA,SI,PREVENTIVA (P),PREVENTIVA (P),SI,IMPRUDENCIA DEL CONDUCTOR,EXCESO DE VELOCIDAD
A-2022-06-248,22/06/2022,05:30,VOLCADURA,1,0,1,JUNIN,CHANCHAMAYO,SAN RAMON,RURAL,CARRETERA,NACIONAL,PE-22B,NO,-11.165122927351826,-75.42829321203547,DESPEJADO,RURAL,CURVA,PLANA ,ASFALTADA,,,,,IMPRUDENCIA DEL CONDUCTOR,FATIGA Y/O CANSANCIO