CÓDIGO SINIESTRO,FECHA SINIESTRO,HORA SINIESTRO,CLASE SINIESTRO,CANTIDAD DE FALLECIDOS,CANTIDAD DE LESIONADOS,CANTIDAD DE VEHICULOS DAÑADOS,DEPARTAMENTO,PROVINCIA,DISTRITO,ZONA,TIPO DE VÍA,RED VIAL,COD CARRETERA,EXISTE CICLOVÍA,COORDENADAS LATITUD,COORDENADAS  LONGITUD,CONDICIÓN CLIMÁTICA,ZONIFICACIÓN,CARACTERÍSTICAS DE VÍA,PERFIL LONGITUDINAL VÍA,SUPERFICIE DE CALZADA,¿EXISTE SEÑAL VERTICAL?,CLASIFICACIÓN DE LA SEÑAL VERTICAL Nº 1,CLASIFICACIÓN DE LA SEÑAL VERTICAL Nº 2,¿EXISTE SEÑAL HORIZONTAL?,CAUSA FACTOR PRINCIPAL,CAUSA ESPECÍFICA
A-2023-02-30,23/02/2023,13:00,DESPISTE,1,2,1,LA LIBERTAD,OTUZCO,USQUIL,RURAL,CARRETERA,DEPARTAMENTAL,LI-111,NO,-7.716705223538227,-78.44608420360805,DESPEJADO,RURAL,CURVA,PLANA ,TROCHA,,,,,NO IDENTIFICA LA CAUSA,
A-2023-02-148,23/02/2023,15:30,ATROPELLO FUGA,1,0,,LIMA,LIMA,LA VICTORIA,URBANA,AVENIDA,URBANO,NO CORRESPONDE,NO,-12.07501746,-77.02320907,DESPEJADO,RESIDENCIAL,TRAMO RECTO,PLANA ,ASFALTADA,,,,,IMPRUDENCIA DEL PEATÓN,OTRO (IMPRUDENCIA DEL PEATÓN)
A-2023-02-35,23/02/2023,15:30,CHOQUE,2,5,2,AREQUIPA,CAYLLOMA,SAN ANTONIO DE CHUCA,RURAL,CARRETERA,NACIONAL,PE-34A,NO,-15.9852395,-71.2534252,DESPEJADO,RURAL,TRAMO RECTO,INCLINADA,ASFALTADA,NO,,,SI,NO IDENTIFICA LA CAUSA,
A-2023-02-150,23/02/2023,19:00,DESPISTE,1,0,,LIMA,LIMA,BARRANCO,URBANA,AVENIDA,URBANO,NO CORRESPONDE,NO,-12.13446522,-77.0203962,DESPEJADO,RESIDENCIAL,TRAMO RECTO,PLANA ,ASFALTADA,,,,,IMPRUDENCIA DEL CONDUCTOR,CONDUCIR EN ESTADO DE EBRIEDAD Y/O DROGADICCIÓN
A-2023-02-72,23/02/2023,21:20,ATROPELLO FUGA,1,0,1,ICA,PISCO,SAN CLEMENTE,URBANA,CARRETERA,NACIONAL,PE-1S,NO,-13.6721,-76.156093,DESPEJADO,COMERCIAL,TRAMO RECTO,PLANA ,ASFALTADA,,,,,NO IDENTIFICA LA CAUSA,
A-2021-03-324,23/03/2021,12:40,ATROPELLO,1,0,1,CAJAMARCA,JAEN,BELLAVISTA,RURAL,CARRETERA,NACIONAL,PE-5N,NO,-5.55862433981325,-78.80684133885843,SOLEADO,COMERCIAL,TRAMO RECTO,PLANA ,ASFALTADA,SI,INFORMATIVA (I),PREVENTIVA (P),NO,NO IDENTIFICA LA CAUSA,
A-2021-03-266,23/03/2021,17:00,CHOQUE,3,18,2,LAMBAYEQUE,CHICLAYO,LAGUNAS,RURAL,CARRETERA,NACIONAL,PE-1N,NO,-6.95708341461093,-79.69393886021302,DESPEJADO,RURAL,TRAMO RECTO,PLANA ,ASFALTADA,SI,REGULADORA (R),PREVENTIVA (P),NO,NO IDENTIFICA LA CAUSA,
A-2021-03-222,23/03/2021,19:30,ATROPELLO,1,1,1,LA LIBERTAD,PACASMAYO,SAN JOSE,RURAL,CARRETERA,NACIONAL,PE-1N,NO,-7.346123,-79.511216,DESPEJADO,RURAL,TRAMO RECTO,PLANA ,ASFALTADA,,,,,NEGLIGENCIA DEL CONDUCTOR,OTRO (NEGLIGENCIA DEL CONDUCTOR)
A-2021-03-276,23/03/2021,19:40,DESPISTE,1,0,1,PUNO,LAMPA,NICASIO,RURAL,CARRETERA,NACIONAL,PE-3S,NO,-15.250495244586453,-70.31697922152009,NUBLADO,RURAL,TRAMO RECTO,PLANA ,ASFALTADA,NO,,,SI,NEGLIGENCIA DEL CONDUCTOR,OTRO (NEGLIGENCIA DEL CONDUCTOR)
A-2022-03-229,23/03/2022,12:30,DESPISTE,1,3,,JUNIN,CHANCHAMAYO,PICHANAQUI,RURAL,CARRETERA,NACIONAL,PE-5S,,-10.939242044136048,-74.86162280623186,,,,,,,,,,,
A-2022-03-179,23/03/2022,19:00,DESPISTE,1,1,1,PIURA,MORROPON,CHULUCANAS,URBANA,CARRETERA,NACIONAL,PE-1NR,NO,-5.030273,-80.200573,DESPEJADO,RURAL,TRAMO RECTO,PLANA ,ASFALTADA,,,,,NO IDENTIFICA LA CAUSA,
A-2023-03-95,23/03/2023,05:30,CHOQUE,1,0,2,PUNO,HUANCANE,TARACO,RURAL,CARRETERA,NACIONAL,PE-34H,NO,-15.297443,-69.971059,DESPEJADO,RURAL,TRAMO RECTO,PLANA ,ASFALTADA,,,,,NEGLIGENCIA DEL CONDUCTOR,OTRO (NEGLIGENCIA DEL CONDUCTOR)
A-2023-03-36,23/03/2023,08:30,DESPISTE,1,1,1,LA LIBERTAD,TRUJILLO,MOCHE,URBANA,CARRETERA,NACIONAL,PE-1N,NO,-8.1678427,-79.0062774,DESPEJADO,RURAL,TRAMO RECTO,PLANA ,ASFALTADA,,,,,NO IDENTIFICA LA CAUSA,
A-2023-03-35,23/03/2023,11:30,ATROPELLO,1,0,1,LA LIBERTAD,SANCHEZ CARRION,HUAMACHUCO,URBANA,CALLE,URBANO,NO CORRESPONDE,NO,-7.809605198831371,-78.0292635712742,DESPEJADO,COMERCIAL,TRAMO RECTO,PLANA ,ASFALTADA,,,,,IMPRUDENCIA DEL CONDUCTOR,OTRO (IMPRUDENCIA DEL CONDUCTOR)
A-2023-03-45,23/03/2023,12:50,ATROPELLO,1,0,,PUNO,PUNO,PUNO,URBANA,CARRETERA,NACIONAL,PE-36B,NO,-15.856885213494076,-70.01730126709124,DESPEJADO,ESCOLAR,TRAMO RECTO,PLANA ,ASFALTADA,,,,,IMPRUDENCIA DEL PEATÓN,OTRO (IMPRUDENCIA DEL PEATÓN)
A-2021-04-226,23/04/2021,00:30,DESPISTE,1,1,1,AREQUIPA,CARAVELI,BELLA UNION,RURAL,CARRETERA,NACIONAL,PE-1S,NO,-15.615523,-74.649963,DESPEJADO,RURAL,CURVA,INCLINADA,ASFALTADA,,,,,NO IDENTIFICA LA CAUSA,
A-2021-04-187,23/04/2021,04:45,ATROPELLO,1,0,1,MOQUEGUA,MARISCAL NIETO,MOQUEGUA,URBANA,CARRETERA,NACIONAL,PE-36A,NO,-17.20278080851402,-70.91790671033618,DESPEJADO,RURAL,TRAMO RECTO,INCLINADA,ASFALTADA,SI,REGULADORA (R),REGULADORA (R),SI,IMPRUDENCIA DEL PEATÓN,CRUCE INDEBIDO POR LA CALZADA
A-2021-04-147,23/04/2021,05:10,CHOQUE,1,0,3,ICA,NASCA,MARCONA,RURAL,CARRETERA,NACIONAL,PE-1S,NO,-15.1376711,-74.9845897,DESPEJADO,RURAL,TRAMO RECTO,PLANA ,ASFALTADA,,,,,IMPRUDENCIA DEL CONDUCTOR,CONDUCIR EN ESTADO DE EBRIEDAD Y/O DROGADICCIÓN
A-2021-04-134,23/04/2021,06:18,ATROPELLO FUGA,1,0,0,PUNO,EL COLLAO,ILAVE,RURAL,CARRETERA,NACIONAL,PE-3S,NO,-16.124706747287654,-69.58561060283843,DESPEJADO,RURAL,TRAMO RECTO,PLANA ,ASFALTADA,,,,,IMPRUDENCIA DEL CONDUCTOR,EXCESO DE VELOCIDAD
A-2021-04-145,23/04/2021,07:30,CHOQUE,1,0,2,CUSCO,CANCHIS,CHECACUPE,RURAL,CARRETERA,NACIONAL,PE-3S,NO,-14.044,-71.2729,DESPEJADO,RURAL,TRAMO RECTO,PLANA ,ASFALTADA,,,,,IMPRUDENCIA DEL CONDUCTOR,EXCESO DE VELOCIDAD
A-2021-04-146,23/04/2021,07:30,ATROPELLO,1,0,1,CUSCO,CHUMBIVILCAS,SANTO TOMAS,URBANA,CALLE,URBANO,NO CORRESPONDE,NO,-14.452748,-72.082632,SOLEADO,RESIDENCIAL,PUENTE,INCLINADA,CONCRETO,,,,,NEGLIGENCIA DEL CONDUCTOR,OTRO (NEGLIGENCIA DEL CONDUCTOR)
A-2021-04-325,23/04/2021,10:00,DESPISTE,1,0,1,SAN MARTIN,LAMAS,TABALOSOS,RURAL,CARRETERA,NACIONAL,PE-5N,NO,-6.38954,-76.628213,SOLEADO,RURAL,CURVA,INCLINADA,ASFALTADA,SI,PREVENTIVA (P),,SI,IMPRUDENCIA DEL CONDUCTOR,EXCESO DE VELOCIDAD
A-2021-04-135,23/04/2021,14:30,DESPISTE,2,9,1,ANCASH,HUARI,HUARI,RURAL,CARRETERA,VECINAL,AN-657,NO,-9.31913474485371,-77.20134579694593,NUBLADO,RURAL,CURVA,INCLINADA,TROCHA,,,,,IMPRUDENCIA DEL CONDUCTOR,EXCESO DE PASAJEROS O CARGA
A-2021-04-149,23/04/2021,14:30,CHOQUE,2,1,2,PUNO,LAMPA,SANTA LUCIA,RURAL,CARRETERA,NACIONAL,PE-34A,NO,-15.689975004885174,-70.52936698439152,DESPEJADO,RURAL,TRAMO RECTO,PLANA ,ASFALTADA,NO,,,SI,IMPRUDENCIA DEL CONDUCTOR,INVASIÓN DE CARRIL
A-2021-04-151,23/04/2021,14:30,CHOQUE,1,0,2,CAJAMARCA,CHOTA,HUAMBOS,RURAL,CARRETERA,NACIONAL,PE-06A,NO,-6.46931532,-79.04992001,DESPEJADO,RURAL,TRAMO RECTO,PLANA ,ASFALTADA,SI,PREVENTIVA (P),PREVENTIVA (P),SI,IMPRUDENCIA DEL CONDUCTOR,INVASIÓN DE CARRIL
A-2021-04-177,23/04/2021,19:30,CHOQUE,1,0,0,CUSCO,ESPINAR,ESPINAR,RURAL,CARRETERA,NACIONAL,PE-3SG,NO,-14.780251,-71.396026,NUBLADO,RURAL,TRAMO RECTO,PLANA ,ASFALTADA,SI,PREVENTIVA (P),PREVENTIVA (P),NO,IMPRUDENCIA DEL CONDUCTOR,EXCESO DE VELOCIDAD
A-2022-04-233,23/04/2022,05:35,DESPISTE,1,3,2,ICA,CHINCHA,TAMBO DE MORA,RURAL,CARRETERA,NACIONAL,PE-1SE,NO,-13.429979,-76.189381,DESPEJADO,RURAL,TRAMO RECTO,PLANA ,ASFALTADA,,,,,NEGLIGENCIA DEL CONDUCTOR,OTRO (NEGLIGENCIA DEL CONDUCTOR)
A-2022-04-108,23/04/2022,07:35,DESPISTE,1,1,1,HUANCAVELICA,TAYACAJA,PAZOS,RURAL,CARRETERA,DEPARTAMENTAL,HV-124,NO,-12.261372,-75.040445,DESPEJADO,RURAL,CURVA,INCLINADA,CASCAJO/RIPIO,,,,,NO IDENTIFICA LA CAUSA,
A-2022-04-121,23/04/2022,19:00,CHOQUE,1,0,2,LA LIBERTAD,SANCHEZ CARRION,HUAMACHUCO,RURAL,CARRETERA,NACIONAL,PE-3N,NO,-7.8118378312754295,-77.99813368338158,DESPEJADO,RURAL,CURVA,PLANA ,AFIRMADO,,,,,IMPRUDENCIA DEL CONDUCTOR,EXCESO DE VELOCIDAD
A-2022-04-154,23/04/2022,19:00,VOLCADURA,1,0,1,CAJAMARCA,SAN IGNACIO,CHIRINOS,RURAL,CARRETERA,VECINAL,CA-623,NO,-5.418239,-78.828338,DESPEJADO,RURAL,TRAMO RECTO,INCLINADA,ASFALTADA,,,,,NO IDENTIFICA LA CAUSA,
A-2023-04-169,23/04/2023,01:00,DESPISTE,1,0,1,AYACUCHO,HUANTA,IGUAIN,RURAL,CARRETERA,VECINAL,AY-637,NO,-12.990998,-74.211978,DESPEJADO,RURAL,CURVA,INCLINADA,AFIRMADO,,,,,IMPRUDENCIA DEL CONDUCTOR,CONDUCIR EN ESTADO DE EBRIEDAD Y/O DROGADICCIÓN
A-2023-04-46,23/04/2023,04:30,CHOQUE,1,1,2,CUSCO,CALCA,CALCA,RURAL,CARRETERA,DEPARTAMENTAL,CU-105,NO,-13.3027636,-71.9460356,DESPEJADO,RURAL,CURVA,INCLINADA,ASFALTADA,SI,PREVENTIVA (P),,SI,IMPRUDENCIA DEL CONDUCTOR,EXCESO DE VELOCIDAD
A-2023-04-55,23/04/2023,08:30,ATROPELLO,1,0,,HUANCAVELICA,ANGARAES,HUAYLLAY GRANDE,RURAL,CARRETERA,DEPARTAMENTAL,HV-108,,-12.929605,-74.683736,,,,,,,,,,,
A-2023-04-146,23/04/2023,12:20,ATROPELLO,1,0,,LIMA,LIMA,SAN JUAN DE LURIGANCHO,URBANA,AVENIDA,URBANO,NO CORRESPONDE,NO,-12.01432112,-77.00172697,DESPEJADO,COMERCIAL,TRAMO RECTO,PLANA ,ASFALTADA,,,,,IMPRUDENCIA DEL CONDUCTOR,EXCESO DE VELOCIDAD
A-2023-04-138,23/04/2023,14:10,ATROPELLO,1,0,,LIMA,LIMA,VILLA MARIA DEL TRIUNFO,URBANA,AVENIDA,URBANO,NO CORRESPONDE,NO,-12.17091248,-76.946248,DESPEJADO,RESIDENCIAL,CURVA,PLANA ,ASFALTADA,,,,,IMPRUDENCIA DEL CONDUCTOR,OTRO (IMPRUDENCIA DEL CONDUCTOR)
A-2021-05-157,23/05/2021,13:25,CAÍDA DE PASAJERO,1,0,1,PIURA,PIURA,TAMBO GRANDE,RURAL,CARRETERA,NACIONAL,PE-1NL,NO,-4.898257,-80.35187,DESPEJADO,RURAL,TRAMO RECTO,PLANA ,ASFALTADA,,,,,NO IDENTIFICA LA CAUSA,
A-2021-05-200,23/05/2021,21:00,CHOQUE,1,0,2,LAMBAYEQUE,LAMBAYEQUE,OLMOS,RURAL,CARRETERA,NACIONAL,PE-04B,NO,-5.9407622508173565,-79.60256158934189,DESPEJADO,RURAL,TRAMO RECTO,PLANA ,ASFALTADA,NO,,,SI,NO IDENTIFICA LA CAUSA,
A-2022-05-85,23/05/2022,02:30,DESPISTE,2,4,1,PUNO,CHUCUITO,POMATA,RURAL,CARRETERA,NACIONAL,PE-3S,NO,-16.357683,-69.234044,DESPEJADO,RURAL,TRAMO RECTO,PLANA ,ASFALTADA,,,,,IMPRUDENCIA DEL CONDUCTOR,FATIGA Y/O CANSANCIO
A-2022-05-101,23/05/2022,03:15,DESPISTE,1,0,1,APURIMAC,ANDAHUAYLAS,ANDAHUAYLAS,URBANA,CARRETERA,VECINAL,AP-680,NO,-13.665200139807494,-73.3918207238662,DESPEJADO,RESIDENCIAL,INTERSECCIÓN,PLANA ,AFIRMADO,,,,,IMPRUDENCIA DEL CONDUCTOR,CONDUCIR EN ESTADO DE EBRIEDAD Y/O DROGADICCIÓN
A-2022-05-102,23/05/2022,16:50,CHOQUE,1,0,2,LA LIBERTAD,PACASMAYO,GUADALUPE,RURAL,CARRETERA,NACIONAL,PE-1N,NO,-7.310261,-79.480748,DESPEJADO,RURAL,TRAMO RECTO,PLANA ,ASFALTADA,,,,,IMPRUDENCIA DEL CONDUCTOR,NO ESTABLECER EL DERECHO DE PASO
A-2022-05-93,23/05/2022,18:30,CHOQUE FUGA,1,1,1,ICA,ICA,PARCONA,URBANA,AVENIDA,URBANO,NO CORRESPONDE,NO,-14.04632,-75.698566,DESPEJADO,RESIDENCIAL,INTERSECCIÓN,PLANA ,ASFALTADA,,,,,NO IDENTIFICA LA CAUSA,
A-2022-05-262,23/05/2022,19:30,ATROPELLO,1,0,,LIMA,LIMA,LOS OLIVOS,URBANA,AVENIDA,URBANO,NO CORRESPONDE,,-11.9769816,-77.0724298,,,,,,,,,,,
A-2022-05-216,23/05/2022,21:15,CHOQUE,1,1,2,HUANUCO,AMBO,AMBO,URBANA,CARRETERA,NACIONAL,PE-3N,NO,-10.090184,-76.217113,DESPEJADO,RURAL,CURVA,PLANA ,ASFALTADA,,,,,IMPRUDENCIA DEL CONDUCTOR,CONDUCIR EN ESTADO DE EBRIEDAD Y/O DROGADICCIÓN
A-2022-05-197,23/05/2022,23:00,ATROPELLO,1,0,0,LIMA,LIMA,PACHACAMAC,URBANA,CARRETERA,VECINAL,LM-796,NO,-12.101234771981082,-76.87805603670515,DESPEJADO,ESCOLAR,TRAMO RECTO,PLANA ,ASFALTADA,,,,,NO IDENTIFICA LA CAUSA,
A-2023-05-84,23/05/2023,10:30,DESPISTE,2,0,1,HUANCAVELICA,HUANCAVELICA,CUENCA,RURAL,CARRETERA,VECINAL,HV-924,NO,-12.447519,-75.026261,SOLEADO,RURAL,CURVA,PLANA ,TROCHA,,,,,EN PROCESO DE INVESTIGACIÓN,NO CUENTA CON CAUSA ESPECIFICA
A-2023-05-42,23/05/2023,15:45,DESPISTE,1,0,1,CUSCO,PAUCARTAMBO,KOSÑIPATA,RURAL,CARRETERA,DEPARTAMENTAL,CU-114,NO,-12.91651,-71.39262,DESPEJADO,RURAL,TRAMO RECTO,PLANA ,AFIRMADO,,,,,IMPRUDENCIA DEL CONDUCTOR,EXCESO DE VELOCIDAD
A-2021-06-252,23/06/2021,00:50,DESPISTE,1,1,0,LIMA,LIMA,LOS OLIVOS,URBANA,AVENIDA,URBANO,NO CORRESPONDE,NO,-11.986489,-77.072359,DESPEJADO,INDUSTRIAL,TRAMO RECTO,PLANA ,ASFALTADA,,,,,NO IDENTIFICA LA CAUSA,
A-2021-06-162,23/06/2021,07:30,CHOQUE,1,0,3,TUMBES,TUMBES,CORRALES,RURAL,CARRETERA,NACIONAL,PE-1N,NO,-3.5857820643741536,-80.47399562260193,DESPEJADO,RURAL,TRAMO RECTO,PLANA ,ASFALTADA,,,,,NEGLIGENCIA DEL CONDUCTOR,CONDUCIR CON FALLAS DE CARROCERÍA
A-2021-06-258,23/06/2021,14:30,ATROPELLO FUGA,1,0,,LIMA,LIMA,ATE,URBANA,AVENIDA,URBANO,NO CORRESPONDE,NO,-12.0251552,-76.9204075,DESPEJADO,COMERCIAL,TRAMO RECTO,PLANA ,ASFALTADA,,,,,IMPRUDENCIA DEL CONDUCTOR,CONDUCIR EN ESTADO DE EBRIEDAD Y/O DROGADICCIÓN
A-2021-06-257,23/06/2021,15:40,ATROPELLO FUGA,1,0,0,LIMA,LIMA,LIMA,URBANA,AVENIDA,URBANO,NO CORRESPONDE,NO,-12.060343,-77.0083172,DESPEJADO,COMERCIAL,TRAMO RECTO,PLANA ,CONCRETO,,,,,NO IDENTIFICA LA CAUSA,
A-2021-06-324,23/06/2021,17:00,CHOQUE,1,1,2,LAMBAYEQUE,LAMBAYEQUE,LAMBAYEQUE,,CARRETERA,NACIONAL,PE-1N,NO,-6.6813219,-79.9039121,DESPEJADO,INDUSTRIAL,ÓVALO,PLANA ,ASFALTADA,SI,INFORMATIVA (I),REGULADORA (R),NO,NO IDENTIFICA LA CAUSA,
A-2021-06-231,23/06/2021,18:00,DESPISTE,1,0,1,ANCASH,RECUAY,COTAPARACO,RURAL,CARRETERA,VECINAL,AN-1229,NO,-9.968398244619365,-77.52915705967843,DESPEJADO,RURAL,CURVA,INCLINADA,TROCHA,,,,,IMPRUDENCIA DEL CONDUCTOR,FATIGA Y/O CANSANCIO
A-2021-06-309,23/06/2021,18:00,ATROPELLO,1,0,2,JUNIN,JAUJA,MUQUIYAUYO,URBANA,CARRETERA,NACIONAL,PE-3SB,NO,-11.818794,-75.452447,DESPEJADO,RURAL,OTRO,PLANA ,ASFALTADA,,,,,IMPRUDENCIA DEL CONDUCTOR,EXCESO DE VELOCIDAD
A-2021-06-317,23/06/2021,18:30,ATROPELLO,1,0,1,CUSCO,PAUCARTAMBO,KOSÑIPATA,RURAL,CARRETERA,DEPARTAMENTAL,CU-113,NO,-12.909693556407934,-71.40412218989076,DESPEJADO,RESIDENCIAL,TRAMO RECTO,PLANA ,TROCHA,,,,,IMPRUDENCIA DEL CONDUCTOR,EXCESO DE VELOCIDAD
A-2021-06-180,23/06/2021,19:00,CHOQUE,1,0,1,LORETO,MAYNAS,SAN JUAN BAUTISTA,RURAL,CARRETERA,DEPARTAMENTAL,LO-103,NO,-3.8997230478880325,-73.35048787087666,DESPEJADO,RURAL,TRAMO RECTO,PLANA ,ASFALTADA,,,,,NO IDENTIFICA LA CAUSA,
A-2021-06-189,23/06/2021,23:00,ATROPELLO FUGA,1,0,0,HUANUCO,LEONCIO PRADO,MARIANO DAMASO BERAUN,RURAL,CARRETERA,NACIONAL,PE-18A,NO,-9.431958843446022,-75.96656942106995,DESPEJADO,RURAL,TRAMO RECTO,PLANA ,ASFALTADA,,REGULADORA (R),,,IMPRUDENCIA DEL CONDUCTOR,EXCESO DE VELOCIDAD
A-2022-06-102,23/06/2022,01:30,DESPISTE,1,1,,ICA,PISCO,PISCO,URBANA,AVENIDA,URBANO,NO CORRESPONDE,NO,-13.717682,-76.194882,DESPEJADO,COMERCIAL,CURVA,PLANA ,ASFALTADA,,,,,NO IDENTIFICA LA CAUSA,
A-2022-06-41,23/06/2022,06:19,CHOQUE,1,0,0,PUNO,EL COLLAO,PILCUYO,RURAL,CARRETERA,DEPARTAMENTAL,PU-127,NO,-16.098306,-69.547939,DESPEJADO,RURAL,TRAMO RECTO,PLANA ,ASFALTADA,,,,,IMPRUDENCIA DEL CONDUCTOR,CONDUCIR EN SENTIDO CONTRARIO
A-2022-06-149,23/06/2022,06:30,DESPISTE,1,1,,PIURA,PIURA,CURA MORI,RURAL,CARRETERA,NACIONAL,PE-1N,NO,-5.39432110512937,-80.6138139425431,DESPEJADO,RURAL,TRAMO RECTO,PLANA ,AFIRMADO,,,,,NO IDENTIFICA LA CAUSA,
A-2022-06-150,23/06/2022,13:30,CHOQUE,1,0,,PIURA,PIURA,PIURA,URBANA,CARRETERA,NACIONAL,PE-1N,NO,-5.208412,-80.649925,DESPEJADO,COMERCIAL,TRAMO RECTO,PLANA ,ASFALTADA,,,,,NO IDENTIFICA LA CAUSA,
A-2022-06-92,23/06/2022,21:20,ATROPELLO,1,0,1,LA LIBERTAD,TRUJILLO,TRUJILLO,URBANA,AVENIDA,URBANO,NO CORRESPONDE,NO,-8.093435,-78.996373,DESPEJADO,COMERCIAL,INTERSECCIÓN,PLANA ,ASFALTADA,,,,,NO IDENTIFICA LA CAUSA,
A-2023-06-34,23/06/2023,06:00,CHOQUE,2,21,2,ICA,PISCO,SAN ANDRES,RURAL,CARRETERA,NACIONAL,PE-1S,NO,-13.805451,-76.153678,DESPEJADO,COMERCIAL,TRAMO RECTO,PLANA ,ASFALTADA,,,,,IMPRUDENCIA DEL CONDUCTOR,NO ESTABLECER EL DERECHO DE PASO
A-2023-06-85,23/06/2023,10:00,CHOQUE,1,0,,CALLAO,CALLAO,CALLAO,URBANA,AVENIDA,URBANO,NO CORRESPONDE,SI,-12.0535115352111,-77.0980031702465,DESPEJADO,COMERCIAL,TRAMO RECTO,INCLINADA,ASFALTADA,NO,,,SI,EN PROCESO DE INVESTIGACIÓN,NO CUENTA CON CAUSA ESPECIFICA
A-2023-06-26,23/06/2023,21:45,CHOQUE,2,1,2,APURIMAC,CHINCHEROS,ANCO_HUALLO,URBANA,CARRETERA,NACIONAL,PE-3S,NO,-13.545866,-73.64539,DESPEJADO,RURAL,CURVA,INCLINADA,ASFALTADA,SI,PREVENTIVA (P),,SI,IMPRUDENCIA DEL CONDUCTOR,CONDUCIR EN ESTADO DE EBRIEDAD Y/O DROGADICCIÓN
A-2023-06-54,23/06/2023,22:37,ATROPELLO,1,0,1,CUSCO,CUSCO,POROY,RURAL,CARRETERA,NACIONAL,PE-3S,NO,-13.496994,-72.037106,DESPEJADO,COMERCIAL,TRAMO RECTO,PLANA ,ASFALTADA,SI,REGULADORA (R),PREVENTIVA (P),SI,IMPRUDENCIA DEL PEATÓN,ESTADO DE EBRIEDAD Y/O DROGADICCIÓN
A-2023-06-172,23/06/2023,23:30,DESPISTE,1,0,,LIMA,LIMA,LURIN,URBANA,AVENIDA,URBANO,NO CORRESPONDE,NO,-12.25687931,-76.88821116,DESPEJADO,COMERCIAL,INTERSECCIÓN,PLANA ,ASFALTADA,,,,,IMPRUDENCIA DEL CONDUCTOR,OTRO (IMPRUDENCIA DEL CONDUCTOR)
A-2021-07-184,23/07/2021,05:40,DESPISTE,1,0,1,UCAYALI,CORONEL PORTILLO,CALLERIA,URBANA,JIRÓN,URBANO,NO CORRESPONDE,NO,-8.37840439214574,-74.5382397939836,DESPEJADO,COMERCIAL,TRAMO RECTO,PLANA ,CONCRETO,NO,,,SI,IMPRUDENCIA DEL CONDUCTOR,CONDUCIR EN ESTADO DE EBRIEDAD Y/O DROGADICCIÓN
A-2022-07-168,23/07/2022,16:00,DESPISTE,1,0,1,LIMA,LIMA,CARABAYLLO,URBANA,AVENIDA,URBANO,NO CORRESPONDE,NO,-11.856792824116665,-77.04370578717374,DESPEJADO,RESIDENCIAL,TRAMO RECTO,PLANA ,ASFALTADA,NO,,,SI,NO IDENTIFICA LA CAUSA,
A-2022-07-247,23/07/2022,17:25,DESPISTE,1,2,1,JUNIN,YAULI,LA OROYA,URBANA,CARRETERA,NACIONAL,PE-3S,NO,-11.530042812309489,-75.89507774491513,DESPEJADO,COMERCIAL,TRAMO RECTO,PLANA ,ASFALTADA,NO,,,SI,IMPRUDENCIA DEL CONDUCTOR,EXCESO DE VELOCIDAD
A-2022-07-96,23/07/2022,22:00,DESPISTE,1,0,1,LAMBAYEQUE,CHICLAYO,PIMENTEL,RURAL,CARRETERA,SIN CLASIFICAR,SIN CLASIFICAR,NO,-6.826392,-79.936177,DESPEJADO,RURAL,TRAMO RECTO,PLANA ,TROCHA,,,,,NO IDENTIFICA LA CAUSA,
A-2022-07-102,23/07/2022,23:00,CHOQUE FUGA,1,1,2,LA LIBERTAD,VIRU,VIRU,RURAL,CARRETERA,NACIONAL,PE-1N,NO,-8.405742,-78.826346,DESPEJADO,RURAL,TRAMO RECTO,PLANA ,ASFALTADA,,,,,NO IDENTIFICA LA CAUSA,
A-2022-07-271,23/07/2022,23:00,ATROPELLO,1,0,,MADRE DE DIOS,TAHUAMANU,IBERIA,URBANA,AVENIDA,URBANO,NO CORRESPONDE,,-11.405563,-69.490785,,,,,,,,,,,
A-2023-07-73,23/07/2023,00:30,ATROPELLO FUGA,1,0,,CUSCO,QUISPICANCHI,URCOS,URBANA,CARRETERA,NACIONAL,PE-3S,NO,-13.70468,-71.59616,DESPEJADO,RURAL,TRAMO RECTO,PLANA ,ASFALTADA,SI,PREVENTIVA (P),,SI,IMPRUDENCIA DEL CONDUCTOR,EXCESO DE VELOCIDAD
A-2023-07-147,23/07/2023,04:40,ATROPELLO,1,0,,LIMA,LIMA,INDEPENDENCIA,URBANA,CARRETERA,NACIONAL,PE-1N,NO,-12.00245,-77.062072,DESPEJADO,COMERCIAL,TRAMO RECTO,INCLINADA,ASFALTADA,,,,,EN PROCESO DE INVESTIGACIÓN,NO CUENTA CON CAUSA ESPECIFICA
A-2023-07-43,23/07/2023,08:30,CHOQUE,2,0,2,ICA,NASCA,MARCONA,RURAL,CARRETERA,NACIONAL,PE-1S,NO,-15.2065156,-74.9553179,SOLEADO,RURAL,TRAMO RECTO,PLANA ,ASFALTADA,,,,,IMPRUDENCIA DEL CONDUCTOR,INVASIÓN DE CARRIL
A-2023-07-68,23/07/2023,12:40,CHOQUE,1,3,2,LA LIBERTAD,ASCOPE,RAZURI,RURAL,CARRETERA,VECINAL,LI-610,NO,-7.7046563,-79.4309629,DESPEJADO,RURAL,TRAMO RECTO,PLANA ,ASFALTADA,,,,,IMPRUDENCIA DEL CONDUCTOR,GIRAR IMPRUDENTEMENTE