CÓDIGO SINIESTRO,FECHA SINIESTRO,HORA SINIESTRO,CLASE SINIESTRO,CANTIDAD DE FALLECIDOS,CANTIDAD DE LESIONADOS,CANTIDAD DE VEHICULOS DAÑADOS,DEPARTAMENTO,PROVINCIA,DISTRITO,ZONA,TIPO DE VÍA,RED VIAL,COD CARRETERA,EXISTE CICLOVÍA,COORDENADAS LATITUD,COORDENADAS  LONGITUD,CONDICIÓN CLIMÁTICA,ZONIFICACIÓN,CARACTERÍSTICAS DE VÍA,PERFIL LONGITUDINAL VÍA,SUPERFICIE DE CALZADA,¿EXISTE SEÑAL VERTICAL?,CLASIFICACIÓN DE LA SEÑAL VERTICAL Nº 1,CLASIFICACIÓN DE LA SEÑAL VERTICAL Nº 2,¿EXISTE SEÑAL HORIZONTAL?,CAUSA FACTOR PRINCIPAL,CAUSA ESPECÍFICA
A-2021-04-178,27/04/2021,07:30,CAÍDA DE PASAJERO,1,0,1,AREQUIPA,AREQUIPA,CAYMA,URBANA,CALLE,URBANO,NO CORRESPONDE,NO,-16.391007942757486,-71.54839748858807,DESPEJADO,RESIDENCIAL,TRAMO RECTO,PLANA ,ASFALTADA,,,,,IMPRUDENCIA DEL PASAJERO/OCUPANTE,OTRO (IMPRUDENCIA DEL PASAJERO/OCUPANTE)
A-2021-04-173,27/04/2021,08:00,DESPISTE,1,0,2,LA LIBERTAD,PATAZ,PATAZ,RURAL,CARRETERA,DEPARTAMENTAL,LI-124,NO,-7.719236,-77.662911,DESPEJADO,RURAL,TRAMO RECTO,PLANA ,ASFALTADA,,,,,NO IDENTIFICA LA CAUSA,
A-2021-04-172,27/04/2021,11:30,CHOQUE,1,0,2,LA LIBERTAD,TRUJILLO,HUANCHACO,RURAL,CARRETERA,NACIONAL,PE-1N,NO,-8.024046,-79.076353,DESPEJADO,RURAL,TRAMO RECTO,PLANA ,ASFALTADA,,,,,IMPRUDENCIA DEL CONDUCTOR,NO ESTABLECER EL DERECHO DE PASO
A-2021-04-216,27/04/2021,18:00,CHOQUE,1,0,2,LAMBAYEQUE,CHICLAYO,REQUE,URBANA,CARRETERA,NACIONAL,PE-1N,NO,-6.8626205138730185,-79.81867247722157,DESPEJADO,RESIDENCIAL,INTERSECCIÓN,PLANA ,ASFALTADA,SI,REGULADORA (R),PREVENTIVA (P),NO,NO IDENTIFICA LA CAUSA,
A-2021-04-188,27/04/2021,18:45,CHOQUE,1,0,1,MOQUEGUA,MARISCAL NIETO,MOQUEGUA,RURAL,CARRETERA,DEPARTAMENTAL,MO-107,NO,-17.213738,-70.922987,DESPEJADO,RURAL,TRAMO RECTO,INCLINADA,ASFALTADA,SI,REGULADORA (R),PREVENTIVA (P),SI,IMPRUDENCIA DEL CONDUCTOR,CONDUCIR EN ESTADO DE EBRIEDAD Y/O DROGADICCIÓN
A-2022-04-129,27/04/2022,11:30,DESPISTE,1,2,1,ANCASH,SIHUAS,CASHAPAMPA,RURAL,CARRETERA,SIN CLASIFICAR,SIN CLASIFICAR,NO,-8.620026536604788,-77.67033020654456,DESPEJADO,RURAL,SINUOSA,INCLINADA,ASFALTADA,,,,,NO IDENTIFICA LA CAUSA,
A-2022-04-120,27/04/2022,19:00,CHOQUE,1,0,,PUNO,PUNO,COATA,RURAL,CARRETERA,DEPARTAMENTAL,PU-118,NO,-15.5669178051,-69.95664023,DESPEJADO,RURAL,TRAMO RECTO,PLANA ,ASFALTADA,,,,,IMPRUDENCIA DEL CONDUCTOR,INVASIÓN DE CARRIL
A-2022-04-203,27/04/2022,20:00,ATROPELLO,1,0,,LIMA,LIMA,CARABAYLLO,URBANA,AVENIDA,URBANO,NO CORRESPONDE,,-11.872143,-77.01105,,,,,,,,,,,
A-2022-04-162,27/04/2022,23:45,VOLCADURA,1,0,1,APURIMAC,CHINCHEROS,CHINCHEROS,RURAL,CARRETERA,NACIONAL,PE-3S,NO,-13.515317,-73.706191,DESPEJADO,RURAL,TRAMO RECTO,INCLINADA,ASFALTADA,SI,REGULADORA (R),,NO,NEGLIGENCIA DEL CONDUCTOR,OTRO (NEGLIGENCIA DEL CONDUCTOR)
A-2023-04-73,27/04/2023,02:40,ATROPELLO,1,0,1,AREQUIPA,AREQUIPA,YURA,URBANA,CARRETERA,NACIONAL,PE-34A,NO,-16.2503384,-71.6777896,DESPEJADO,COMERCIAL,CURVA,PLANA ,ASFALTADA,NO,,,SI,NO IDENTIFICA LA CAUSA,
A-2023-04-131,27/04/2023,06:23,ATROPELLO FUGA,1,0,,LIMA,LIMA,LURIGANCHO,URBANA,AVENIDA,URBANO,NO CORRESPONDE,NO,-12.00777096,-76.92043616,DESPEJADO,INDUSTRIAL,INTERSECCIÓN,PLANA ,ASFALTADA,,,,,EN PROCESO DE INVESTIGACIÓN,NO CUENTA CON CAUSA ESPECIFICA
A-2023-04-56,27/04/2023,07:30,DESPISTE,1,0,1,HUANCAVELICA,HUANCAVELICA,PILCHACA,RURAL,CARRETERA,VECINAL,HV-930,NO,-12.398508,-75.099057,SOLEADO,RURAL,SINUOSA,PLANA ,TROCHA,,,,,NO IDENTIFICA LA CAUSA,
A-2023-04-132,27/04/2023,10:31,ATROPELLO FUGA,1,0,,LIMA,LIMA,LA MOLINA,URBANA,CARRETERA,NACIONAL,PE-1S,NO,-12.075539,-76.974923,DESPEJADO,RESIDENCIAL,TRAMO RECTO,PLANA ,ASFALTADA,SI,REGULADORA (R),,SI,EN PROCESO DE INVESTIGACIÓN,NO CUENTA CON CAUSA ESPECIFICA
A-2023-04-53,27/04/2023,18:10,DESPISTE,1,0,1,CUSCO,PARURO,ACCHA,RURAL,CARRETERA,DEPARTAMENTAL,CU-117,NO,-13.971529,-71.82597,DESPEJADO,RURAL,TRAMO RECTO,PLANA ,AFIRMADO,,,,,IMPRUDENCIA DEL CONDUCTOR,CONDUCIR EN ESTADO DE EBRIEDAD Y/O DROGADICCIÓN
A-2023-04-129,27/04/2023,18:50,ATROPELLO,1,0,,LIMA,LIMA,SAN JUAN DE LURIGANCHO,URBANA,AVENIDA,URBANO,NO CORRESPONDE,NO,-12.00268844,-76.99903106,DESPEJADO,COMERCIAL,INTERSECCIÓN,PLANA ,ASFALTADA,,,,,IMPRUDENCIA DEL CONDUCTOR,OTRO (IMPRUDENCIA DEL CONDUCTOR)
A-2021-05-165,27/05/2021,01:41,CHOQUE,1,0,2,AREQUIPA,CAYLLOMA,SAN ANTONIO DE CHUCA,RURAL,CARRETERA,NACIONAL,PE-34A,SI,-15.755638,-70.949413,DESPEJADO,RURAL,TRAMO RECTO,PLANA ,ASFALTADA,NO,,,SI,NO IDENTIFICA LA CAUSA,
A-2021-05-265,27/05/2021,06:30,ATROPELLO,1,0,1,PUNO,SAN ANTONIO DE PUTINA,PUTINA,URBANA,CARRETERA,NACIONAL,PE-34H,NO,-14.914385,-69.861438,DESPEJADO,COMERCIAL,INTERSECCIÓN,PLANA ,ASFALTADA,,,,,IMPRUDENCIA DEL CONDUCTOR,EXCESO DE VELOCIDAD
A-2021-05-163,27/05/2021,08:40,CHOQUE,1,0,2,HUANUCO,LEONCIO PRADO,JOSE CRESPO Y CASTILLO,RURAL,JIRÓN,URBANO,NO CORRESPONDE,NO,-8.92963,-76.11737,DESPEJADO,RURAL,INTERSECCIÓN,PLANA ,TROCHA,,,,,IMPRUDENCIA DEL CONDUCTOR,EXCESO DE VELOCIDAD
A-2021-05-312,27/05/2021,17:40,ATROPELLO,1,0,0,LIMA,LIMA,COMAS,URBANA,AVENIDA,URBANO,NO CORRESPONDE,NO,-11.961375,-77.062622,DESPEJADO,RESIDENCIAL,INTERSECCIÓN,PLANA ,ASFALTADA,,,,,IMPRUDENCIA DEL PEATÓN,ESTADO DE EBRIEDAD Y/O DROGADICCIÓN
A-2022-05-218,27/05/2022,04:00,ATROPELLO FUGA,1,0,,LIMA,HUARAL,AUCALLAMA,URBANA,CARRETERA,NACIONAL,PE-1NA,NO,-11.61655,-77.22741,DESPEJADO,COMERCIAL,TRAMO RECTO,PLANA ,ASFALTADA,,,,,NO IDENTIFICA LA CAUSA,
A-2022-05-265,27/05/2022,06:15,CHOQUE FUGA,1,1,,LIMA,LIMA,SAN JUAN DE MIRAFLORES,URBANA,AVENIDA,URBANO,NO CORRESPONDE,,-12.18605,-76.97927,,,,,,,,,,,
A-2022-05-175,27/05/2022,18:40,DESPISTE,1,0,1,PUNO,MELGAR,AYAVIRI,RURAL,CARRETERA,NACIONAL,PE-3S,NO,-14.8408481,-70.6528306,DESPEJADO,RURAL,TRAMO RECTO,PLANA ,ASFALTADA,,,,,IMPRUDENCIA DEL CONDUCTOR,CONDUCIR EN ESTADO DE EBRIEDAD Y/O DROGADICCIÓN
A-2023-05-32,27/05/2023,18:10,ATROPELLO FUGA,1,0,,CUSCO,ANTA,ANTA,RURAL,CARRETERA,NACIONAL,PE-3S,NO,-13.479735,-72.161786,DESPEJADO,RURAL,TRAMO RECTO,PLANA ,ASFALTADA,NO,,,SI,NO IDENTIFICA LA CAUSA,
A-2023-05-113,27/05/2023,20:00,ATROPELLO,1,0,,LIMA,LIMA,LIMA,URBANA,AVENIDA,URBANO,NO CORRESPONDE,NO,-12.05875452,-77.01399072,DESPEJADO,COMERCIAL,TRAMO RECTO,PLANA ,ASFALTADA,SI,INFORMATIVA (I),,SI,IMPRUDENCIA DEL CONDUCTOR,EXCESO DE VELOCIDAD
A-2023-05-114,27/05/2023,20:10,ATROPELLO,1,0,,LIMA,LIMA,PUENTE PIEDRA,URBANA,CARRETERA,NACIONAL,PE-1N,NO,-11.841271,-77.10371989,DESPEJADO,COMERCIAL,TRAMO RECTO,PLANA ,ASFALTADA,SI,PREVENTIVA (P),REGULADORA (R),NO,IMPRUDENCIA DEL PEATÓN,OTRO (IMPRUDENCIA DEL PEATÓN)
A-2021-06-355,27/06/2021,02:00,CHOQUE,1,0,2,SAN MARTIN,SAN MARTIN,MORALES,URBANA,CARRETERA,NACIONAL,PE-5N,NO,-6.49826,-76.39229,DESPEJADO,COMERCIAL,INTERSECCIÓN,PLANA ,ASFALTADA,NO,,,SI,IMPRUDENCIA DEL CONDUCTOR,CONDUCIR EN ESTADO DE EBRIEDAD Y/O DROGADICCIÓN
A-2021-06-213,27/06/2021,03:00,ATROPELLO FUGA,1,0,,MADRE DE DIOS,TAMBOPATA,INAMBARI,RURAL,CARRETERA,NACIONAL,PE-30C,,-12.8771848139546,-70.0402617188448,,,,,,,,,,,
A-2021-06-305,27/06/2021,03:45,DESPISTE,1,0,1,ICA,ICA,PARCONA,URBANA,CARRETERA,NACIONAL,PE-1SC,NO,-14.0611623,-75.7207144,DESPEJADO,COMERCIAL,TRAMO RECTO,PLANA ,ASFALTADA,NO,,,SI,NO IDENTIFICA LA CAUSA,
A-2021-06-211,27/06/2021,03:46,ATROPELLO,1,1,2,SAN MARTIN,RIOJA,ELIAS SOPLIN VARGAS,URBANA,CARRETERA,NACIONAL,PE-5N,NO,-5.979007,-77.288573,DESPEJADO,RURAL,TRAMO RECTO,INCLINADA,ASFALTADA,SI,REGULADORA (R),INFORMATIVA (I),NO,IMPRUDENCIA DEL PEATÓN,USO DE DISPOSITIVOS MÓVILES Y/O ELECTRÓNICOS
A-2021-06-283,27/06/2021,06:00,CHOQUE,1,1,2,AREQUIPA,CAMANA,NICOLAS DE PIEROLA,RURAL,CARRETERA,VECINAL,AR-548,NO,-16.57889943703677,-72.71130139837734,DESPEJADO,RURAL,CURVA,PLANA ,ASFALTADA,,,,,NO IDENTIFICA LA CAUSA,
A-2021-06-225,27/06/2021,07:30,VOLCADURA,1,0,2,PUNO,SAN ROMAN,JULIACA,URBANA,JIRÓN,URBANO,NO CORRESPONDE,NO,-15.500896,-70.130469,DESPEJADO,COMERCIAL,INTERSECCIÓN,PLANA ,CONCRETO,,,,,IMPRUDENCIA DEL CONDUCTOR,EXCESO DE VELOCIDAD
A-2021-06-201,27/06/2021,14:20,DESPISTE,2,2,1,AREQUIPA,AREQUIPA,CERRO COLORADO,URBANA,CARRETERA,DEPARTAMENTAL,AR-123,NO,-16.3665336,-71.6378436,DESPEJADO,RESIDENCIAL,TRAMO RECTO,PLANA ,ASFALTADA,,,,,NO IDENTIFICA LA CAUSA,
A-2021-06-202,27/06/2021,14:20,CHOQUE,1,1,2,ICA,ICA,LOS AQUIJES,RURAL,AVENIDA,URBANO,NO CORRESPONDE,NO,-14.102249467716202,-75.68214878831114,DESPEJADO,RURAL,CURVA,PLANA ,ASFALTADA,,,,,IMPRUDENCIA DEL CONDUCTOR,EXCESO DE VELOCIDAD
A-2021-06-272,27/06/2021,16:00,DESPISTE,1,0,1,AREQUIPA,CARAVELI,JAQUI,RURAL,CARRETERA,VECINAL,AR-514,NO,-15.4486459358603,-74.4027313767021,DESPEJADO,RURAL,SINUOSA,INCLINADA,TROCHA,,,,,NO IDENTIFICA LA CAUSA,
A-2021-06-297,27/06/2021,16:15,CHOQUE,1,0,2,LA LIBERTAD,GRAN CHIMU,CASCAS,RURAL,CARRETERA,DEPARTAMENTAL,LI-106,NO,-7.557302,-78.720412,DESPEJADO,RURAL,CURVA,PLANA ,AFIRMADO,,,,,IMPRUDENCIA DEL CONDUCTOR,INVASIÓN DE CARRIL
A-2021-06-358,27/06/2021,17:30,ATROPELLO FUGA,1,0,,CALLAO,CALLAO,CALLAO,URBANA,CARRETERA,NACIONAL,PE-20B,NO,-11.99989364,-77.118705716,DESPEJADO,INDUSTRIAL,TRAMO RECTO,PLANA ,ASFALTADA,,,,,NEGLIGENCIA DEL CONDUCTOR,OTRO (NEGLIGENCIA DEL CONDUCTOR)
A-2021-06-199,27/06/2021,20:00,ATROPELLO FUGA,1,0,,CALLAO,CALLAO,CALLAO,URBANA,CARRETERA,NACIONAL,PE-20B,NO,-11.999880281798202,-77.118723779655,DESPEJADO,RESIDENCIAL,TRAMO RECTO,PLANA ,ASFALTADA,,,,,NO IDENTIFICA LA CAUSA,
A-2021-06-198,27/06/2021,20:30,CHOQUE,1,1,2,TUMBES,TUMBES,CORRALES,RURAL,CARRETERA,NACIONAL,PE-1N,NO,-3.583833236874771,-80.47256820971259,DESPEJADO,RURAL,TRAMO RECTO,PLANA ,ASFALTADA,,,,,IMPRUDENCIA DEL CONDUCTOR,ADELANTAR INDEBIDAMENTE
A-2022-06-193,27/06/2022,01:00,ATROPELLO FUGA,1,0,,LIMA,LIMA,EL AGUSTINO,RURAL,CARRETERA,NACIONAL,PE-22,NO,-12.031868571136119,-76.98848593151921,DESPEJADO,RURAL,TRAMO RECTO,PLANA ,ASFALTADA,,,,,NO IDENTIFICA LA CAUSA,
A-2022-06-194,27/06/2022,02:00,DESPISTE,1,0,,LIMA,LIMA,CHACLACAYO,URBANA,CARRETERA,NACIONAL,PE-22,NO,-11.978427911890416,-76.78207926382203,DESPEJADO,INDUSTRIAL,TRAMO RECTO,PLANA ,ASFALTADA,,,,,NO IDENTIFICA LA CAUSA,
A-2022-06-195,27/06/2022,03:40,DESPISTE,1,1,,LIMA,LIMA,SAN BORJA,URBANA,AVENIDA,URBANO,NO CORRESPONDE,NO,-12.111403465270996,-76.99590301513672,DESPEJADO,COMERCIAL,TRAMO RECTO,PLANA ,ASFALTADA,,,,,NO IDENTIFICA LA CAUSA,
A-2022-06-170,27/06/2022,04:30,DESPISTE,1,0,1,PUNO,LAMPA,SANTA LUCIA,RURAL,CARRETERA,NACIONAL,PE-34A,NO,-15.6880311,-70.8102044,DESPEJADO,RURAL,CURVA,PLANA ,ASFALTADA,NO,,,SI,IMPRUDENCIA DEL CONDUCTOR,EXCESO DE VELOCIDAD
A-2022-06-146,27/06/2022,06:50,DESPISTE,1,0,1,LAMBAYEQUE,LAMBAYEQUE,LAMBAYEQUE,RURAL,CARRETERA,NACIONAL,PE-1N,NO,-6.648391,-79.942871,DESPEJADO,RURAL,TRAMO RECTO,PLANA ,ASFALTADA,,,,,NO IDENTIFICA LA CAUSA,
A-2022-06-265,27/06/2022,18:00,DESPISTE,1,2,1,AYACUCHO,HUANCA SANCOS,CARAPO,RURAL,CARRETERA,NACIONAL,PE-30D,NO,-13.7773756952253,-74.3259621976569,DESPEJADO,RURAL,CURVA,INCLINADA,AFIRMADO,SI,PREVENTIVA (P),,NO,NEGLIGENCIA DEL CONDUCTOR,CONDUCIR CON FALLAS DE FRENOS
A-2022-06-98,27/06/2022,18:00,CHOQUE,1,0,2,LA LIBERTAD,SANTIAGO DE CHUCO,QUIRUVILCA,RURAL,CARRETERA,NACIONAL,PE-3N,NO,-7.998345,-78.307615,DESPEJADO,RURAL,TRAMO RECTO,PLANA ,ASFALTADA,,,,,NO IDENTIFICA LA CAUSA,
A-2022-06-230,27/06/2022,19:00,ATROPELLO,1,0,1,JUNIN,HUANCAYO,HUALHUAS,RURAL,CARRETERA,NACIONAL,PE-3S,NO,-11.982411,-75.262406,DESPEJADO,RURAL,TRAMO RECTO,PLANA ,ASFALTADA,,,,,IMPRUDENCIA DEL PEATÓN,CRUCE INDEBIDO POR LA CALZADA
A-2023-06-149,27/06/2023,05:50,ATROPELLO FUGA,1,0,,LIMA,LIMA,PUNTA HERMOSA,RURAL,CARRETERA,NACIONAL,PE-1S,NO,-12.32425,-76.826043,DESPEJADO,RURAL,TRAMO RECTO,PLANA ,ASFALTADA,SI,REGULADORA (R),,NO,IMPRUDENCIA DEL PEATÓN,OTRO (IMPRUDENCIA DEL PEATÓN)
A-2023-06-38,27/06/2023,14:45,ATROPELLO,1,0,,ICA,PISCO,SAN CLEMENTE,URBANA,CARRETERA,NACIONAL,PE-1S,NO,-13.68329,-76.159812,DESPEJADO,COMERCIAL,TRAMO RECTO,PLANA ,ASFALTADA,,,,,NO IDENTIFICA LA CAUSA,
A-2023-06-79,27/06/2023,16:30,CHOQUE,1,0,2,PUNO,PUNO,COATA,RURAL,CARRETERA,DEPARTAMENTAL,PU-118,NO,-15.5908471,-69.864261,DESPEJADO,RURAL,TRAMO RECTO,PLANA ,ASFALTADA,,,,,IMPRUDENCIA DEL CONDUCTOR,INVASIÓN DE CARRIL
A-2023-06-75,27/06/2023,19:00,ATROPELLO FUGA,1,0,,LA LIBERTAD,ASCOPE,RAZURI,RURAL,CARRETERA,VECINAL,LI-605,NO,-7.710862,-79.373634,DESPEJADO,RURAL,TRAMO RECTO,PLANA ,AFIRMADO,,,,,NO IDENTIFICA LA CAUSA,
A-2023-06-103,27/06/2023,21:45,DESPISTE,1,0,1,CUSCO,URUBAMBA,URUBAMBA,RURAL,OTRO,URBANO,NO CORRESPONDE,NO,-13.290731,-72.113011,DESPEJADO,RURAL,CURVA,PLANA ,AFIRMADO,SI,PREVENTIVA (P),,NO,IMPRUDENCIA DEL CONDUCTOR,CONDUCIR EN ESTADO DE EBRIEDAD Y/O DROGADICCIÓN
A-2023-06-82,27/06/2023,22:30,CHOQUE,1,10,,AREQUIPA,CAYLLOMA,CABANACONDE,RURAL,CARRETERA,SIN CLASIFICAR,SIN CLASIFICAR,,-15.582881,-72.022953,,,,,,,,,,,
A-2021-07-261,27/07/2021,00:30,ATROPELLO,1,0,0,LIMA,LIMA,EL AGUSTINO,URBANA,AVENIDA,URBANO,NO CORRESPONDE,SI,-12.040261600219106,-76.98175109999394,DESPEJADO,RESIDENCIAL,TRAMO RECTO,PLANA ,ASFALTADA,,,,,NO IDENTIFICA LA CAUSA,
A-2021-07-301,27/07/2021,02:00,CHOQUE,1,0,0,ANCASH,SANTA,NEPEÑA,RURAL,CARRETERA,NACIONAL,PE-1N,NO,-9.19170848429488,-78.46640674787727,DESPEJADO,RURAL,TRAMO RECTO,PLANA ,ASFALTADA,,,,,NO IDENTIFICA LA CAUSA,
A-2021-07-302,27/07/2021,03:00,ATROPELLO,1,0,1,ANCASH,CASMA,COMANDANTE NOEL,RURAL,CARRETERA,NACIONAL,PE-1N,NO,-9.426593350318022,-78.36302120525744,DESPEJADO,RURAL,TRAMO RECTO,PLANA ,ASFALTADA,,,,,NO IDENTIFICA LA CAUSA,
A-2021-07-206,27/07/2021,07:30,ATROPELLO FUGA,1,0,0,CAJAMARCA,CAJABAMBA,CAJABAMBA,URBANA,CARRETERA,NACIONAL,PE-3N,NO,-7.613195,-78.053616,DESPEJADO,RESIDENCIAL,TRAMO RECTO,INCLINADA,ASFALTADA,,,,,NO IDENTIFICA LA CAUSA,
A-2021-07-145,27/07/2021,17:20,DESPISTE,1,1,1,ANCASH,BOLOGNESI,CAJACAY,RURAL,CARRETERA,NACIONAL,PE-16,NO,-10.153448460439156,-77.43872082583397,DESPEJADO,RURAL,CURVA,INCLINADA,ASFALTADA,SI,PREVENTIVA (P),PREVENTIVA (P),SI,IMPRUDENCIA DEL CONDUCTOR,EXCESO DE VELOCIDAD
A-2021-07-272,27/07/2021,17:40,CHOQUE,2,6,4,JUNIN,HUANCAYO,HUANCAYO,RURAL,CARRETERA,DEPARTAMENTAL,JU-108,NO,-11.955375,-75.043765,DESPEJADO,COMERCIAL,TRAMO RECTO,PLANA ,ASFALTADA,,,,,IMPRUDENCIA DEL CONDUCTOR,CONDUCIR EN SENTIDO CONTRARIO
A-2021-07-193,27/07/2021,19:32,ATROPELLO FUGA,1,0,1,CUSCO,QUISPICANCHI,ANDAHUAYLILLAS,RURAL,CARRETERA,NACIONAL,PE-3S,NO,-13.674539,-71.669498,DESPEJADO,RURAL,TRAMO RECTO,PLANA ,ASFALTADA,,,,,NO IDENTIFICA LA CAUSA,
A-2021-07-192,27/07/2021,23:30,CHOQUE CON OBJETO FIJO,1,0,1,CUSCO,PAUCARTAMBO,KOSÑIPATA,RURAL,CARRETERA,DEPARTAMENTAL,CU-113,NO,-12.951589,-71.416603,LLUVIOSO,RURAL,SINUOSA,INCLINADA,TROCHA,,,,,NEGLIGENCIA DEL CONDUCTOR,OTRO (NEGLIGENCIA DEL CONDUCTOR)
A-2021-07-208,27/07/2021,23:45,DESPISTE,1,0,1,PIURA,SECHURA,VICE,RURAL,CARRETERA,NACIONAL,PE-1NK,NO,-5.44151,-80.81274,DESPEJADO,RURAL,TRAMO RECTO,PLANA ,ASFALTADA,,,,,,
A-2022-07-73,27/07/2022,10:00,ATROPELLO,1,0,1,ICA,ICA,SALAS,RURAL,CARRETERA,NACIONAL,PE-1S,NO,-13.928336672324372,-75.97409156267743,DESPEJADO,ESCOLAR,TRAMO RECTO,PLANA ,ASFALTADA,,,,,IMPRUDENCIA DEL PEATÓN,OTRO (IMPRUDENCIA DEL PEATÓN)
A-2022-07-275,27/07/2022,11:50,CHOQUE,1,0,,LIMA,LIMA,LURIN,URBANA,CARRETERA,NACIONAL,PE-1S,NO,-12.283256,-76.878624,DESPEJADO,INDUSTRIAL,TRAMO RECTO,PLANA ,ASFALTADA,,,,,IMPRUDENCIA DEL CONDUCTOR,OTRO (IMPRUDENCIA DEL CONDUCTOR)
A-2022-07-107,27/07/2022,14:00,DESPISTE,1,1,1,LA LIBERTAD,PACASMAYO,SAN PEDRO DE LLOC,RURAL,CARRETERA,NACIONAL,PE-1N,NO,-7.45568,-79.4791,DESPEJADO,RURAL,TRAMO RECTO,PLANA ,ASFALTADA,,,,,IMPRUDENCIA DEL CONDUCTOR,EXCESO DE VELOCIDAD
A-2022-07-241,27/07/2022,15:30,CHOQUE,1,0,2,PASCO,PASCO,YANACANCHA,RURAL,CARRETERA,NACIONAL,PE-3N,NO,-10.693986356239142,-76.2299305049702,DESPEJADO,RURAL,TRAMO RECTO,INCLINADA,ASFALTADA,,,,,IMPRUDENCIA DEL CONDUCTOR,EXCESO DE VELOCIDAD
A-2022-07-59,27/07/2022,16:00,ATROPELLO FUGA,1,0,,PUNO,PUNO,HUATA,RURAL,CARRETERA,DEPARTAMENTAL,PU-118,NO,-15.643570582570842,-70.01571850426642,DESPEJADO,RURAL,TRAMO RECTO,PLANA ,ASFALTADA,,,,,NO IDENTIFICA LA CAUSA,
A-2022-07-269,27/07/2022,19:00,ATROPELLO,1,0,,LORETO,MAYNAS,SAN JUAN BAUTISTA,URBANA,CARRETERA,DEPARTAMENTAL,LO-103,NO,-4.16745693410258,-73.4740998807758,DESPEJADO,INDUSTRIAL,TRAMO RECTO,PLANA ,ASFALTADA,,,,,IMPRUDENCIA DEL PEATÓN,ESTADO DE EBRIEDAD Y/O DROGADICCIÓN
A-2022-07-124,27/07/2022,19:20,ATROPELLO FUGA,1,0,,HUANUCO,LEONCIO PRADO,JOSE CRESPO Y CASTILLO,RURAL,CARRETERA,NACIONAL,PE-5N,NO,-8.856348,-76.107646,DESPEJADO,RURAL,TRAMO RECTO,PLANA ,ASFALTADA,,,,,NO IDENTIFICA LA CAUSA,
A-2022-07-191,27/07/2022,20:00,DESPISTE,1,0,1,PUNO,SAN ROMAN,CARACOTO,RURAL,CARRETERA,VECINAL,PU-949,NO,-15.587530482560526,-70.06278629800428,DESPEJADO,RURAL,TRAMO RECTO,PLANA ,ASFALTADA,,,,,IMPRUDENCIA DEL CONDUCTOR,CONDUCIR EN ESTADO DE EBRIEDAD Y/O DROGADICCIÓN
A-2022-07-162,27/07/2022,22:30,ATROPELLO,1,1,1,LIMA,LIMA,SAN MIGUEL,URBANA,OTRO,URBANO,NO CORRESPONDE,NO,-12.089397281999027,-77.08955165915467,DESPEJADO,RESIDENCIAL,OTRO,INCLINADA,ASFALTADA,,,,,NO IDENTIFICA LA CAUSA,
A-2023-07-58,27/07/2023,07:20,DESPISTE,1,0,1,CUSCO,LA CONVENCION,MARANURA,RURAL,CARRETERA,VECINAL,CU-855,NO,-12.923910056865354,-72.65302522321855,DESPEJADO,RURAL,TRAMO RECTO,INCLINADA,AFIRMADO,,,,,NEGLIGENCIA DEL CONDUCTOR,CONDUCIR CON FALLAS DE FRENOS
A-2023-07-152,27/07/2023,11:10,DESPISTE,1,0,,LIMA,LIMA,SAN JUAN DE MIRAFLORES,URBANA,CARRETERA,NACIONAL,PE-1S,NO,-12.19210476,-76.97262969,DESPEJADO,COMERCIAL,CURVA,INCLINADA,ASFALTADA,,,,,NO IDENTIFICA LA CAUSA,
A-2023-07-151,27/07/2023,11:30,ATROPELLO FUGA,1,0,,LIMA,LIMA,CARABAYLLO,URBANA,CALLE,URBANO,NO CORRESPONDE,NO,-11.88194414,-77.05194375,DESPEJADO,RESIDENCIAL,TRAMO RECTO,PLANA ,ASFALTADA,,,,,EN PROCESO DE INVESTIGACIÓN,NO CUENTA CON CAUSA ESPECIFICA
A-2023-07-76,27/07/2023,16:55,DESPISTE,1,1,1,AREQUIPA,CAYLLOMA,SAN ANTONIO DE CHUCA,RURAL,CARRETERA,NACIONAL,PE-34A,NO,-15.761795,-70.989748,DESPEJADO,RURAL,CURVA,INCLINADA,ASFALTADA,,,,,NO IDENTIFICA LA CAUSA,
A-2021-08-305,27/08/2021,11:00,ATROPELLO,1,0,,HUANUCO,HUANUCO,HUANUCO,URBANA,PASAJE,URBANO,NO CORRESPONDE,NO,-9.938857,-76.255321,DESPEJADO,COMERCIAL,TRAMO RECTO,PLANA ,AFIRMADO,,,,,IMPRUDENCIA DEL PEATÓN,OTRO (IMPRUDENCIA DEL PEATÓN)
A-2021-08-160,27/08/2021,17:00,DESPISTE,1,1,1,CAJAMARCA,CAJABAMBA,CACHACHI,RURAL,CARRETERA,VECINAL,CA-1647,NO,-7.63348167,-78.22005333,DESPEJADO,RURAL,CURVA,INCLINADA,AFIRMADO,,,,,NEGLIGENCIA DEL CONDUCTOR,CONDUCIR CON FALLAS DE FRENOS
A-2021-08-152,27/08/2021,18:30,DESPISTE,1,0,,TUMBES,TUMBES,TUMBES,RURAL,CARRETERA,DEPARTAMENTAL,TU-103,,-3.519862288942985,-80.38373814213669,,,,,,,,,,,