CÓDIGO SINIESTRO,FECHA SINIESTRO,HORA SINIESTRO,CLASE SINIESTRO,CANTIDAD DE FALLECIDOS,CANTIDAD DE LESIONADOS,CANTIDAD DE VEHICULOS DAÑADOS,DEPARTAMENTO,PROVINCIA,DISTRITO,ZONA,TIPO DE VÍA,RED VIAL,COD CARRETERA,EXISTE CICLOVÍA,COORDENADAS LATITUD,COORDENADAS  LONGITUD,CONDICIÓN CLIMÁTICA,ZONIFICACIÓN,CARACTERÍSTICAS DE VÍA,PERFIL LONGITUDINAL VÍA,SUPERFICIE DE CALZADA,¿EXISTE SEÑAL VERTICAL?,CLASIFICACIÓN DE LA SEÑAL VERTICAL Nº 1,CLASIFICACIÓN DE LA SEÑAL VERTICAL Nº 2,¿EXISTE SEÑAL HORIZONTAL?,CAUSA FACTOR PRINCIPAL,CAUSA ESPECÍFICA
A-2021-08-259,27/08/2021,20:00,DESPISTE,1,0,1,LAMBAYEQUE,CHICLAYO,LAGUNAS,RURAL,CARRETERA,NACIONAL,PE-1N,NO,-6.984775,-79.632255,DESPEJADO,RURAL,PUENTE,PLANA ,ASFALTADA,,,,,IMPRUDENCIA DEL CONDUCTOR,CONDUCIR EN ESTADO DE EBRIEDAD Y/O DROGADICCIÓN
A-2021-08-149,27/08/2021,20:30,ATROPELLO,1,0,1,PUNO,CHUCUITO,ZEPITA,RURAL,CARRETERA,NACIONAL,PE-3S,NO,-16.446858938145773,-69.1557598223219,DESPEJADO,RURAL,TRAMO RECTO,PLANA ,ASFALTADA,,,,,IMPRUDENCIA DEL PEATÓN,CRUCE INDEBIDO POR LA CALZADA
A-2022-08-85,27/08/2022,05:10,CHOQUE,1,1,2,CUSCO,CUSCO,CUSCO,RURAL,CARRETERA,NACIONAL,PE-28G,NO,-13.498365288326452,-71.97271225515456,DESPEJADO,RURAL,TRAMO RECTO,PLANA ,ASFALTADA,SI,REGULADORA (R),,SI,IMPRUDENCIA DEL CONDUCTOR,NO ESTABLECER EL DERECHO DE PASO
A-2022-08-145,27/08/2022,06:30,ATROPELLO FUGA,1,0,,LIMA,LIMA,COMAS,URBANA,AVENIDA,URBANO,NO CORRESPONDE,NO,-11.936865,-77.049057,DESPEJADO,COMERCIAL,TRAMO RECTO,PLANA ,ASFALTADA,,,,,NO IDENTIFICA LA CAUSA,
A-2022-08-144,27/08/2022,07:45,CHOQUE,1,0,4,LIMA,LIMA,SANTIAGO DE SURCO,URBANA,CARRETERA,NACIONAL,PE-1S,NO,-12.1119264,-76.9778515,DESPEJADO,COMERCIAL,TRAMO RECTO,PLANA ,ASFALTADA,,,,,NO IDENTIFICA LA CAUSA,
A-2022-08-72,27/08/2022,17:30,ATROPELLO FUGA,1,0,,CUSCO,QUISPICANCHI,URCOS,URBANA,CARRETERA,SIN CLASIFICAR,SIN CLASIFICAR,NO,-13.6886423,-71.5757572,DESPEJADO,RESIDENCIAL,CURVA,INCLINADA,ASFALTADA,SI,PREVENTIVA (P),,SI,NO IDENTIFICA LA CAUSA,
A-2022-08-184,27/08/2022,18:35,ATROPELLO,1,0,,APURIMAC,COTABAMBAS,CHALLHUAHUACHO,URBANA,CALLE,URBANO,NO CORRESPONDE,,-14.121556111527545,-72.25297294659477,,,,,,,,,,,
A-2022-08-247,27/08/2022,21:00,ATROPELLO,1,0,1,PIURA,SULLANA,SULLANA,URBANA,CARRETERA,NACIONAL,PE-1NL,NO,-4.919471520306107,-80.63773288648704,DESPEJADO,RURAL,TRAMO RECTO,PLANA ,ASFALTADA,,,,,EN PROCESO DE INVESTIGACIÓN,NO CUENTA CON CAUSA ESPECIFICA
A-2023-08-120,27/08/2023,01:20,DESPISTE,1,0,,PIURA,PIURA,VEINTISEIS DE OCTUBRE,RURAL,CARRETERA,SIN CLASIFICAR,SIN CLASIFICAR,NO,-5.1817,-80.6927,DESPEJADO,RURAL,TRAMO RECTO,PLANA ,ASFALTADA,,,,,EN PROCESO DE INVESTIGACIÓN,NO CUENTA CON CAUSA ESPECIFICA
A-2023-08-23,27/08/2023,02:00,CHOQUE,1,3,,AREQUIPA,AREQUIPA,LA JOYA,RURAL,CARRETERA,DEPARTAMENTAL,AR-114,NO,-16.4697919,-71.8444426,DESPEJADO,RURAL,TRAMO RECTO,PLANA ,ASFALTADA,,,,,NO IDENTIFICA LA CAUSA,
A-2023-08-106,27/08/2023,02:30,CHOQUE,1,3,,LIMA,LIMA,PUENTE PIEDRA,URBANA,AVENIDA,URBANO,NO CORRESPONDE,NO,-11.85751839,-77.06821782,DESPEJADO,RESIDENCIAL,INTERSECCIÓN,PLANA ,AFIRMADO,,,,,EN PROCESO DE INVESTIGACIÓN,NO CUENTA CON CAUSA ESPECIFICA
A-2023-08-135,27/08/2023,06:40,ATROPELLO FUGA,1,0,,JUNIN,JAUJA,LEONOR ORDOÑEZ,RURAL,CARRETERA,NACIONAL,PE-3SB,NO,-11.85659295524933,-75.41706556471469,DESPEJADO,RURAL,TRAMO RECTO,PLANA ,ASFALTADA,NO,,,SI,NO IDENTIFICA LA CAUSA,
A-2023-08-107,27/08/2023,07:46,DESPISTE,1,4,,LIMA,LIMA,ATE,URBANA,CARRETERA,NACIONAL,PE-22,NO,-12.010752,-76.873678,DESPEJADO,COMERCIAL,CURVA,PLANA ,ASFALTADA,,,,,EN PROCESO DE INVESTIGACIÓN,NO CUENTA CON CAUSA ESPECIFICA
A-2023-08-140,27/08/2023,15:30,CHOQUE,1,8,2,AYACUCHO,HUAMANGA,ACOCRO,RURAL,CARRETERA,NACIONAL,PE-3S,NO,-13.3992320501638,-73.9600298718296,DESPEJADO,RURAL,CURVA,INCLINADA,ASFALTADA,SI,PREVENTIVA (P),,NO,IMPRUDENCIA DEL CONDUCTOR,INVASIÓN DE CARRIL
A-2023-08-45,27/08/2023,15:30,CHOQUE,1,0,,AREQUIPA,CAMANA,QUILCA,RURAL,CARRETERA,NACIONAL,PE-3S,NO,-16.700737,-72.455305,SOLEADO,RURAL,CURVA,INCLINADA,ASFALTADA,,,,,EN PROCESO DE INVESTIGACIÓN,NO CUENTA CON CAUSA ESPECIFICA
A-2023-08-142,27/08/2023,16:27,DESPISTE,1,0,1,AYACUCHO,HUAMANGA,AYACUCHO,URBANA,JIRÓN,URBANO,NO CORRESPONDE,NO,-13.1502901413876,-74.22507578849195,DESPEJADO,RESIDENCIAL,TRAMO RECTO,PLANA ,ASFALTADA,,,,,IMPRUDENCIA DEL CONDUCTOR,CONDUCIR EN ESTADO DE EBRIEDAD Y/O DROGADICCIÓN
A-2023-08-44,27/08/2023,17:20,DESPISTE,1,0,1,ICA,NASCA,CHANGUILLO,RURAL,CARRETERA,VECINAL,IC-782,NO,-14.663484,-75.225382,DESPEJADO,RURAL,SINUOSA,INCLINADA,TROCHA,,,,,EN PROCESO DE INVESTIGACIÓN,NO CUENTA CON CAUSA ESPECIFICA
A-2023-08-108,27/08/2023,17:45,DESPISTE,1,3,,LIMA,LIMA,ATE,URBANA,AVENIDA,URBANO,NO CORRESPONDE,NO,-12.01482726,-76.83918934,DESPEJADO,RESIDENCIAL,TRAMO RECTO,INCLINADA,ASFALTADA,,,,,EN PROCESO DE INVESTIGACIÓN,NO CUENTA CON CAUSA ESPECIFICA
A-2021-09-115,27/09/2021,03:00,VOLCADURA,1,0,1,TUMBES,ZARUMILLA,MATAPALO,RURAL,CARRETERA,VECINAL,TU-524,NO,-3.6913113024382374,-80.26531396462646,DESPEJADO,RURAL,TRAMO RECTO,INCLINADA,TROCHA,,,,,IMPRUDENCIA DEL CONDUCTOR,CONDUCIR EN ESTADO DE EBRIEDAD Y/O DROGADICCIÓN
A-2021-09-248,27/09/2021,03:20,DESPISTE,1,0,1,JUNIN,HUANCAYO,HUANCAYO,URBANA,AVENIDA,URBANO,NO CORRESPONDE,NO,-12.06235,-75.20229,DESPEJADO,COMERCIAL,INTERSECCIÓN,PLANA ,ASFALTADA,,,,,IMPRUDENCIA DEL CONDUCTOR,CONDUCIR EN ESTADO DE EBRIEDAD Y/O DROGADICCIÓN
A-2021-09-181,27/09/2021,04:30,DESPISTE,1,1,1,CUSCO,CANCHIS,CHECACUPE,RURAL,CARRETERA,NACIONAL,PE-3S,NO,-13.989092,-71.482211,DESPEJADO,RURAL,TRAMO RECTO,PLANA ,ASFALTADA,,,,,IMPRUDENCIA DEL CONDUCTOR,EXCESO DE VELOCIDAD
A-2021-09-247,27/09/2021,05:11,DESPISTE,4,2,0,JUNIN,HUANCAYO,HUANCAYO,RURAL,AVENIDA,URBANO,NO CORRESPONDE,NO,-12.0622,-75.20231,DESPEJADO,RURAL,CURVA,PLANA ,ASFALTADA,,,,,IMPRUDENCIA DEL CONDUCTOR,EXCESO DE VELOCIDAD
A-2021-09-108,27/09/2021,06:35,CHOQUE,3,3,2,AREQUIPA,AREQUIPA,LA JOYA,RURAL,CARRETERA,NACIONAL,PE-1S,NO,-16.510706,-71.8120445,DESPEJADO,RURAL,TRAMO RECTO,PLANA ,ASFALTADA,SI,REGULADORA (R),REGULADORA (R),NO,IMPRUDENCIA DEL CONDUCTOR,INVASIÓN DE CARRIL
A-2021-09-161,27/09/2021,11:00,DESPISTE,1,1,1,ANCASH,POMABAMBA,PAROBAMBA,RURAL,CARRETERA,VECINAL,AN-585,NO,-8.69607135915343,-77.43129672288616,DESPEJADO,RURAL,CURVA,INCLINADA,AFIRMADO,,,,,NEGLIGENCIA DEL CONDUCTOR,OTRO (NEGLIGENCIA DEL CONDUCTOR)
A-2021-09-216,27/09/2021,15:00,CHOQUE FUGA,1,3,1,LAMBAYEQUE,LAMBAYEQUE,OLMOS,RURAL,CARRETERA,NACIONAL,PE-1NJ,NO,-5.9627901,-79.7535165,DESPEJADO,RURAL,TRAMO RECTO,PLANA ,ASFALTADA,,,,,NO IDENTIFICA LA CAUSA,
A-2021-09-156,27/09/2021,18:00,ATROPELLO,1,0,0,LIMA,LIMA,LURIN,URBANA,CARRETERA,NACIONAL,PE-1S,NO,-12.277608,-76.869489,NUBLADO,COMERCIAL,TRAMO RECTO,PLANA ,ASFALTADA,,,,,NO IDENTIFICA LA CAUSA,
A-2021-09-155,27/09/2021,20:30,ATROPELLO,1,0,0,LIMA,LIMA,BREÑA,URBANA,AVENIDA,URBANO,NO CORRESPONDE,NO,-12.068307746191369,-77.048367843082,DESPEJADO,COMERCIAL,TRAMO RECTO,PLANA ,ASFALTADA,,,,,NO IDENTIFICA LA CAUSA,
A-2022-09-268,27/09/2022,07:00,CHOQUE,1,1,2,TACNA,TARATA,TARATA,RURAL,CARRETERA,NACIONAL,PE-38,NO,-17.486377064836503,-70.03535122740591,DESPEJADO,RURAL,CURVA,INCLINADA,ASFALTADA,,,,,IMPRUDENCIA DEL CONDUCTOR,EXCESO DE VELOCIDAD
A-2022-09-121,27/09/2022,08:25,DESPISTE,2,2,1,ANCASH,SIHUAS,SIHUAS,RURAL,CARRETERA,NACIONAL,PE-12A,SI,-8.554169556512898,-77.63231125198146,DESPEJADO,RURAL,CURVA,PLANA ,ASFALTADA,,,,,NO IDENTIFICA LA CAUSA,
A-2022-09-122,27/09/2022,19:00,DESPISTE,3,10,1,CUSCO,CALCA,LARES,RURAL,CARRETERA,VECINAL,CU-709,NO,-13.022108,-72.021209,DESPEJADO,RURAL,CURVA,PLANA ,TROCHA,,,,,NEGLIGENCIA DEL CONDUCTOR,CONDUCIR CON FALLAS DE FRENOS
A-2022-09-170,27/09/2022,21:15,CHOQUE,1,1,2,AMAZONAS,BAGUA,BAGUA,URBANA,AVENIDA,URBANO,NO CORRESPONDE,NO,-5.6423699,-78.5289435,DESPEJADO,RESIDENCIAL,TRAMO RECTO,PLANA ,ASFALTADA,,,,,NO IDENTIFICA LA CAUSA,
A-2023-09-141,27/09/2023,06:30,CHOQUE,1,1,,LIMA,LIMA,COMAS,URBANA,CALLE,URBANO,NO CORRESPONDE,NO,-11.95251972,-77.05317792,DESPEJADO,COMERCIAL,INTERSECCIÓN,PLANA ,ASFALTADA,,,,,NO IDENTIFICA LA CAUSA,
A-2023-09-143,27/09/2023,15:50,DESPISTE,1,0,,LIMA,HUAROCHIRI,SAN MATEO,RURAL,CARRETERA,NACIONAL,PE-22,NO,-11.747355,-76.291037,DESPEJADO,RURAL,TRAMO RECTO,PLANA ,ASFALTADA,,,,,NO IDENTIFICA LA CAUSA,
A-2023-09-81,27/09/2023,18:00,CHOQUE FUGA,1,0,1,LA LIBERTAD,TRUJILLO,FLORENCIA DE MORA,URBANA,CALLE,URBANO,NO CORRESPONDE,NO,-8.08367955,-79.0257049,DESPEJADO,RURAL,INTERSECCIÓN,PLANA ,ASFALTADA,,,,,NO IDENTIFICA LA CAUSA,
A-2023-09-140,27/09/2023,18:30,CHOQUE,1,0,,LIMA,LIMA,SANTA ANITA,URBANA,AVENIDA,URBANO,NO CORRESPONDE,NO,-12.03663367,-76.95139408,DESPEJADO,COMERCIAL,TRAMO RECTO,PLANA ,ASFALTADA,,,,,NO IDENTIFICA LA CAUSA,
A-2023-09-89,27/09/2023,19:15,CHOQUE,1,2,2,SAN MARTIN,RIOJA,PARDO MIGUEL,URBANA,CARRETERA,NACIONAL,PE-5N,NO,-5.745433,-77.484213,DESPEJADO,RURAL,TRAMO RECTO,PLANA ,ASFALTADA,SI,PREVENTIVA (P),REGULADORA (R),NO,IMPRUDENCIA DEL CONDUCTOR,OTRO (IMPRUDENCIA DEL CONDUCTOR)
A-2023-09-47,27/09/2023,19:30,CHOQUE,1,1,,AREQUIPA,CAYLLOMA,SAN ANTONIO DE CHUCA,RURAL,CARRETERA,NACIONAL,PE-34A,NO,-15.896758,-71.179783,DESPEJADO,RURAL,TRAMO RECTO,PLANA ,ASFALTADA,NO,,,SI,NO IDENTIFICA LA CAUSA,
A-2021-10-283,27/10/2021,04:30,CHOQUE,4,0,,ANCASH,CASMA,CASMA,RURAL,CARRETERA,NACIONAL,PE-1N,,-9.445778889816081,-78.35032774850156,,,,,,,,,,,
A-2021-10-228,27/10/2021,06:00,DESPISTE,1,1,1,ANCASH,HUAYLAS,HUALLANCA,RURAL,CARRETERA,NACIONAL,PE-3N,NO,-8.835898852740346,-77.82921911378003,DESPEJADO,RURAL,INTERSECCIÓN,PLANA ,ASFALTADA,,,,,NO IDENTIFICA LA CAUSA,
A-2021-10-125,27/10/2021,08:30,ATROPELLO,1,0,1,PUNO,LAMPA,CALAPUJA,RURAL,CARRETERA,NACIONAL,PE-3S,NO,-15.3125314,-70.228747,DESPEJADO,RURAL,TRAMO RECTO,PLANA ,ASFALTADA,,,,,IMPRUDENCIA DEL PEATÓN,CRUCE INDEBIDO POR LA CALZADA
A-2021-10-113,27/10/2021,12:40,DESPISTE,1,1,1,ICA,NASCA,MARCONA,RURAL,CARRETERA,NACIONAL,PE-30,NO,-15.291831,-75.105973,DESPEJADO,RURAL,TRAMO RECTO,PLANA ,ASFALTADA,,,,,NO IDENTIFICA LA CAUSA,
A-2021-10-262,27/10/2021,12:50,ATROPELLO,1,0,1,LAMBAYEQUE,CHICLAYO,LAGUNAS,URBANA,CARRETERA,NACIONAL,PE-1N,NO,-6.9920752,-79.6199359,DESPEJADO,COMERCIAL,TRAMO RECTO,PLANA ,ASFALTADA,SI,INFORMATIVA (I),PREVENTIVA (P),NO,NO IDENTIFICA LA CAUSA,
A-2021-10-289,27/10/2021,12:50,DESPISTE,1,0,1,AREQUIPA,CARAVELI,ATIQUIPA,RURAL,CARRETERA,NACIONAL,PE-1S,NO,-15.814545781165224,-74.31659275520566,DESPEJADO,RURAL,CURVA,INCLINADA,ASFALTADA,,,,,NO IDENTIFICA LA CAUSA,
A-2021-10-116,27/10/2021,20:20,CHOQUE FUGA,1,1,1,PUNO,EL COLLAO,ILAVE,RURAL,CARRETERA,VECINAL,PU-1153,NO,-16.03986400376484,-69.59986905256049,DESPEJADO,RURAL,TRAMO RECTO,PLANA ,ASFALTADA,NO,,,NO,NO IDENTIFICA LA CAUSA,
A-2021-10-115,27/10/2021,21:20,ATROPELLO FUGA,1,0,0,PUNO,CHUCUITO,POMATA,RURAL,CARRETERA,DEPARTAMENTAL,PU-130,NO,-16.313503224091768,-69.25332287647309,DESPEJADO,RURAL,TRAMO RECTO,PLANA ,ASFALTADA,,,,,NO IDENTIFICA LA CAUSA,
A-2021-10-135,27/10/2021,22:15,DESPISTE,1,0,1,CALLAO,CALLAO,CALLAO,URBANA,CARRETERA,NACIONAL,PE-20,NO,-11.979772281188813,-77.12524665595598,DESPEJADO,INDUSTRIAL,TRAMO RECTO,PLANA ,ASFALTADA,SI,INFORMATIVA (I),,SI,IMPRUDENCIA DEL CONDUCTOR,CONDUCIR EN ESTADO DE EBRIEDAD Y/O DROGADICCIÓN
A-2022-10-147,27/10/2022,08:10,ATROPELLO,1,0,,LIMA,LIMA,CHORRILLOS,URBANA,AVENIDA,URBANO,NO CORRESPONDE,NO,-12.198134,-76.99227,DESPEJADO,COMERCIAL,INTERSECCIÓN,PLANA ,ASFALTADA,,,,,NO IDENTIFICA LA CAUSA,
A-2022-10-207,27/10/2022,17:10,ESPECIAL,1,0,,JUNIN,CHANCHAMAYO,SAN RAMON,RURAL,CARRETERA,NACIONAL,PE-22B,NO,-11.211064288533125,-75.48924918672195,DESPEJADO,RURAL,TÚNEL,PLANA ,ASFALTADA,,,,,IMPRUDENCIA DEL CONDUCTOR,FATIGA Y/O CANSANCIO
A-2022-10-48,27/10/2022,17:30,DESPISTE,1,4,1,CUSCO,LA CONVENCION,INKAWASI,RURAL,CARRETERA,VECINAL,CU-871,NO,-13.302176913616588,-73.26411812450871,DESPEJADO,RURAL,CURVA,INCLINADA,TROCHA,,,,,IMPRUDENCIA DEL CONDUCTOR,EXCESO DE VELOCIDAD
A-2022-10-36,27/10/2022,18:20,CHOQUE,1,0,2,SAN MARTIN,MOYOBAMBA,CALZADA,RURAL,CARRETERA,NACIONAL,PE-5N,NO,-6.037927,-77.105069,DESPEJADO,RURAL,TRAMO RECTO,PLANA ,ASFALTADA,,,,,IMPRUDENCIA DEL CONDUCTOR,OTRO (IMPRUDENCIA DEL CONDUCTOR)
A-2022-10-49,27/10/2022,19:20,CHOQUE,1,0,2,CUSCO,ESPINAR,ESPINAR,URBANA,AVENIDA,URBANO,NO CORRESPONDE,NO,-14.786014017864233,-71.40338392635606,DESPEJADO,RESIDENCIAL,TRAMO RECTO,PLANA ,ASFALTADA,SI,REGULADORA (R),,NO,IMPRUDENCIA DEL CONDUCTOR,EXCESO DE VELOCIDAD
A-2022-10-160,27/10/2022,19:30,CHOQUE,1,1,3,PIURA,PIURA,VEINTISEIS DE OCTUBRE,RURAL,CARRETERA,NACIONAL,PE-02,NO,-5.168052397024789,-80.69619479673428,DESPEJADO,RURAL,TRAMO RECTO,PLANA ,ASFALTADA,,,,,IMPRUDENCIA DEL CONDUCTOR,CONDUCIR EN ESTADO DE EBRIEDAD Y/O DROGADICCIÓN
A-2022-10-57,27/10/2022,20:30,CHOQUE,1,0,2,PUNO,EL COLLAO,ILAVE,RURAL,CARRETERA,VECINAL,PU-1149,NO,-16.0187692,-69.6207661,DESPEJADO,RURAL,TRAMO RECTO,PLANA ,ASFALTADA,,,,,IMPRUDENCIA DEL CONDUCTOR,INVASIÓN DE CARRIL
A-2023-10-123,27/10/2023,01:30,ATROPELLO FUGA,1,0,,LIMA,LIMA,LOS OLIVOS,URBANA,CARRETERA,NACIONAL,PE-1N,NO,-11.93712142,-77.07179395,DESPEJADO,COMERCIAL,TRAMO RECTO,PLANA ,ASFALTADA,,,,,NO IDENTIFICA LA CAUSA,
A-2023-10-126,27/10/2023,06:30,ATROPELLO,1,0,,LIMA,LIMA,SAN MARTIN DE PORRES,URBANA,AVENIDA,URBANO,NO CORRESPONDE,NO,-11.99380244,-77.08386695,DESPEJADO,COMERCIAL,TRAMO RECTO,PLANA ,ASFALTADA,,,,,NO IDENTIFICA LA CAUSA,
A-2023-10-33,27/10/2023,12:00,ATROPELLO,1,0,,AREQUIPA,AREQUIPA,AREQUIPA,URBANA,CALLE,URBANO,NO CORRESPONDE,NO,-16.39808,-71.54057,DESPEJADO,COMERCIAL,TRAMO RECTO,INCLINADA,ADOQUINADO,,,,,NO IDENTIFICA LA CAUSA,
A-2023-10-57,27/10/2023,19:40,DESPISTE,1,1,1,LA LIBERTAD,CHEPEN,PACANGA,RURAL,CARRETERA,NACIONAL,PE-1N,NO,-7.131068,-79.473718,DESPEJADO,RURAL,TRAMO RECTO,PLANA ,ASFALTADA,,,,,NO IDENTIFICA LA CAUSA,
A-2023-10-31,27/10/2023,21:45,ATROPELLO,2,0,,ICA,ICA,SANTIAGO,URBANA,CARRETERA,NACIONAL,PE-1S,NO,-14.2639002,-75.68571,DESPEJADO,RESIDENCIAL,TRAMO RECTO,PLANA ,ASFALTADA,SI,PREVENTIVA (P),,SI,EN PROCESO DE INVESTIGACIÓN,NO CUENTA CON CAUSA ESPECIFICA
A-2021-11-204,27/11/2021,01:10,ATROPELLO FUGA,1,0,,LIMA,BARRANCA,SUPE,RURAL,CARRETERA,NACIONAL,PE-1N,NO,-10.80227534236085,-77.70341739914097,DESPEJADO,RURAL,TRAMO RECTO,PLANA ,ASFALTADA,,,,,NO IDENTIFICA LA CAUSA,
A-2021-11-62,27/11/2021,01:50,CHOQUE,3,0,2,ICA,NASCA,EL INGENIO,RURAL,CARRETERA,NACIONAL,PE-1S,NO,-14.79576350848956,-75.01151937151305,DESPEJADO,RURAL,TRAMO RECTO,PLANA ,ASFALTADA,,,,,NO IDENTIFICA LA CAUSA,
A-2021-11-70,27/11/2021,02:40,VOLCADURA,1,1,1,AREQUIPA,AREQUIPA,YURA,RURAL,CARRETERA,NACIONAL,PE-34A,NO,-16.2298412,-71.6631733,DESPEJADO,RURAL,CURVA,INCLINADA,ASFALTADA,,,,,NO IDENTIFICA LA CAUSA,
A-2021-11-137,27/11/2021,14:00,DESPISTE,1,0,1,CUSCO,CANAS,LAYO,RURAL,CARRETERA,VECINAL,CU-1710,NO,-14.50623295355888,-71.13723560000152,NUBLADO,RURAL,TRAMO RECTO,INCLINADA,AFIRMADO,,,,,IMPRUDENCIA DEL CONDUCTOR,EXCESO DE VELOCIDAD
A-2021-11-188,27/11/2021,14:30,ATROPELLO,1,0,0,LIMA,LIMA,LURIN,RURAL,OTRO,URBANO,NO CORRESPONDE,NO,-12.23968,-76.89281,DESPEJADO,RURAL,PASE A DESNIVEL,INCLINADA,ASFALTADA,,,,,NO IDENTIFICA LA CAUSA,
A-2021-11-92,27/11/2021,17:20,ATROPELLO FUGA,1,0,1,LA LIBERTAD,GRAN CHIMU,SAYAPULLO,RURAL,JIRÓN,URBANO,NO CORRESPONDE,NO,-7.596023,-78.465157,DESPEJADO,RURAL,TRAMO RECTO,PLANA ,AFIRMADO,,,,,NO IDENTIFICA LA CAUSA,
A-2021-11-174,27/11/2021,19:25,ATROPELLO FUGA,1,0,,LIMA,HUAURA,VEGUETA,RURAL,CARRETERA,NACIONAL,PE-1N,NO,-11.011785259781561,-77.60715901155308,DESPEJADO,RURAL,TRAMO RECTO,PLANA ,ASFALTADA,SI,REGULADORA (R),INFORMATIVA (I),NO,NO IDENTIFICA LA CAUSA,
A-2021-11-161,27/11/2021,20:30,CHOQUE,1,0,2,PIURA,PIURA,CASTILLA,RURAL,CARRETERA,NACIONAL,PE-1NJ,NO,-5.144498,-80.453441,DESPEJADO,RURAL,TRAMO RECTO,PLANA ,ASFALTADA,,,,,NO IDENTIFICA LA CAUSA,
A-2021-11-184,27/11/2021,23:00,CHOQUE,1,2,2,HUANUCO,HUANUCO,CHINCHAO,RURAL,CARRETERA,NACIONAL,PE-18A,NO,-9.714798,-76.093146,LLUVIOSO,RURAL,SINUOSA,INCLINADA,ASFALTADA,,,,,IMPRUDENCIA DEL CONDUCTOR,OTRO (IMPRUDENCIA DEL CONDUCTOR)
A-2022-11-109,27/11/2022,03:14,ATROPELLO FUGA,1,0,1,APURIMAC,ANDAHUAYLAS,ANDAHUAYLAS,URBANA,CARRETERA,VECINAL,AP-560,SI,-13.659486,-73.397883,DESPEJADO,RESIDENCIAL,CURVA,PLANA ,ASFALTADA,NO,,,SI,IMPRUDENCIA DEL CONDUCTOR,CONDUCIR EN ESTADO DE EBRIEDAD Y/O DROGADICCIÓN
A-2022-11-192,27/11/2022,04:30,CHOQUE CON OBJETO FIJO,1,0,1,ICA,CHINCHA,CHINCHA ALTA,URBANA,CARRETERA,DEPARTAMENTAL,IC-100,NO,-13.4119542,-76.13161634,DESPEJADO,RESIDENCIAL,TRAMO RECTO,PLANA ,ASFALTADA,,,,,IMPRUDENCIA DEL CONDUCTOR,FATIGA Y/O CANSANCIO
A-2022-11-194,27/11/2022,04:50,DESPISTE,1,0,,JUNIN,SATIPO,PANGOA,RURAL,CARRETERA,NACIONAL,PE-28C,NO,-11.335421824341116,-74.52830982076205,DESPEJADO,RURAL,TRAMO RECTO,PLANA ,ASFALTADA,,,,,IMPRUDENCIA DEL CONDUCTOR,EXCESO DE VELOCIDAD
A-2022-11-173,27/11/2022,05:00,DESPISTE,1,0,1,PIURA,MORROPON,CHULUCANAS,RURAL,CARRETERA,VECINAL,PI-778,NO,-5.003433088854921,-80.14457688802644,DESPEJADO,RURAL,CURVA,PLANA ,AFIRMADO,,,,,IMPRUDENCIA DEL CONDUCTOR,CONDUCIR EN ESTADO DE EBRIEDAD Y/O DROGADICCIÓN
A-2022-11-97,27/11/2022,05:25,CHOQUE,1,2,2,LA LIBERTAD,TRUJILLO,LAREDO,RURAL,CARRETERA,NACIONAL,PE-10A,NO,-8.088592,-78.914284,DESPEJADO,RURAL,TRAMO RECTO,PLANA ,ASFALTADA,,,,,NO IDENTIFICA LA CAUSA,
A-2022-11-153,27/11/2022,05:52,DESPISTE,1,0,,LIMA,LIMA,ANCON,URBANA,CALLE,URBANO,NO CORRESPONDE,NO,-11.765667,-77.153833,DESPEJADO,RESIDENCIAL,INTERSECCIÓN,PLANA ,AFIRMADO,,,,,NO IDENTIFICA LA CAUSA,
A-2022-11-174,27/11/2022,06:10,ATROPELLO,1,1,2,PIURA,PIURA,CASTILLA,URBANA,AVENIDA,URBANO,NO CORRESPONDE,NO,-5.207741403829932,-80.62243398708206,DESPEJADO,COMERCIAL,INTERSECCIÓN,PLANA ,ASFALTADA,,,,,IMPRUDENCIA DEL CONDUCTOR,CONDUCIR EN ESTADO DE EBRIEDAD Y/O DROGADICCIÓN
A-2022-11-28,27/11/2022,08:00,CHOQUE,1,0,2,AREQUIPA,AREQUIPA,CAYMA,URBANA,CARRETERA,DEPARTAMENTAL,AR-116,NO,-16.321264,-71.531346,DESPEJADO,RESIDENCIAL,TRAMO RECTO,INCLINADA,ASFALTADA,NO,,,SI,NO IDENTIFICA LA CAUSA,
A-2022-11-122,27/11/2022,10:10,ATROPELLO,1,1,,CALLAO,CALLAO,VENTANILLA,URBANA,CALLE,URBANO,NO CORRESPONDE,NO,-11.8613885,-77.150159717,DESPEJADO,RURAL,OTRO,PLANA ,AFIRMADO,,,,,IMPRUDENCIA DEL CONDUCTOR,OTRO (IMPRUDENCIA DEL CONDUCTOR)
A-2022-11-131,27/11/2022,11:00,DESPISTE,2,0,1,CAJAMARCA,CHOTA,CHOTA,RURAL,CARRETERA,SIN CLASIFICAR,SIN CLASIFICAR,NO,-6.562401,-78.589006,SOLEADO,RURAL,CURVA,PLANA ,AFIRMADO,,,,,NO IDENTIFICA LA CAUSA,