CÓDIGO SINIESTRO,FECHA SINIESTRO,HORA SINIESTRO,CLASE SINIESTRO,CANTIDAD DE FALLECIDOS,CANTIDAD DE LESIONADOS,CANTIDAD DE VEHICULOS DAÑADOS,DEPARTAMENTO,PROVINCIA,DISTRITO,ZONA,TIPO DE VÍA,RED VIAL,COD CARRETERA,EXISTE CICLOVÍA,COORDENADAS LATITUD,COORDENADAS  LONGITUD,CONDICIÓN CLIMÁTICA,ZONIFICACIÓN,CARACTERÍSTICAS DE VÍA,PERFIL LONGITUDINAL VÍA,SUPERFICIE DE CALZADA,¿EXISTE SEÑAL VERTICAL?,CLASIFICACIÓN DE LA SEÑAL VERTICAL Nº 1,CLASIFICACIÓN DE LA SEÑAL VERTICAL Nº 2,¿EXISTE SEÑAL HORIZONTAL?,CAUSA FACTOR PRINCIPAL,CAUSA ESPECÍFICA
A-2021-08-323,28/08/2021,09:20,CHOQUE,1,0,2,ANCASH,HUAYLAS,PAMPAROMAS,RURAL,CARRETERA,DEPARTAMENTAL,AN-104,NO,-9.091959166364058,-78.0339889407942,DESPEJADO,RURAL,TRAMO RECTO,INCLINADA,AFIRMADO,,,,,IMPRUDENCIA DEL CONDUCTOR,INVASIÓN DE CARRIL
A-2021-08-169,28/08/2021,13:40,CHOQUE,1,1,2,CUSCO,PAUCARTAMBO,HUANCARANI,RURAL,CARRETERA,DEPARTAMENTAL,CU-113,NO,-13.515922,-71.681844,DESPEJADO,RURAL,TRAMO RECTO,PLANA ,ASFALTADA,,,,,IMPRUDENCIA DEL CONDUCTOR,CONDUCIR EN ESTADO DE EBRIEDAD Y/O DROGADICCIÓN
A-2021-08-300,28/08/2021,17:30,DESPISTE,1,1,1,PASCO,PASCO,YANACANCHA,URBANA,CARRETERA,NACIONAL,PE-3N,NO,-10.648581684980654,-76.16596516813496,DESPEJADO,RURAL,CURVA,PLANA ,ASFALTADA,SI,REGULADORA (R),REGULADORA (R),NO,IMPRUDENCIA DEL CONDUCTOR,EXCESO DE VELOCIDAD
A-2021-08-269,28/08/2021,18:45,DESPISTE,2,3,1,PUNO,SANDIA,PHARA,RURAL,CARRETERA,DEPARTAMENTAL,PU-106,NO,-14.148810340797757,-69.66047357118119,NUBLADO,RURAL,CURVA,INCLINADA,TROCHA,,,,,IMPRUDENCIA DEL CONDUCTOR,EXCESO DE VELOCIDAD
A-2021-08-150,28/08/2021,20:30,ATROPELLO,1,2,1,PUNO,YUNGUYO,YUNGUYO,RURAL,CARRETERA,VECINAL,PU-1307,NO,-16.262537320401673,-69.09474538126041,DESPEJADO,RURAL,TRAMO RECTO,PLANA ,ASFALTADA,,,,,IMPRUDENCIA DEL PEATÓN,ESTADO DE EBRIEDAD Y/O DROGADICCIÓN
A-2022-08-233,28/08/2022,03:00,CHOQUE,1,0,2,PIURA,PIURA,PIURA,URBANA,AVENIDA,URBANO,NO CORRESPONDE,SI,-5.166641,-80.639669,DESPEJADO,COMERCIAL,TRAMO RECTO,PLANA ,ASFALTADA,,,,,NO IDENTIFICA LA CAUSA,
A-2022-08-263,28/08/2022,04:00,CHOQUE,1,0,,MADRE DE DIOS,TAMBOPATA,LABERINTO,URBANA,CARRETERA,VECINAL,MD-529,,-12.721218,-69.584426,,,,,,,,,,,
A-2022-08-136,28/08/2022,05:30,VOLCADURA,1,0,1,PUNO,AZANGARO,ARAPA,RURAL,CARRETERA,DEPARTAMENTAL,PU-113,NO,-15.126648,-70.133416,DESPEJADO,RURAL,TRAMO RECTO,PLANA ,ASFALTADA,,,,,IMPRUDENCIA DEL CONDUCTOR,EXCESO DE VELOCIDAD
A-2022-08-86,28/08/2022,05:40,ATROPELLO FUGA,1,0,1,LAMBAYEQUE,CHICLAYO,LA VICTORIA,URBANA,CARRETERA,NACIONAL,PE-1N,NO,-6.8018,-79.8415,NUBLADO,COMERCIAL,TRAMO RECTO,PLANA ,ASFALTADA,,,,,NO IDENTIFICA LA CAUSA,
A-2022-08-143,28/08/2022,06:20,CHOQUE,1,0,2,LIMA,LIMA,LURIN,URBANA,CARRETERA,VECINAL,LM-797,NO,-12.273785235748852,-76.87277089205438,DESPEJADO,COMERCIAL,TRAMO RECTO,PLANA ,ASFALTADA,,,,,NO IDENTIFICA LA CAUSA,
A-2022-08-97,28/08/2022,13:30,ATROPELLO,1,0,1,CUSCO,ANTA,ANTA,URBANA,CARRETERA,NACIONAL,PE-3S,NO,-13.495006009696887,-72.17907058881109,DESPEJADO,RURAL,TRAMO RECTO,PLANA ,ASFALTADA,SI,INFORMATIVA (I),INFORMATIVA (I),SI,IMPRUDENCIA DEL PEATÓN,CRUCE INDEBIDO POR LA CALZADA
A-2022-08-95,28/08/2022,17:30,CHOQUE,1,0,2,AREQUIPA,ISLAY,MOLLENDO,RURAL,CARRETERA,NACIONAL,PE-1SD,NO,-17.054827,-71.963093,DESPEJADO,RURAL,TRAMO RECTO,PLANA ,ASFALTADA,NO,,,SI,NO IDENTIFICA LA CAUSA,
A-2022-08-260,28/08/2022,20:45,ATROPELLO,1,0,,JUNIN,SATIPO,SATIPO,URBANA,CARRETERA,NACIONAL,PE-24A,NO,-11.247901566201907,-74.6372883987367,DESPEJADO,COMERCIAL,TRAMO RECTO,PLANA ,ASFALTADA,,,,,IMPRUDENCIA DEL PEATÓN,CRUCE INDEBIDO POR LA CALZADA
A-2022-08-205,28/08/2022,20:55,CHOQUE FUGA,1,1,1,UCAYALI,CORONEL PORTILLO,YARINACOCHA,RURAL,AVENIDA,URBANO,NO CORRESPONDE,NO,-8.373012,-74.599707,DESPEJADO,RURAL,INTERSECCIÓN,PLANA ,AFIRMADO,,,,,IMPRUDENCIA DEL CONDUCTOR,CONDUCIR EN ESTADO DE EBRIEDAD Y/O DROGADICCIÓN
A-2023-08-141,28/08/2023,07:20,ATROPELLO,1,0,,PUNO,SAN ROMAN,SAN MIGUEL,URBANA,CARRETERA,NACIONAL,PE-34H,NO,-15.478719,-70.118576,DESPEJADO,COMERCIAL,TRAMO RECTO,PLANA ,ASFALTADA,,,,,IMPRUDENCIA DEL CONDUCTOR,EXCESO DE VELOCIDAD
A-2023-08-110,28/08/2023,08:30,ATROPELLO,1,0,,LIMA,LIMA,ATE,URBANA,AVENIDA,URBANO,NO CORRESPONDE,NO,-12.06314424,-76.9827365,DESPEJADO,COMERCIAL,INTERSECCIÓN,PLANA ,ASFALTADA,,,,,EN PROCESO DE INVESTIGACIÓN,NO CUENTA CON CAUSA ESPECIFICA
A-2023-08-109,28/08/2023,08:40,ATROPELLO,1,0,,LIMA,LIMA,SAN MARTIN DE PORRES,URBANA,AVENIDA,URBANO,NO CORRESPONDE,NO,-12.03186558,-77.07592757,DESPEJADO,COMERCIAL,INTERSECCIÓN,PLANA ,ASFALTADA,,,,,EN PROCESO DE INVESTIGACIÓN,NO CUENTA CON CAUSA ESPECIFICA
A-2023-08-128,28/08/2023,13:05,ATROPELLO,1,0,1,UCAYALI,CORONEL PORTILLO,CALLERIA,RURAL,CARRETERA,NACIONAL,PE-18C,NO,-8.396453,-74.597366,DESPEJADO,RURAL,TRAMO RECTO,PLANA ,ASFALTADA,,,,,IMPRUDENCIA DEL PEATÓN,CRUCE INDEBIDO POR LA CALZADA
A-2023-08-144,28/08/2023,14:30,DESPISTE,1,0,1,AYACUCHO,CANGALLO,PARAS,RURAL,CARRETERA,NACIONAL,PE-28A,NO,-13.35824135835442,-74.85072217671166,NUBLADO,RURAL,TRAMO RECTO,PLANA ,ASFALTADA,SI,PREVENTIVA (P),,NO,IMPRUDENCIA DEL CONDUCTOR,CONDUCIR EN ESTADO DE EBRIEDAD Y/O DROGADICCIÓN
A-2023-08-148,28/08/2023,14:30,CHOQUE,1,1,2,TACNA,TACNA,POCOLLAY,URBANA,CARRETERA,NACIONAL,PE-40,NO,-17.99221,-70.21711,DESPEJADO,RESIDENCIAL,INTERSECCIÓN,INCLINADA,ASFALTADA,,,,,IMPRUDENCIA DEL CONDUCTOR,GIRAR IMPRUDENTEMENTE
A-2023-08-65,28/08/2023,19:15,CHOQUE,1,1,2,SAN MARTIN,RIOJA,AWAJUN,RURAL,CARRETERA,NACIONAL,PE-5N,NO,-5.797532,-77.408875,DESPEJADO,RURAL,TRAMO RECTO,PLANA ,ASFALTADA,,,,,IMPERICIA DEL CONDUCTOR,
A-2023-08-111,28/08/2023,20:50,ATROPELLO FUGA,1,0,,LIMA,LIMA,SAN MARTIN DE PORRES,URBANA,AVENIDA,URBANO,NO CORRESPONDE,NO,-11.98617786,-77.08302674,DESPEJADO,RESIDENCIAL,INTERSECCIÓN,PLANA ,ASFALTADA,,,,,EN PROCESO DE INVESTIGACIÓN,NO CUENTA CON CAUSA ESPECIFICA
A-2023-08-112,28/08/2023,22:30,CHOQUE,1,1,,LIMA,LIMA,PACHACAMAC,URBANA,AVENIDA,URBANO,NO CORRESPONDE,NO,-12.12320828,-76.87235478,DESPEJADO,ESCOLAR,INTERSECCIÓN,PLANA ,ASFALTADA,,,,,EN PROCESO DE INVESTIGACIÓN,NO CUENTA CON CAUSA ESPECIFICA
A-2021-09-236,28/09/2021,09:20,DESPISTE,3,3,1,AYACUCHO,LA MAR,CHUNGUI,RURAL,CARRETERA,DEPARTAMENTAL,AY-102,NO,-13.221061,-73.629836,LLUVIOSO,RURAL,CURVA,INCLINADA,TROCHA,,,,,NO IDENTIFICA LA CAUSA,
A-2021-09-177,28/09/2021,10:46,ATROPELLO,1,0,0,LORETO,MAYNAS,IQUITOS,URBANA,CALLE,URBANO,NO CORRESPONDE,NO,-3.755339670284915,-73.27128319823574,SOLEADO,COMERCIAL,INTERSECCIÓN,PLANA ,ASFALTADA,,,,,NO IDENTIFICA LA CAUSA,
A-2022-09-270,28/09/2022,02:00,DESPISTE,3,0,1,LIMA,CAJATAMBO,CAJATAMBO,RURAL,CARRETERA,NACIONAL,PE-16A,NO,-10.539394113562087,-76.9222783487711,DESPEJADO,RURAL,CURVA,PLANA ,AFIRMADO,,,,,IMPRUDENCIA DEL CONDUCTOR,FATIGA Y/O CANSANCIO
A-2022-09-108,28/09/2022,08:20,ATROPELLO,1,2,1,LAMBAYEQUE,CHICLAYO,LA VICTORIA,URBANA,CARRETERA,NACIONAL,PE-1N,NO,-6.800802,-79.85263,DESPEJADO,RESIDENCIAL,TRAMO RECTO,PLANA ,ASFALTADA,,,,,NO IDENTIFICA LA CAUSA,
A-2022-09-125,28/09/2022,12:15,DESPISTE,1,2,1,CUSCO,PAUCARTAMBO,COLQUEPATA,RURAL,CARRETERA,VECINAL,CU-1051,NO,-13.384018988587554,-71.67242819947957,DESPEJADO,RURAL,CURVA,INCLINADA,TROCHA,,,,,IMPRUDENCIA DEL CONDUCTOR,EXCESO DE VELOCIDAD
A-2022-09-162,28/09/2022,12:40,CHOQUE,1,0,,ANCASH,SANTA,NUEVO CHIMBOTE,URBANA,AVENIDA,URBANO,NO CORRESPONDE,NO,-9.116871945416634,-78.53996729874962,DESPEJADO,COMERCIAL,INTERSECCIÓN,PLANA ,ASFALTADA,,,,,IMPRUDENCIA DEL CONDUCTOR,EXCESO DE VELOCIDAD
A-2022-09-126,28/09/2022,13:30,DESPISTE,1,2,1,ANCASH,HUARI,HUARI,RURAL,CARRETERA,SIN CLASIFICAR,SIN CLASIFICAR,NO,-9.350030592725405,-77.18241985849733,NUBLADO,RURAL,TRAMO RECTO,INCLINADA,CONCRETO,,,,,NO IDENTIFICA LA CAUSA,
A-2022-09-265,28/09/2022,14:20,CHOQUE,1,2,,PASCO,OXAPAMPA,CHONTABAMBA,RURAL,CARRETERA,DEPARTAMENTAL,PA-106,NO,-10.603233521241323,-75.41952227157061,SOLEADO,RURAL,CURVA,PLANA ,ASFALTADA,NO,,,SI,IMPRUDENCIA DEL CONDUCTOR,OTRO (IMPRUDENCIA DEL CONDUCTOR)
A-2022-09-112,28/09/2022,18:30,CHOQUE FUGA,1,0,2,PUNO,EL COLLAO,ILAVE,RURAL,CARRETERA,NACIONAL,PE-3S,NO,-16.0746542,-69.6659172,DESPEJADO,RURAL,TRAMO RECTO,PLANA ,ASFALTADA,,,,,IMPRUDENCIA DEL CONDUCTOR,EXCESO DE VELOCIDAD
A-2022-09-227,28/09/2022,19:30,DESPISTE,1,0,1,HUANUCO,HUANUCO,SANTA MARIA DEL VALLE,RURAL,CARRETERA,NACIONAL,PE-18A,NO,-9.880419524313712,-76.19139227887348,DESPEJADO,RURAL,TRAMO RECTO,PLANA ,AFIRMADO,,,,,IMPRUDENCIA DEL CONDUCTOR,EXCESO DE VELOCIDAD
A-2022-09-260,28/09/2022,20:40,CHOQUE,1,1,,LORETO,MAYNAS,SAN JUAN BAUTISTA,URBANA,CARRETERA,DEPARTAMENTAL,LO-103,NO,-3.7779235,-73.2921401,DESPEJADO,COMERCIAL,TRAMO RECTO,PLANA ,ASFALTADA,,,,,IMPRUDENCIA DEL CONDUCTOR,ADELANTAR INDEBIDAMENTE
A-2023-09-48,28/09/2023,01:30,DESPISTE,1,2,,AREQUIPA,ISLAY,ISLAY,RURAL,CARRETERA,NACIONAL,PE-34,NO,-16.921003,-72.052476,DESPEJADO,RURAL,CURVA,INCLINADA,ASFALTADA,SI,REGULADORA (R),,SI,NO IDENTIFICA LA CAUSA,
A-2023-09-51,28/09/2023,15:40,CHOQUE,3,0,2,CUSCO,QUISPICANCHI,LUCRE,RURAL,CARRETERA,NACIONAL,PE-3S,NO,-13.60728771674809,-71.75006585222444,LLUVIOSO,COMERCIAL,TRAMO RECTO,PLANA ,ASFALTADA,NO,,,SI,IMPRUDENCIA DEL CONDUCTOR,INVASIÓN DE CARRIL
A-2023-09-82,28/09/2023,17:30,CHOQUE,1,0,2,LA LIBERTAD,CHEPEN,PACANGA,RURAL,CARRETERA,NACIONAL,PE-1N,NO,-7.091828,-79.526483,DESPEJADO,RURAL,TRAMO RECTO,PLANA ,ASFALTADA,,,,,IMPRUDENCIA DEL CONDUCTOR,CONDUCIR EN ESTADO DE EBRIEDAD Y/O DROGADICCIÓN
A-2023-09-88,28/09/2023,18:00,ESPECIAL,1,0,,AREQUIPA,CAYLLOMA,TAPAY,URBANA,CARRETERA,SIN CLASIFICAR,SIN CLASIFICAR,NO,-15.470647,-71.958601,DESPEJADO,RESIDENCIAL,TÚNEL,PLANA ,CONCRETO,,,,,NO IDENTIFICA LA CAUSA,
A-2023-09-142,28/09/2023,19:30,ATROPELLO FUGA,1,0,,LIMA,LIMA,CHACLACAYO,URBANA,CARRETERA,NACIONAL,PE-22,NO,-11.992203,-76.825113,DESPEJADO,RESIDENCIAL,INTERSECCIÓN,PLANA ,ASFALTADA,,,,,NO IDENTIFICA LA CAUSA,
A-2023-09-111,28/09/2023,20:50,ATROPELLO,1,0,,JUNIN,HUANCAYO,SAPALLANGA,RURAL,CARRETERA,VECINAL,JU-1044,NO,-12.123967869128,-75.1731287049671,DESPEJADO,RURAL,TRAMO RECTO,PLANA ,ASFALTADA,,,,,IMPRUDENCIA DEL PEATÓN,ESTADO DE EBRIEDAD Y/O DROGADICCIÓN
A-2023-09-145,28/09/2023,21:00,CHOQUE CON OBJETO FIJO,1,0,,LIMA,LIMA,CIENEGUILLA,RURAL,AVENIDA,URBANO,NO CORRESPONDE,NO,-12.09060189,-76.77498552,DESPEJADO,RURAL,INTERSECCIÓN,PLANA ,TROCHA,,,,,NO IDENTIFICA LA CAUSA,
A-2021-10-204,28/10/2021,06:55,ESPECIAL,1,0,0,LIMA,LIMA,LURIGANCHO,URBANA,CALLE,URBANO,NO CORRESPONDE,NO,-11.997801400730856,-76.86925638363198,DESPEJADO,COMERCIAL,TRAMO RECTO,PLANA ,CONCRETO,,,,,NO IDENTIFICA LA CAUSA,
A-2021-10-150,28/10/2021,07:45,DESPISTE,1,2,1,HUANCAVELICA,TAYACAJA,ACOSTAMBO,RURAL,CARRETERA,NACIONAL,PE-3S,NO,-12.3657552,-75.0411332,DESPEJADO,RURAL,CURVA,INCLINADA,ASFALTADA,SI,PREVENTIVA (P),,SI,NO IDENTIFICA LA CAUSA,
A-2021-10-141,28/10/2021,14:30,VOLCADURA,3,0,1,CAJAMARCA,CELENDIN,MIGUEL IGLESIAS,RURAL,CARRETERA,VECINAL,CA-983,NO,-6.57825348,-78.30973257,DESPEJADO,RURAL,CURVA,INCLINADA,AFIRMADO,,,,,NO IDENTIFICA LA CAUSA,
A-2021-10-205,28/10/2021,17:00,CHOQUE,1,1,0,LIMA,LIMA,COMAS,URBANA,AVENIDA,URBANO,NO CORRESPONDE,NO,-11.957693800715779,-77.04924865652266,DESPEJADO,COMERCIAL,INTERSECCIÓN,PLANA ,ASFALTADA,,,,,NO IDENTIFICA LA CAUSA,
A-2021-10-136,28/10/2021,17:50,DESPISTE,1,2,1,CAJAMARCA,CAJAMARCA,CAJAMARCA,RURAL,CARRETERA,VECINAL,CA-1330,NO,-7.1424689,-78.58586446,DESPEJADO,RURAL,TRAMO RECTO,PLANA ,ASFALTADA,,,,,IMPRUDENCIA DEL CONDUCTOR,EXCESO DE VELOCIDAD
A-2021-10-118,28/10/2021,20:30,CHOQUE,1,2,2,ICA,PISCO,SAN CLEMENTE,RURAL,CARRETERA,NACIONAL,PE-1S,NO,-13.666781,-76.151503,DESPEJADO,RURAL,TRAMO RECTO,PLANA ,ASFALTADA,,,,,NO IDENTIFICA LA CAUSA,
A-2022-10-58,28/10/2022,13:20,DESPISTE,1,0,1,PUNO,CHUCUITO,DESAGUADERO,RURAL,CARRETERA,DEPARTAMENTAL,PU-152,NO,-16.6335463,-69.1100662,DESPEJADO,RURAL,TRAMO RECTO,PLANA ,ASFALTADA,,,,,IMPRUDENCIA DEL CONDUCTOR,FATIGA Y/O CANSANCIO
A-2022-10-169,28/10/2022,16:00,DESPISTE,1,1,1,PIURA,PIURA,LA ARENA,RURAL,CARRETERA,SIN CLASIFICAR,SIN CLASIFICAR,NO,-5.33114555578513,-80.7309745498571,DESPEJADO,RURAL,TRAMO RECTO,PLANA ,ASFALTADA,,,,,IMPRUDENCIA DEL CONDUCTOR,CONDUCIR EN ESTADO DE EBRIEDAD Y/O DROGADICCIÓN
A-2022-10-120,28/10/2022,18:00,DESPISTE,1,0,,AYACUCHO,HUAMANGA,CHIARA,RURAL,CARRETERA,VECINAL,AY-765,NO,-13.27988823210462,-74.20784530052758,DESPEJADO,RURAL,TRAMO RECTO,INCLINADA,ASFALTADA,SI,PREVENTIVA (P),REGULADORA (R),SI,IMPRUDENCIA DEL CONDUCTOR,FATIGA Y/O CANSANCIO
A-2022-10-170,28/10/2022,18:00,DESPISTE,1,0,1,PIURA,SECHURA,VICE,RURAL,CARRETERA,VECINAL,PI-1067,NO,-5.436585,-80.782746,DESPEJADO,RURAL,TRAMO RECTO,PLANA ,ASFALTADA,,,,,IMPRUDENCIA DEL CONDUCTOR,CONDUCIR EN ESTADO DE EBRIEDAD Y/O DROGADICCIÓN
A-2022-10-89,28/10/2022,18:40,CHOQUE,1,0,2,LAMBAYEQUE,LAMBAYEQUE,JAYANCA,URBANA,CARRETERA,NACIONAL,PE-1NJ,NO,-6.366941,-79.789168,DESPEJADO,RURAL,TRAMO RECTO,PLANA ,ASFALTADA,,,,,NO IDENTIFICA LA CAUSA,
A-2022-10-77,28/10/2022,19:30,DESPISTE,1,0,1,PUNO,SANDIA,LIMBANI,RURAL,CARRETERA,DEPARTAMENTAL,PU-106,NO,-14.163988,-69.691694,DESPEJADO,RURAL,CURVA,PLANA ,TROCHA,,,,,IMPRUDENCIA DEL CONDUCTOR,EXCESO DE VELOCIDAD
A-2022-10-193,28/10/2022,21:30,DESPISTE,1,1,1,ICA,NASCA,VISTA ALEGRE,URBANA,CARRETERA,NACIONAL,PE-1S,NO,-14.8514547,-74.9574237,DESPEJADO,COMERCIAL,TRAMO RECTO,PLANA ,ASFALTADA,,,,,NO IDENTIFICA LA CAUSA,
A-2023-10-129,28/10/2023,02:00,ATROPELLO,1,2,,LIMA,LIMA,LURIGANCHO,URBANA,CARRETERA,NACIONAL,PE-22,NO,-12.021163150147277,-76.92976775024461,DESPEJADO,INDUSTRIAL,TRAMO RECTO,PLANA ,ASFALTADA,,,,,NO IDENTIFICA LA CAUSA,
A-2023-10-130,28/10/2023,04:30,ATROPELLO FUGA,1,0,,LIMA,LIMA,EL AGUSTINO,URBANA,AVENIDA,URBANO,NO CORRESPONDE,NO,-12.04343902,-76.98602879,DESPEJADO,RESIDENCIAL,TRAMO RECTO,PLANA ,ASFALTADA,,,,,NO IDENTIFICA LA CAUSA,
A-2023-10-73,28/10/2023,07:10,CHOQUE FUGA,1,0,,PIURA,PIURA,CASTILLA,RURAL,CARRETERA,NACIONAL,PE-1NJ,NO,-5.191842,-80.608285,DESPEJADO,RURAL,TRAMO RECTO,PLANA ,ASFALTADA,,,,,,
A-2021-11-178,28/11/2021,00:50,CHOQUE,1,0,,LORETO,MAYNAS,SAN JUAN BAUTISTA,RURAL,CARRETERA,DEPARTAMENTAL,LO-103,,-3.8429953235438594,-73.33473795067201,,,,,,,,,,,
A-2021-11-193,28/11/2021,01:59,ATROPELLO,1,0,1,LIMA,HUARAL,CHANCAY,URBANA,CARRETERA,NACIONAL,PE-1N,NO,-11.59467336960713,-77.25587577000407,DESPEJADO,RESIDENCIAL,TRAMO RECTO,INCLINADA,ASFALTADA,,,,,IMPRUDENCIA DEL PEATÓN,CRUCE INDEBIDO POR LA CALZADA
A-2021-11-104,28/11/2021,02:17,ATROPELLO,1,0,1,CAJAMARCA,CAJAMARCA,LOS BAÑOS DEL INCA,URBANA,CARRETERA,NACIONAL,PE-08B,NO,-7.16167,-78.4636,DESPEJADO,RESIDENCIAL,CURVA,PLANA ,ASFALTADA,,,,,NO IDENTIFICA LA CAUSA,
A-2021-11-91,28/11/2021,03:30,DESPISTE,1,0,1,LA LIBERTAD,SANTIAGO DE CHUCO,ANGASMARCA,RURAL,CARRETERA,NACIONAL,PE-3N,NO,-8.125711,-78.037049,DESPEJADO,RURAL,TRAMO RECTO,PLANA ,AFIRMADO,,,,,IMPRUDENCIA DEL CONDUCTOR,CONDUCIR EN ESTADO DE EBRIEDAD Y/O DROGADICCIÓN
A-2021-11-189,28/11/2021,05:30,ATROPELLO,1,0,0,LIMA,LIMA,INDEPENDENCIA,URBANA,CARRETERA,NACIONAL,PE-1N,NO,-11.985648529695185,-77.06467143077859,DESPEJADO,COMERCIAL,TRAMO RECTO,PLANA ,ASFALTADA,,,,,NO IDENTIFICA LA CAUSA,
A-2021-11-163,28/11/2021,07:00,DESPISTE,5,0,1,PIURA,PIURA,CASTILLA,RURAL,CARRETERA,DEPARTAMENTAL,PI-126,NO,-5.162199,-80.613356,DESPEJADO,RURAL,CURVA,PLANA ,AFIRMADO,,,,,NO IDENTIFICA LA CAUSA,
A-2021-11-69,28/11/2021,13:20,CHOQUE,1,6,2,AREQUIPA,AREQUIPA,CHARACATO,URBANA,AVENIDA,URBANO,NO CORRESPONDE,NO,-16.4657702,-71.4938959,DESPEJADO,RESIDENCIAL,CURVA,INCLINADA,ASFALTADA,,,,,NO IDENTIFICA LA CAUSA,
A-2021-11-95,28/11/2021,14:30,CHOQUE FUGA,1,0,1,ICA,NASCA,NASCA,RURAL,CARRETERA,NACIONAL,PE-1S,NO,-14.829565,-74.943561,DESPEJADO,RURAL,TRAMO RECTO,PLANA ,ASFALTADA,,,,,NO IDENTIFICA LA CAUSA,
A-2021-11-72,28/11/2021,18:00,DESPISTE,1,3,1,ICA,NASCA,NASCA,RURAL,CARRETERA,NACIONAL,PE-1S,NO,-14.877768,-74.993321,DESPEJADO,RURAL,TRAMO RECTO,PLANA ,ASFALTADA,,,,,NO IDENTIFICA LA CAUSA,
A-2021-11-96,28/11/2021,20:30,DESPISTE,1,2,1,ICA,PISCO,PARACAS,RURAL,CARRETERA,NACIONAL,PE-1S,NO,-13.8884303,-76.1007584,DESPEJADO,RURAL,TRAMO RECTO,PLANA ,ASFALTADA,,,,,NO IDENTIFICA LA CAUSA,
A-2021-11-75,28/11/2021,21:15,CHOQUE,1,1,2,SAN MARTIN,MOYOBAMBA,CALZADA,RURAL,CARRETERA,NACIONAL,PE-5N,NO,-6.037476,-77.123668,DESPEJADO,RURAL,TRAMO RECTO,PLANA ,ASFALTADA,,,,,NO IDENTIFICA LA CAUSA,
A-2021-11-190,28/11/2021,22:30,ATROPELLO FUGA,1,0,0,LIMA,LIMA,VILLA EL SALVADOR,URBANA,AVENIDA,URBANO,NO CORRESPONDE,NO,-12.229476806894018,-76.92050802745351,DESPEJADO,INDUSTRIAL,INTERSECCIÓN,PLANA ,ASFALTADA,,,,,NO IDENTIFICA LA CAUSA,
A-2022-11-154,28/11/2022,05:30,DESPISTE,1,0,,LIMA,LIMA,SAN MARTIN DE PORRES,URBANA,CARRETERA,NACIONAL,PE-1N,NO,-12.015476,-77.060042,DESPEJADO,COMERCIAL,TRAMO RECTO,PLANA ,ASFALTADA,,,,,NO IDENTIFICA LA CAUSA,
A-2022-11-240,28/11/2022,17:00,DESPISTE,1,1,1,AYACUCHO,VICTOR FAJARDO,ALCAMENCA,RURAL,CARRETERA,VECINAL,AY-1099,NO,-13.6518741920166,-74.1347276771314,DESPEJADO,RURAL,CURVA,INCLINADA,AFIRMADO,,,,,IMPRUDENCIA DEL CONDUCTOR,CONDUCIR EN ESTADO DE EBRIEDAD Y/O DROGADICCIÓN
A-2022-11-68,28/11/2022,19:00,CHOQUE,1,1,3,LAMBAYEQUE,LAMBAYEQUE,MOCHUMI,RURAL,CARRETERA,NACIONAL,PE-1NJ,NO,-6.557046,-79.868481,DESPEJADO,RURAL,TRAMO RECTO,PLANA ,ASFALTADA,,,,,NO IDENTIFICA LA CAUSA,
A-2023-11-138,28/11/2023,04:40,ATROPELLO FUGA,1,0,,LIMA,LIMA,RIMAC,URBANA,CARRETERA,NACIONAL,PE-1N,NO,-12.04196646,-77.01998696,DESPEJADO,COMERCIAL,TRAMO RECTO,INCLINADA,ASFALTADA,,,,,,
A-2023-11-60,28/11/2023,09:15,ATROPELLO,1,0,1,LIMA,HUAURA,SANTA MARIA,URBANA,CALLE,URBANO,NO CORRESPONDE,NO,-11.109567850540602,-77.58845593015225,DESPEJADO,RESIDENCIAL,INTERSECCIÓN,PLANA ,ASFALTADA,,,,,IMPRUDENCIA DEL PEATÓN,CRUCE INDEBIDO POR LA CALZADA
A-2023-11-104,28/11/2023,11:45,CHOQUE,1,0,,PIURA,PIURA,VEINTISEIS DE OCTUBRE,URBANA,AVENIDA,URBANO,NO CORRESPONDE,NO,-5.17956956966073,-80.6778761225774,DESPEJADO,RURAL,INTERSECCIÓN,PLANA ,ASFALTADA,,,,,IMPRUDENCIA DEL CONDUCTOR,OTRO (IMPRUDENCIA DEL CONDUCTOR)
A-2023-11-52,28/11/2023,13:20,CHOQUE,1,0,2,LA LIBERTAD,VIRU,VIRU,RURAL,CARRETERA,VECINAL,LI-1154,NO,-8.444481465302472,-78.81420865324863,DESPEJADO,RURAL,TRAMO RECTO,PLANA ,AFIRMADO,,,,,NO IDENTIFICA LA CAUSA,
A-2023-11-144,28/11/2023,15:50,ATROPELLO,1,0,1,TACNA,CANDARAVE,CAMILACA,RURAL,CARRETERA,VECINAL,TA-515,NO,-17.320923,-70.433619,DESPEJADO,RURAL,TRAMO RECTO,PLANA ,ASFALTADA,,,,,IMPRUDENCIA DEL PEATÓN,CRUCE INDEBIDO POR LA CALZADA