CÓDIGO SINIESTRO,FECHA SINIESTRO,HORA SINIESTRO,CLASE SINIESTRO,CANTIDAD DE FALLECIDOS,CANTIDAD DE LESIONADOS,CANTIDAD DE VEHICULOS DAÑADOS,DEPARTAMENTO,PROVINCIA,DISTRITO,ZONA,TIPO DE VÍA,RED VIAL,COD CARRETERA,EXISTE CICLOVÍA,COORDENADAS LATITUD,COORDENADAS  LONGITUD,CONDICIÓN CLIMÁTICA,ZONIFICACIÓN,CARACTERÍSTICAS DE VÍA,PERFIL LONGITUDINAL VÍA,SUPERFICIE DE CALZADA,¿EXISTE SEÑAL VERTICAL?,CLASIFICACIÓN DE LA SEÑAL VERTICAL Nº 1,CLASIFICACIÓN DE LA SEÑAL VERTICAL Nº 2,¿EXISTE SEÑAL HORIZONTAL?,CAUSA FACTOR PRINCIPAL,CAUSA ESPECÍFICA
A-2022-10-93,30/10/2022,06:30,DESPISTE,1,0,1,TACNA,TACNA,LA YARADA LOS PALOS,RURAL,CARRETERA,NACIONAL,PE-1SD,NO,-18.17035,-70.48922,DESPEJADO,RURAL,TRAMO RECTO,PLANA ,ASFALTADA,,,,,NEGLIGENCIA DEL CONDUCTOR,CONDUCIR CON FALLAS DE NEUMÁTICOS
A-2022-10-130,30/10/2022,07:40,CHOQUE,1,0,,LIMA,LIMA,ANCON,RURAL,CARRETERA,NACIONAL,PE-1N,NO,-11.745722,-77.141868,DESPEJADO,RURAL,TRAMO RECTO,PLANA ,ASFALTADA,,,,,NO IDENTIFICA LA CAUSA,
A-2022-10-129,30/10/2022,16:30,CHOQUE FUGA,1,1,,LIMA,LIMA,LOS OLIVOS,URBANA,JIRÓN,URBANO,NO CORRESPONDE,NO,-12.009299,-77.073535,DESPEJADO,COMERCIAL,INTERSECCIÓN,PLANA ,ASFALTADA,,,,,NO IDENTIFICA LA CAUSA,
A-2022-10-128,30/10/2022,21:30,CHOQUE,1,1,,LIMA,LIMA,VILLA MARIA DEL TRIUNFO,URBANA,AVENIDA,URBANO,NO CORRESPONDE,NO,-12.194665,-76.934638,DESPEJADO,COMERCIAL,INTERSECCIÓN,PLANA ,ASFALTADA,,,,,NO IDENTIFICA LA CAUSA,
A-2022-10-185,30/10/2022,22:00,DESPISTE,1,0,1,PIURA,SULLANA,SULLANA,URBANA,CARRETERA,NACIONAL,PE-1NL,NO,-4.919,-80.65,DESPEJADO,RURAL,TRAMO RECTO,PLANA ,ASFALTADA,,,,,EN PROCESO DE INVESTIGACIÓN,NO CUENTA CON CAUSA ESPECIFICA
A-2022-10-116,30/10/2022,22:30,ESPECIAL,1,0,,AYACUCHO,HUAMANGA,VINCHOS,RURAL,CARRETERA,NACIONAL,PE-28A,NO,-13.34596,-74.395226,DESPEJADO,RURAL,TRAMO RECTO,PLANA ,ASFALTADA,SI,PREVENTIVA (P),,NO,IMPRUDENCIA DEL CONDUCTOR,OTRO (IMPRUDENCIA DEL CONDUCTOR)
A-2023-10-94,30/10/2023,05:40,DESPISTE,1,8,1,AYACUCHO,HUAMANGA,CHIARA,URBANA,CARRETERA,NACIONAL,PE-3S,NO,-13.278107874413228,-74.23038639661108,DESPEJADO,RURAL,CURVA,INCLINADA,ASFALTADA,,,,,IMPRUDENCIA DEL CONDUCTOR,EXCESO DE VELOCIDAD
A-2023-10-58,30/10/2023,18:20,CHOQUE,1,2,2,LA LIBERTAD,CHEPEN,PACANGA,RURAL,CARRETERA,NACIONAL,PE-1N,NO,-7.122333313929911,-79.4840239937687,DESPEJADO,RURAL,TRAMO RECTO,PLANA ,ASFALTADA,,,,,NO IDENTIFICA LA CAUSA,
A-2023-10-64,30/10/2023,19:10,ATROPELLO,1,3,1,TUMBES,ZARUMILLA,PAPAYAL,RURAL,CARRETERA,DEPARTAMENTAL,TU-101,NO,-3.5492023771904098,-80.22660463446178,DESPEJADO,RURAL,TRAMO RECTO,PLANA ,ASFALTADA,,,,,IMPRUDENCIA DEL CONDUCTOR,CONDUCIR EN ESTADO DE EBRIEDAD Y/O DROGADICCIÓN
A-2023-10-85,30/10/2023,23:50,DESPISTE,1,0,1,PUNO,AZANGARO,SAN ANTON,RURAL,CARRETERA,NACIONAL,PE-34B,NO,-14.539008229102206,-70.28918346384991,DESPEJADO,RURAL,TRAMO RECTO,PLANA ,ASFALTADA,,,,,INFRAESTRUCTURA Y ENTORNO VIAL,OTRO (INFRAESTRUCTURA Y ENTORNO VIAL)
A-2021-11-94,30/11/2021,00:00,DESPISTE,1,1,1,APURIMAC,ANDAHUAYLAS,KISHUARA,RURAL,CARRETERA,DEPARTAMENTAL,AP-100,NO,-13.537237,-73.181034,LLUVIOSO,RURAL,CURVA,INCLINADA,TROCHA,,,,,INFRAESTRUCTURA Y ENTORNO VIAL,FACTOR AMBIENTAL
A-2021-11-93,30/11/2021,21:05,ATROPELLO,1,0,1,LA LIBERTAD,TRUJILLO,EL PORVENIR,RURAL,AVENIDA,URBANO,NO CORRESPONDE,NO,-8.087147,-79.002193,DESPEJADO,RURAL,TRAMO RECTO,PLANA ,ASFALTADA,,,,,IMPRUDENCIA DEL PEATÓN,CRUCE INDEBIDO POR LA CALZADA
A-2022-11-237,30/11/2022,03:30,DESPISTE,1,0,,LIMA,LIMA,SANTIAGO DE SURCO,URBANA,CARRETERA,NACIONAL,PE-1S,NO,-12.09583,-76.980239,DESPEJADO,COMERCIAL,TRAMO RECTO,INCLINADA,ASFALTADA,SI,REGULADORA (R),,SI,IMPRUDENCIA DEL CONDUCTOR,OTRO (IMPRUDENCIA DEL CONDUCTOR)
A-2022-11-114,30/11/2022,07:00,CAÍDA DE PASAJERO,1,0,0,LAMBAYEQUE,LAMBAYEQUE,LAMBAYEQUE,RURAL,CARRETERA,VECINAL,LA-691,NO,-6.6893309,-79.9004973,DESPEJADO,RURAL,TRAMO RECTO,PLANA ,TROCHA,,,,,NO IDENTIFICA LA CAUSA,
A-2022-11-196,30/11/2022,08:30,CHOQUE,1,4,2,JUNIN,SATIPO,SATIPO,RURAL,CARRETERA,NACIONAL,PE-24A,NO,-11.244718413375502,-74.6359741146946,DESPEJADO,COMERCIAL,TRAMO RECTO,PLANA ,ASFALTADA,,,,,IMPRUDENCIA DEL CONDUCTOR,FATIGA Y/O CANSANCIO
A-2022-11-41,30/11/2022,10:00,ATROPELLO,1,0,0,CUSCO,ANTA,ZURITE,URBANA,CALLE,URBANO,NO CORRESPONDE,NO,-13.45579555624085,-72.25418596413121,SOLEADO,RURAL,TRAMO RECTO,PLANA ,CASCAJO/RIPIO,,,,,IMPRUDENCIA DEL CONDUCTOR,OTRO (IMPRUDENCIA DEL CONDUCTOR)
A-2022-11-197,30/11/2022,13:15,VOLCADURA,1,0,,LORETO,MAYNAS,IQUITOS,URBANA,AVENIDA,URBANO,NO CORRESPONDE,NO,-3.7494781,-73.2569224,DESPEJADO,INDUSTRIAL,TRAMO RECTO,PLANA ,ASFALTADA,,,,,IMPRUDENCIA DEL CONDUCTOR,INVASIÓN DE CARRIL
A-2022-11-69,30/11/2022,18:20,ATROPELLO FUGA,1,0,1,CUSCO,ANTA,ANTA,URBANA,CARRETERA,NACIONAL,PE-3S,NO,-13.4730593,-72.1321214,DESPEJADO,RESIDENCIAL,TRAMO RECTO,PLANA ,ASFALTADA,SI,PREVENTIVA (P),,SI,IMPRUDENCIA DEL CONDUCTOR,EXCESO DE VELOCIDAD
A-2022-11-184,30/11/2022,22:00,CHOQUE FUGA,2,1,1,JUNIN,JUNIN,JUNIN,RURAL,CARRETERA,NACIONAL,PE-3N,NO,-10.985450577895019,-76.03603285812332,DESPEJADO,RURAL,TRAMO RECTO,PLANA ,ASFALTADA,NO,,,SI,IMPRUDENCIA DEL CONDUCTOR,EXCESO DE VELOCIDAD
A-2023-11-54,30/11/2023,04:50,CHOQUE,1,0,2,LA LIBERTAD,VIRU,GUADALUPITO,RURAL,CARRETERA,NACIONAL,PE-1N,NO,-8.71773,-78.636349,DESPEJADO,RURAL,TRAMO RECTO,PLANA ,ASFALTADA,,,,,NO IDENTIFICA LA CAUSA,
A-2023-11-86,30/11/2023,09:00,ATROPELLO,1,0,,JUNIN,HUANCAYO,HUAYUCACHI,URBANA,CARRETERA,NACIONAL,PE-3S,NO,-12.122053433707189,-75.21870014405582,DESPEJADO,RESIDENCIAL,TRAMO RECTO,PLANA ,ASFALTADA,NO,,,SI,IMPRUDENCIA DEL CONDUCTOR,OTRO (IMPRUDENCIA DEL CONDUCTOR)
A-2023-11-53,30/11/2023,12:40,CHOQUE,1,0,2,LA LIBERTAD,TRUJILLO,VICTOR LARCO HERRERA,URBANA,CARRETERA,NACIONAL,PE-1N,NO,-8.142941314344641,-79.02747500593753,DESPEJADO,INDUSTRIAL,CURVA,PLANA ,ASFALTADA,,,,,NO IDENTIFICA LA CAUSA,
A-2023-11-55,30/11/2023,19:30,CHOQUE,1,1,2,LA LIBERTAD,CHEPEN,CHEPEN,RURAL,CARRETERA,NACIONAL,PE-08,NO,-7.284048866827425,-79.31384107523171,DESPEJADO,RURAL,TRAMO RECTO,PLANA ,ASFALTADA,,,,,IMPRUDENCIA DEL CONDUCTOR,DESACATO DE SEÑAL DE TRÁNSITO
A-2023-11-56,30/11/2023,19:35,ATROPELLO FUGA,1,0,,PUNO,CHUCUITO,POMATA,RURAL,CARRETERA,DEPARTAMENTAL,PU-130,NO,-16.2931678,-69.2315312,DESPEJADO,RURAL,TRAMO RECTO,PLANA ,ASFALTADA,,,,,NO IDENTIFICA LA CAUSA,
A-2021-12-135,30/12/2021,01:30,DESPISTE,1,0,1,CAJAMARCA,CAJABAMBA,CACHACHI,RURAL,CARRETERA,SIN CLASIFICAR,SIN CLASIFICAR,NO,-7.6183,-78.32917,DESPEJADO,RURAL,CURVA,PLANA ,AFIRMADO,,,,,NO IDENTIFICA LA CAUSA,
A-2021-12-97,30/12/2021,06:30,CHOQUE,1,0,2,PUNO,CHUCUITO,DESAGUADERO,RURAL,CARRETERA,NACIONAL,PE-36A,NO,-16.58572099912765,-69.06567490499069,DESPEJADO,RURAL,TRAMO RECTO,INCLINADA,ASFALTADA,NO,,,SI,IMPRUDENCIA DEL CONDUCTOR,OTRO (IMPRUDENCIA DEL CONDUCTOR)
A-2021-12-217,30/12/2021,11:30,DESPISTE,1,4,1,LIMA,LIMA,LURIN,URBANA,CARRETERA,NACIONAL,PE-1S,NO,-12.301834,-76.845125,SOLEADO,RESIDENCIAL,TRAMO RECTO,PLANA ,ASFALTADA,,,,,NO IDENTIFICA LA CAUSA,
A-2022-12-125,30/12/2022,00:30,CHOQUE,1,0,2,PUNO,HUANCANE,TARACO,RURAL,CARRETERA,NACIONAL,PE-34H,NO,-15.2934527,-69.9602214,DESPEJADO,RURAL,TRAMO RECTO,PLANA ,ASFALTADA,,,,,IMPRUDENCIA DEL CONDUCTOR,EXCESO DE VELOCIDAD
A-2022-12-232,30/12/2022,02:38,CHOQUE,1,0,,LIMA,LIMA,ATE,URBANA,CARRETERA,NACIONAL,PE-1S,NO,-12.067143,-76.971589,DESPEJADO,COMERCIAL,TRAMO RECTO,INCLINADA,ASFALTADA,,,,,EN PROCESO DE INVESTIGACIÓN,NO CUENTA CON CAUSA ESPECIFICA
A-2022-12-113,30/12/2022,04:20,ATROPELLO,1,0,1,PUNO,AZANGARO,ASILLO,RURAL,CARRETERA,NACIONAL,PE-34B,NO,-14.674068728944974,-70.3663212984862,DESPEJADO,RURAL,TRAMO RECTO,PLANA ,ASFALTADA,,,,,IMPRUDENCIA DEL PEATÓN,CRUCE INDEBIDO POR LA CALZADA
A-2022-12-201,30/12/2022,07:30,CHOQUE,1,1,2,JUNIN,JAUJA,MUQUI,RURAL,CARRETERA,NACIONAL,PE-3SB,NO,-11.82719,-75.445205,DESPEJADO,RURAL,TRAMO RECTO,PLANA ,ASFALTADA,NO,,,SI,IMPRUDENCIA DEL CONDUCTOR,EXCESO DE VELOCIDAD
A-2022-12-221,30/12/2022,11:30,CHOQUE CON OBJETO FIJO,1,0,1,PIURA,SULLANA,SULLANA,RURAL,CARRETERA,VECINAL,PI-579,NO,-4.907168007108716,-80.63694425970394,DESPEJADO,RURAL,OTRO,PLANA ,AFIRMADO,,,,,IMPRUDENCIA DEL CONDUCTOR,OTRO (IMPRUDENCIA DEL CONDUCTOR)
A-2022-12-92,30/12/2022,20:40,ATROPELLO,1,0,1,LAMBAYEQUE,CHICLAYO,CHICLAYO,URBANA,AVENIDA,URBANO,NO CORRESPONDE,NO,-6.7644239,-79.8592299,DESPEJADO,RESIDENCIAL,INTERSECCIÓN,PLANA ,ASFALTADA,,,,,NO IDENTIFICA LA CAUSA,
A-2023-12-136,30/12/2023,05:00,ATROPELLO FUGA,1,0,0,TACNA,TACNA,CORONEL GREGORIO ALBARRACIN LANCHIPA,URBANA,CALLE,URBANO,NO CORRESPONDE,NO,-18.04527,-70.25699,DESPEJADO,COMERCIAL,TRAMO RECTO,PLANA ,ASFALTADA,,,,,IMPRUDENCIA DEL CONDUCTOR,OTRO (IMPRUDENCIA DEL CONDUCTOR)
A-2023-12-120,30/12/2023,08:30,ATROPELLO,1,0,,LIMA,LIMA,LA VICTORIA,URBANA,AVENIDA,URBANO,NO CORRESPONDE,NO,-12.06107519,-77.02373421,DESPEJADO,RESIDENCIAL,INTERSECCIÓN,PLANA ,ASFALTADA,,,,,,
A-2023-12-119,30/12/2023,11:52,CHOQUE,1,0,,LIMA,LIMA,SAN MIGUEL,URBANA,AVENIDA,URBANO,NO CORRESPONDE,NO,-12.07471664,-77.0989776,DESPEJADO,COMERCIAL,INTERSECCIÓN,PLANA ,ASFALTADA,SI,INFORMATIVA (I),,SI,,
A-2023-12-68,30/12/2023,14:15,CHOQUE,1,3,2,AREQUIPA,AREQUIPA,LA JOYA,RURAL,CARRETERA,NACIONAL,PE-1S,NO,-16.600953,-71.855038,DESPEJADO,RURAL,TRAMO RECTO,PLANA ,ASFALTADA,NO,,,SI,NO IDENTIFICA LA CAUSA,
A-2023-12-144,30/12/2023,18:50,CHOQUE,1,0,2,PUNO,LAMPA,SANTA LUCIA,RURAL,CARRETERA,NACIONAL,PE-34A,NO,-15.6931912,-70.5982846,DESPEJADO,RURAL,TRAMO RECTO,PLANA ,ASFALTADA,,,,,IMPRUDENCIA DEL CONDUCTOR,INVASIÓN DE CARRIL
A-2023-12-51,30/12/2023,19:40,CHOQUE FUGA,1,2,1,LA LIBERTAD,VIRU,CHAO,RURAL,CARRETERA,NACIONAL,PE-1N,NO,-8.524511100100609,-78.68306559031146,DESPEJADO,RURAL,TRAMO RECTO,PLANA ,ASFALTADA,,,,,NO IDENTIFICA LA CAUSA,
A-2023-12-122,30/12/2023,22:30,CHOQUE,1,0,1,SAN MARTIN,RIOJA,NUEVA CAJAMARCA,URBANA,CARRETERA,NACIONAL,PE-5N,NO,-5.90816563543019,-77.3238866475747,DESPEJADO,ESCOLAR,TRAMO RECTO,PLANA ,ASFALTADA,SI,PREVENTIVA (P),REGULADORA (R),NO,IMPRUDENCIA DEL CONDUCTOR,OTRO (IMPRUDENCIA DEL CONDUCTOR)
A-2021-01-345,31/01/2021,02:50,CHOQUE,1,4,1,AREQUIPA,CARAVELI,CHAPARRA,RURAL,CARRETERA,NACIONAL,PE-1S,NO,-16.033304,-73.999519,DESPEJADO,RURAL,TRAMO RECTO,PLANA ,ASFALTADA,,,,,NO IDENTIFICA LA CAUSA,
A-2021-01-376,31/01/2021,15:30,CHOQUE,1,0,2,SAN MARTIN,MARISCAL CACERES,CAMPANILLA,RURAL,CARRETERA,VECINAL,SM-738,NO,-6.51496,-76.70329,DESPEJADO,RURAL,CURVA,PLANA ,ASFALTADA,,,,,IMPRUDENCIA DEL CONDUCTOR,EXCESO DE VELOCIDAD
A-2021-01-305,31/01/2021,19:30,CHOQUE,1,1,2,PIURA,MORROPON,CHULUCANAS,RURAL,CARRETERA,NACIONAL,PE-1NR,NO,-5.13616,-80.115052,DESPEJADO,RURAL,TRAMO RECTO,PLANA ,ASFALTADA,SI,REGULADORA (R),REGULADORA (R),SI,IMPRUDENCIA DEL CONDUCTOR,CONDUCIR EN ESTADO DE EBRIEDAD Y/O DROGADICCIÓN
A-2021-01-277,31/01/2021,21:20,CHOQUE,1,3,2,HUANUCO,LEONCIO PRADO,SANTO DOMINGO DE ANDA,RURAL,CARRETERA,NACIONAL,PE-5N,NO,-9.052429849137347,-76.07697428021588,DESPEJADO,RURAL,TRAMO RECTO,PLANA ,CONCRETO,,,,,IMPRUDENCIA DEL CONDUCTOR,EXCESO DE VELOCIDAD
A-2022-01-226,31/01/2022,03:50,CHOQUE,1,0,2,LAMBAYEQUE,LAMBAYEQUE,MORROPE,RURAL,CARRETERA,DEPARTAMENTAL,LA-105,NO,-6.4948,-79.93756,DESPEJADO,RURAL,TRAMO RECTO,PLANA ,ASFALTADA,,,,,NO IDENTIFICA LA CAUSA,
A-2022-01-279,31/01/2022,12:00,DESPISTE,1,1,0,LIMA,LIMA,SANTA ANITA,URBANA,AVENIDA,URBANO,NO CORRESPONDE,SI,-12.028669118024691,-76.9510746473504,DESPEJADO,COMERCIAL,INTERSECCIÓN,PLANA ,ASFALTADA,,,,,NO IDENTIFICA LA CAUSA,
A-2022-01-194,31/01/2022,13:00,CHOQUE,1,9,2,PUNO,EL COLLAO,ILAVE,RURAL,CARRETERA,NACIONAL,PE-38A,NO,-16.2569127,-69.6829824,DESPEJADO,RURAL,CURVA,INCLINADA,ASFALTADA,,,,,IMPRUDENCIA DEL CONDUCTOR,INVASIÓN DE CARRIL
A-2023-01-162,31/01/2023,02:00,CHOQUE,1,0,0,LIMA,LIMA,ATE,URBANA,AVENIDA,URBANO,NO CORRESPONDE,NO,-12.006141198990106,-76.82987693056809,DESPEJADO,RESIDENCIAL,TRAMO RECTO,PLANA ,ASFALTADA,,,,,IMPRUDENCIA DEL CONDUCTOR,NO ESTABLECER EL DERECHO DE PASO
A-2023-01-57,31/01/2023,09:20,DESPISTE,1,1,1,JUNIN,HUANCAYO,CULLHUAS,RURAL,CARRETERA,NACIONAL,PE-1NU,NO,-12.211415,-75.174176,DESPEJADO,RURAL,TRAMO RECTO,PLANA ,ASFALTADA,,,,,IMPRUDENCIA DEL CONDUCTOR,EXCESO DE VELOCIDAD
A-2023-01-83,31/01/2023,17:00,DESPISTE,1,0,1,CAJAMARCA,CAJAMARCA,NAMORA,URBANA,CARRETERA,NACIONAL,PE-3N,NO,-7.19434,-78.346385,DESPEJADO,RURAL,TRAMO RECTO,INCLINADA,ASFALTADA,NO,,,SI,IMPRUDENCIA DEL CONDUCTOR,EXCESO DE VELOCIDAD
A-2023-01-86,31/01/2023,23:00,ATROPELLO,1,0,1,CAJAMARCA,CHOTA,CHOTA,URBANA,CARRETERA,NACIONAL,PE-3N,NO,-6.606444,-78.623498,DESPEJADO,RESIDENCIAL,TRAMO RECTO,PLANA ,ASFALTADA,SI,REGULADORA (R),,SI,NO IDENTIFICA LA CAUSA,
A-2021-03-325,31/03/2021,05:30,CHOQUE,2,0,2,LAMBAYEQUE,FERREÑAFE,PUEBLO NUEVO,RURAL,CARRETERA,DEPARTAMENTAL,LA-111,NO,-6.63742782430162,-79.80798673523505,DESPEJADO,RURAL,TRAMO RECTO,PLANA ,ASFALTADA,,,,,NO IDENTIFICA LA CAUSA,
A-2021-03-378,31/03/2021,08:50,ATROPELLO,1,0,1,SAN MARTIN,SAN MARTIN,TARAPOTO,URBANA,JIRÓN,URBANO,NO CORRESPONDE,NO,-6.49013,-76.36175,DESPEJADO,COMERCIAL,INTERSECCIÓN,PLANA ,ASFALTADA,SI,PREVENTIVA (P),,SI,IMPRUDENCIA DEL CONDUCTOR,EXCESO DE VELOCIDAD
A-2021-03-292,31/03/2021,10:00,CHOQUE,1,3,3,AYACUCHO,HUAMANGA,AYACUCHO,RURAL,CARRETERA,NACIONAL,PE-3S,NO,-13.046056,-74.224796,LLUVIOSO,RURAL,CURVA,PLANA ,ASFALTADA,,,,,IMPRUDENCIA DEL CONDUCTOR,EXCESO DE VELOCIDAD
A-2021-03-298,31/03/2021,15:00,ESPECIAL,1,0,0,LIMA,HUAROCHIRI,SAN ANTONIO,URBANA,CARRETERA,DEPARTAMENTAL,LM-114,NO,-11.920510256918735,-76.87444854375725,DESPEJADO,INDUSTRIAL,TRAMO RECTO,PLANA ,ASFALTADA,,,,,NO IDENTIFICA LA CAUSA,
A-2021-03-312,31/03/2021,15:05,ATROPELLO,1,0,1,LAMBAYEQUE,CHICLAYO,CHONGOYAPE,RURAL,CARRETERA,NACIONAL,PE-06A,NO,-6.6321239,-79.3980907,DESPEJADO,RURAL,TRAMO RECTO,PLANA ,ASFALTADA,,,,,NO IDENTIFICA LA CAUSA,
A-2021-03-361,31/03/2021,15:45,ATROPELLO,1,0,0,LIMA,LIMA,SAN ISIDRO,URBANA,AVENIDA,URBANO,NO CORRESPONDE,SI,-12.096617,-77.055005,SOLEADO,RESIDENCIAL,TRAMO RECTO,PLANA ,ASFALTADA,,,,,IMPRUDENCIA DEL CONDUCTOR,OTRO (IMPRUDENCIA DEL CONDUCTOR)
A-2021-03-321,31/03/2021,17:50,DESPISTE,1,3,1,JUNIN,CONCEPCION,MITO,RURAL,CARRETERA,NACIONAL,PE-3SB,NO,-11.948392,-75.325018,LLUVIOSO,RURAL,TRAMO RECTO,PLANA ,ASFALTADA,,,,,,
A-2021-03-277,31/03/2021,21:00,ATROPELLO,1,1,1,ANCASH,CARHUAZ,TINCO,RURAL,CARRETERA,NACIONAL,PE-3N,NO,-9.269004270679785,-77.67599794945315,LLUVIOSO,RURAL,TRAMO RECTO,PLANA ,ASFALTADA,SI,PREVENTIVA (P),INFORMATIVA (I),SI,IMPRUDENCIA DEL CONDUCTOR,NO DAR PASO PREFERENTE AL PEATÓN
A-2021-03-313,31/03/2021,21:00,CHOQUE,1,0,2,LA LIBERTAD,ASCOPE,PAIJAN,RURAL,CARRETERA,NACIONAL,PE-1N,NO,-7.715331,-79.310961,DESPEJADO,RURAL,TRAMO RECTO,PLANA ,ASFALTADA,,,,,IMPRUDENCIA DEL CONDUCTOR,CONDUCIR EN ESTADO DE EBRIEDAD Y/O DROGADICCIÓN
A-2021-03-299,31/03/2021,21:40,ATROPELLO,1,0,,LIMA,LIMA,LURIN,URBANA,CARRETERA,NACIONAL,PE-1S,NO,-12.26131,-76.88271,DESPEJADO,RESIDENCIAL,TRAMO RECTO,PLANA ,ASFALTADA,,,,,IMPRUDENCIA DEL PEATÓN,ESTADO DE EBRIEDAD Y/O DROGADICCIÓN
A-2022-03-130,31/03/2022,04:20,VOLCADURA,1,3,1,AREQUIPA,AREQUIPA,SAN JUAN DE TARUCANI,RURAL,CARRETERA,NACIONAL,PE-34A,NO,-16.040969,-71.306209,DESPEJADO,RURAL,TRAMO RECTO,PLANA ,ASFALTADA,NO,,,SI,NO IDENTIFICA LA CAUSA,
A-2022-03-177,31/03/2022,06:30,DESPISTE,1,4,1,CAJAMARCA,JAEN,BELLAVISTA,RURAL,CARRETERA,NACIONAL,PE-5N,NO,-5.54315214,-78.81293259,DESPEJADO,RURAL,CURVA,INCLINADA,ASFALTADA,,,,,NO IDENTIFICA LA CAUSA,
A-2022-03-136,31/03/2022,13:10,CHOQUE,1,0,2,ICA,ICA,SANTIAGO,RURAL,CARRETERA,NACIONAL,PE-1S,NO,-14.338981,-75.657434,DESPEJADO,RURAL,TRAMO RECTO,PLANA ,ASFALTADA,,,,,NO IDENTIFICA LA CAUSA,
A-2022-03-149,31/03/2022,21:20,CHOQUE,1,0,2,PUNO,SAN ROMAN,SAN MIGUEL,RURAL,CARRETERA,NACIONAL,PE-3S,NO,-15.390739875213999,-70.15734758251114,DESPEJADO,RURAL,TRAMO RECTO,PLANA ,ASFALTADA,,,,,IMPRUDENCIA DEL CONDUCTOR,CONDUCIR EN SENTIDO CONTRARIO
A-2023-03-162,31/03/2023,05:00,DESPISTE,1,1,,JUNIN,JAUJA,ACOLLA,RURAL,CARRETERA,NACIONAL,PE-3SA,NO,-11.671501,-75.573306,DESPEJADO,RURAL,CURVA,PLANA ,ASFALTADA,NO,,,SI,IMPRUDENCIA DEL CONDUCTOR,OTRO (IMPRUDENCIA DEL CONDUCTOR)
A-2023-03-125,31/03/2023,07:00,DESPISTE,1,1,1,ICA,CHINCHA,GROCIO PRADO,RURAL,CARRETERA,NACIONAL,PE-1S,NO,-13.352328819001917,-76.22230765071272,DESPEJADO,RURAL,TRAMO RECTO,PLANA ,ASFALTADA,,,,,NO IDENTIFICA LA CAUSA,
A-2023-03-158,31/03/2023,12:30,CHOQUE,1,0,,LIMA,LIMA,SAN BORJA,URBANA,CARRETERA,NACIONAL,PE-1S,NO,-12.109276,-76.978491,DESPEJADO,RESIDENCIAL,TRAMO RECTO,PLANA ,ASFALTADA,,,,,IMPRUDENCIA DEL CONDUCTOR,OTRO (IMPRUDENCIA DEL CONDUCTOR)
A-2023-03-65,31/03/2023,19:00,ATROPELLO,1,0,1,AREQUIPA,AREQUIPA,LA JOYA,URBANA,CARRETERA,NACIONAL,PE-1S,NO,-16.49496287,-71.837143,DESPEJADO,COMERCIAL,TRAMO RECTO,PLANA ,ASFALTADA,NO,,,SI,NO IDENTIFICA LA CAUSA,
A-2021-05-315,31/05/2021,08:20,ATROPELLO,1,0,0,LIMA,LIMA,CHORRILLOS,URBANA,CALLE,URBANO,NO CORRESPONDE,NO,-12.16852548054847,-77.02117475237579,DESPEJADO,RESIDENCIAL,TRAMO RECTO,PLANA ,ASFALTADA,,,,,IMPRUDENCIA DEL PEATÓN,OTRO (IMPRUDENCIA DEL PEATÓN)
A-2021-05-246,31/05/2021,08:30,ATROPELLO,1,0,0,UCAYALI,CORONEL PORTILLO,YARINACOCHA,URBANA,JIRÓN,URBANO,NO CORRESPONDE,NO,-8.383529,-74.598973,DESPEJADO,RURAL,TRAMO RECTO,PLANA ,AFIRMADO,,,,,,
A-2021-05-272,31/05/2021,10:15,CHOQUE,1,6,2,LAMBAYEQUE,LAMBAYEQUE,PACORA,RURAL,CARRETERA,NACIONAL,PE-1NJ,NO,-6.447826279111889,-79.85437276207495,SOLEADO,RURAL,CURVA,PLANA ,ASFALTADA,SI,REGULADORA (R),REGULADORA (R),NO,NO IDENTIFICA LA CAUSA,
A-2021-05-289,31/05/2021,12:50,ATROPELLO,1,0,1,LAMBAYEQUE,CHICLAYO,POMALCA,RURAL,CARRETERA,NACIONAL,PE-06A,NO,-6.785794,-79.777171,SOLEADO,RURAL,INTERSECCIÓN,PLANA ,ASFALTADA,,,,,NO IDENTIFICA LA CAUSA,
A-2021-05-288,31/05/2021,15:55,CHOQUE,1,1,2,LAMBAYEQUE,CHICLAYO,REQUE,RURAL,CARRETERA,NACIONAL,PE-1N,NO,-6.883133,-79.811744,DESPEJADO,RURAL,TRAMO RECTO,PLANA ,ASFALTADA,SI,REGULADORA (R),REGULADORA (R),SI,NO IDENTIFICA LA CAUSA,
A-2023-05-94,31/05/2022,01:00,DESPISTE,1,0,1,JUNIN,JAUJA,POMACANCHA,RURAL,CARRETERA,VECINAL,JU-673,NO,-11.6667088728739,-75.6493071178522,DESPEJADO,RURAL,CURVA,INCLINADA,TROCHA,,,,,IMPRUDENCIA DEL CONDUCTOR,CONDUCIR EN ESTADO DE EBRIEDAD Y/O DROGADICCIÓN
A-2022-05-214,31/05/2022,05:00,DESPISTE,2,5,1,HUANUCO,HUANUCO,YARUMAYO,RURAL,CARRETERA,DEPARTAMENTAL,HU-111,NO,-9.978249,-76.438632,NIEBLA,RURAL,CURVA,INCLINADA,TROCHA,,,,,INFRAESTRUCTURA Y ENTORNO VIAL,FACTOR AMBIENTAL